chr12	1000	2000
chr12	2000	3000
chr12	4000	5000
chr12	5000	6000
chr12	6000	7000
chr12	7000	8000
chr12	8000	9000
chr12	9000	10000
chr12	10000	11000
chr12	11000	12000
chr12	13000	14000
chr12	14000	15000
chr12	17000	18000
chr12	18000	19000
chr12	21000	22000
chr12	22000	23000
chr12	25000	26000
chr12	26000	27000
chr12	27000	28000
chr12	28000	29000
chr12	30000	31000
chr12	31000	32000
chr12	33000	34000
chr12	34000	35000
chr12	35000	36000
chr12	36000	37000
chr12	37000	38000
chr12	39000	40000
chr12	40000	41000
chr12	41000	42000
chr12	42000	43000
chr12	44000	45000
chr12	46000	47000
chr12	47000	48000
chr12	48000	49000
chr12	49000	50000
chr12	50000	51000
chr12	51000	52000
chr12	53000	54000
chr12	54000	55000
chr12	55000	56000
chr12	56000	57000
chr12	58000	59000
chr12	59000	60000
chr12	60000	61000
chr12	61000	62000
chr12	62000	63000
chr12	63000	64000
chr12	64000	65000
chr12	65000	66000
chr12	66000	67000
chr12	71000	72000
chr12	72000	73000
chr12	74000	75000
chr12	75000	76000
chr12	76000	77000
chr12	77000	78000
chr12	78000	79000
chr12	79000	80000
chr12	80000	81000
chr12	81000	82000
chr12	84000	85000
chr12	85000	86000
chr12	87000	88000
chr12	88000	89000
chr12	89000	90000
chr12	90000	91000
chr12	91000	92000
chr12	92000	93000
chr12	93000	94000
chr12	94000	95000
chr12	95000	96000
chr12	96000	97000
chr12	97000	98000
chr12	98000	99000
chr12	99000	100000
chr12	100000	101000
chr12	101000	102000
chr12	102000	103000
chr12	103000	104000
chr12	104000	105000
chr12	105000	106000
chr12	106000	107000
chr12	107000	108000
chr12	108000	109000
chr12	110000	111000
chr12	111000	112000
chr12	112000	113000
chr12	113000	114000
chr12	114000	115000
chr12	115000	116000
chr12	116000	117000
chr12	117000	118000
chr12	118000	119000
chr12	119000	120000
chr12	120000	121000
chr12	124000	125000
chr12	125000	126000
chr12	128000	129000
chr12	129000	130000
chr12	130000	131000
chr12	131000	132000
chr12	132000	133000
chr12	133000	134000
chr12	134000	135000
chr12	135000	136000
chr12	136000	137000
chr12	137000	138000
chr12	139000	140000
chr12	140000	141000
chr12	141000	142000
chr12	142000	143000
chr12	143000	144000
chr12	144000	145000
chr12	145000	146000
chr12	146000	147000
chr12	147000	148000
chr12	148000	149000
chr12	149000	150000
chr12	150000	151000
chr12	151000	152000
chr12	152000	153000
chr12	153000	154000
chr12	154000	155000
chr12	155000	156000
chr12	156000	157000
chr12	158000	159000
chr12	159000	160000
chr12	160000	161000
chr12	161000	162000
chr12	162000	163000
chr12	163000	164000
chr12	164000	165000
chr12	165000	166000
chr12	166000	167000
chr12	169000	170000
chr12	170000	171000
chr12	171000	172000
chr12	175000	176000
chr12	176000	177000
chr12	177000	178000
chr12	178000	179000
chr12	179000	180000
chr12	180000	181000
chr12	181000	182000
chr12	182000	183000
chr12	183000	184000
chr12	184000	185000
chr12	185000	186000
chr12	186000	187000
chr12	187000	188000
chr12	188000	189000
chr12	189000	190000
chr12	190000	191000
chr12	192000	193000
chr12	193000	194000
chr12	194000	195000
chr12	195000	196000
chr12	196000	197000
chr12	197000	198000
chr12	198000	199000
chr12	199000	200000
chr12	200000	201000
chr12	201000	202000
chr12	202000	203000
chr12	203000	204000
chr12	204000	205000
chr12	205000	206000
chr12	206000	207000
chr12	207000	208000
chr12	208000	209000
chr12	209000	210000
chr12	210000	211000
chr12	211000	212000
chr12	212000	213000
chr12	213000	214000
chr12	214000	215000
chr12	215000	216000
chr12	216000	217000
chr12	217000	218000
chr12	218000	219000
chr12	219000	220000
chr12	220000	221000
chr12	221000	222000
chr12	222000	223000
chr12	223000	224000
chr12	224000	225000
chr12	229000	230000
chr12	233000	234000
chr12	235000	236000
chr12	236000	237000
chr12	237000	238000
chr12	239000	240000
chr12	240000	241000
chr12	241000	242000
chr12	242000	243000
chr12	243000	244000
chr12	244000	245000
chr12	245000	246000
chr12	249000	250000
chr12	250000	251000
chr12	251000	252000
chr12	252000	253000
chr12	254000	255000
chr12	255000	256000
chr12	256000	257000
chr12	258000	259000
chr12	259000	260000
chr12	260000	261000
chr12	261000	262000
chr12	262000	263000
chr12	263000	264000
chr12	264000	265000
chr12	265000	266000
chr12	266000	267000
chr12	267000	268000
chr12	268000	269000
chr12	269000	270000
chr12	270000	271000
chr12	271000	272000
chr12	272000	273000
chr12	273000	274000
chr12	274000	275000
chr12	275000	276000
chr12	276000	277000
chr12	277000	278000
chr12	278000	279000
chr12	279000	280000
chr12	280000	281000
chr12	281000	282000
chr12	282000	283000
chr12	283000	284000
chr12	284000	285000
chr12	285000	286000
chr12	286000	287000
chr12	287000	288000
chr12	288000	289000
chr12	289000	290000
chr12	290000	291000
chr12	293000	294000
chr12	294000	295000
chr12	295000	296000
chr12	296000	297000
chr12	297000	298000
chr12	298000	299000
chr12	299000	300000
chr12	300000	301000
chr12	301000	302000
chr12	302000	303000
chr12	303000	304000
chr12	304000	305000
chr12	305000	306000
chr12	308000	309000
chr12	309000	310000
chr12	310000	311000
chr12	311000	312000
chr12	312000	313000
chr12	313000	314000
chr12	314000	315000
chr12	315000	316000
chr12	316000	317000
chr12	317000	318000
chr12	318000	319000
chr12	319000	320000
chr12	320000	321000
chr12	321000	322000
chr12	322000	323000
chr12	323000	324000
chr12	324000	325000
chr12	325000	326000
chr12	326000	327000
chr12	327000	328000
chr12	328000	329000
chr12	329000	330000
chr12	332000	333000
chr12	333000	334000
chr12	334000	335000
chr12	337000	338000
chr12	338000	339000
chr12	339000	340000
chr12	340000	341000
chr12	341000	342000
chr12	342000	343000
chr12	343000	344000
chr12	344000	345000
chr12	345000	346000
chr12	346000	347000
chr12	347000	348000
chr12	348000	349000
chr12	349000	350000
chr12	350000	351000
chr12	351000	352000
chr12	352000	353000
chr12	353000	354000
chr12	359000	360000
chr12	360000	361000
chr12	361000	362000
chr12	362000	363000
chr12	363000	364000
chr12	364000	365000
chr12	365000	366000
chr12	366000	367000
chr12	368000	369000
chr12	369000	370000
chr12	370000	371000
chr12	372000	373000
chr12	373000	374000
chr12	374000	375000
chr12	375000	376000
chr12	376000	377000
chr12	377000	378000
chr12	378000	379000
chr12	379000	380000
chr12	380000	381000
chr12	381000	382000
chr12	382000	383000
chr12	384000	385000
chr12	385000	386000
chr12	386000	387000
chr12	387000	388000
chr12	388000	389000
chr12	389000	390000
chr12	390000	391000
chr12	391000	392000
chr12	392000	393000
chr12	393000	394000
chr12	394000	395000
chr12	395000	396000
chr12	396000	397000
chr12	397000	398000
chr12	398000	399000
chr12	400000	401000
chr12	401000	402000
chr12	402000	403000
chr12	404000	405000
chr12	405000	406000
chr12	408000	409000
chr12	409000	410000
chr12	410000	411000
chr12	412000	413000
chr12	413000	414000
chr12	414000	415000
chr12	415000	416000
chr12	416000	417000
chr12	417000	418000
chr12	418000	419000
chr12	419000	420000
chr12	420000	421000
chr12	421000	422000
chr12	422000	423000
chr12	423000	424000
chr12	424000	425000
chr12	425000	426000
chr12	426000	427000
chr12	427000	428000
chr12	428000	429000
chr12	429000	430000
chr12	430000	431000
chr12	431000	432000
chr12	432000	433000
chr12	434000	435000
chr12	435000	436000
chr12	436000	437000
chr12	437000	438000
chr12	438000	439000
chr12	439000	440000
chr12	440000	441000
chr12	441000	442000
chr12	442000	443000
chr12	447000	448000
chr12	448000	449000
chr12	449000	450000
chr12	450000	451000
chr12	451000	452000
chr12	452000	453000
chr12	453000	454000
chr12	454000	455000
chr12	455000	456000
chr12	456000	457000
chr12	457000	458000
chr12	458000	459000
chr12	459000	460000
chr12	460000	461000
chr12	461000	462000
chr12	462000	463000
chr12	463000	464000
chr12	464000	465000
chr12	465000	466000
chr12	466000	467000
chr12	467000	468000
chr12	468000	469000
chr12	469000	470000
chr12	470000	471000
chr12	471000	472000
chr12	472000	473000
chr12	473000	474000
chr12	474000	475000
chr12	475000	476000
chr12	476000	477000
chr12	477000	478000
chr12	478000	479000
chr12	479000	480000
chr12	480000	481000
chr12	481000	482000
chr12	483000	484000
chr12	484000	485000
chr12	485000	486000
chr12	486000	487000
chr12	487000	488000
chr12	488000	489000
chr12	489000	490000
chr12	490000	491000
chr12	491000	492000
chr12	492000	493000
chr12	493000	494000
chr12	494000	495000
chr12	495000	496000
chr12	496000	497000
chr12	497000	498000
chr12	498000	499000
chr12	499000	500000
chr12	500000	501000
chr12	501000	502000
chr12	502000	503000
chr12	503000	504000
chr12	504000	505000
chr12	505000	506000
chr12	506000	507000
chr12	507000	508000
chr12	508000	509000
chr12	509000	510000
chr12	510000	511000
chr12	511000	512000
chr12	512000	513000
chr12	514000	515000
chr12	515000	516000
chr12	516000	517000
chr12	517000	518000
chr12	518000	519000
chr12	519000	520000
chr12	520000	521000
chr12	521000	522000
chr12	522000	523000
chr12	523000	524000
chr12	524000	525000
chr12	526000	527000
chr12	527000	528000
chr12	528000	529000
chr12	529000	530000
chr12	530000	531000
chr12	531000	532000
chr12	532000	533000
chr12	533000	534000
chr12	534000	535000
chr12	535000	536000
chr12	536000	537000
chr12	537000	538000
chr12	538000	539000
chr12	539000	540000
chr12	540000	541000
chr12	541000	542000
chr12	543000	544000
chr12	550000	551000
chr12	552000	553000
chr12	553000	554000
chr12	554000	555000
chr12	555000	556000
chr12	556000	557000
chr12	557000	558000
chr12	559000	560000
chr12	560000	561000
chr12	561000	562000
chr12	562000	563000
chr12	563000	564000
chr12	564000	565000
chr12	565000	566000
chr12	566000	567000
chr12	567000	568000
chr12	568000	569000
chr12	570000	571000
chr12	571000	572000
chr12	574000	575000
chr12	575000	576000
chr12	576000	577000
chr12	577000	578000
chr12	579000	580000
chr12	580000	581000
chr12	581000	582000
chr12	582000	583000
chr12	583000	584000
chr12	584000	585000
chr12	586000	587000
chr12	587000	588000
chr12	588000	589000
chr12	589000	590000
chr12	590000	591000
chr12	591000	592000
chr12	592000	593000
chr12	594000	595000
chr12	595000	596000
chr12	597000	598000
chr12	598000	599000
chr12	599000	600000
chr12	600000	601000
chr12	601000	602000
chr12	602000	603000
chr12	603000	604000
chr12	604000	605000
chr12	605000	606000
chr12	606000	607000
chr12	608000	609000
chr12	613000	614000
chr12	614000	615000
chr12	616000	617000
chr12	618000	619000
chr12	619000	620000
chr12	620000	621000
chr12	623000	624000
chr12	624000	625000
chr12	625000	626000
chr12	626000	627000
chr12	627000	628000
chr12	628000	629000
chr12	630000	631000
chr12	631000	632000
chr12	632000	633000
chr12	633000	634000
chr12	634000	635000
chr12	635000	636000
chr12	636000	637000
chr12	637000	638000
chr12	638000	639000
chr12	639000	640000
chr12	640000	641000
chr12	641000	642000
chr12	642000	643000
chr12	643000	644000
chr12	644000	645000
chr12	645000	646000
chr12	646000	647000
chr12	647000	648000
chr12	649000	650000
chr12	651000	652000
chr12	655000	656000
chr12	656000	657000
chr12	657000	658000
chr12	658000	659000
chr12	659000	660000
chr12	660000	661000
chr12	661000	662000
chr12	662000	663000
chr12	663000	664000
chr12	664000	665000
chr12	665000	666000
chr12	666000	667000
chr12	667000	668000
chr12	668000	669000
chr12	669000	670000
chr12	670000	671000
chr12	671000	672000
chr12	672000	673000
chr12	673000	674000
chr12	674000	675000
chr12	677000	678000
chr12	678000	679000
chr12	679000	680000
chr12	680000	681000
chr12	681000	682000
chr12	682000	683000
chr12	683000	684000
chr12	684000	685000
chr12	685000	686000
chr12	686000	687000
chr12	687000	688000
chr12	688000	689000
chr12	692000	693000
chr12	693000	694000
chr12	695000	696000
chr12	696000	697000
chr12	697000	698000
chr12	698000	699000
chr12	699000	700000
chr12	700000	701000
chr12	701000	702000
chr12	702000	703000
chr12	703000	704000
chr12	704000	705000
chr12	705000	706000
chr12	706000	707000
chr12	707000	708000
chr12	708000	709000
chr12	709000	710000
chr12	710000	711000
chr12	711000	712000
chr12	712000	713000
chr12	713000	714000
chr12	714000	715000
chr12	715000	716000
chr12	716000	717000
chr12	717000	718000
chr12	718000	719000
chr12	719000	720000
chr12	720000	721000
chr12	723000	724000
chr12	724000	725000
chr12	725000	726000
chr12	727000	728000
chr12	728000	729000
chr12	729000	730000
chr12	730000	731000
chr12	731000	732000
chr12	732000	733000
chr12	733000	734000
chr12	734000	735000
chr12	735000	736000
chr12	736000	737000
chr12	737000	738000
chr12	738000	739000
chr12	739000	740000
chr12	740000	741000
chr12	741000	742000
chr12	742000	743000
chr12	744000	745000
chr12	745000	746000
chr12	746000	747000
chr12	747000	748000
chr12	748000	749000
chr12	750000	751000
chr12	751000	752000
chr12	752000	753000
chr12	753000	754000
chr12	754000	755000
chr12	755000	756000
chr12	756000	757000
chr12	757000	758000
chr12	758000	759000
chr12	759000	760000
chr12	762000	763000
chr12	763000	764000
chr12	764000	765000
chr12	765000	766000
chr12	766000	767000
chr12	768000	769000
chr12	769000	770000
chr12	770000	771000
chr12	771000	772000
chr12	772000	773000
chr12	773000	774000
chr12	774000	775000
chr12	775000	776000
chr12	776000	777000
chr12	777000	778000
chr12	779000	780000
chr12	780000	781000
chr12	781000	782000
chr12	782000	783000
chr12	783000	784000
chr12	784000	785000
chr12	785000	786000
chr12	786000	787000
chr12	789000	790000
chr12	790000	791000
chr12	792000	793000
chr12	793000	794000
chr12	794000	795000
chr12	796000	797000
chr12	797000	798000
chr12	798000	799000
chr12	799000	800000
chr12	800000	801000
chr12	801000	802000
chr12	802000	803000
chr12	803000	804000
chr12	808000	809000
chr12	809000	810000
chr12	811000	812000
chr12	812000	813000
chr12	813000	814000
chr12	814000	815000
chr12	815000	816000
chr12	816000	817000
chr12	817000	818000
chr12	818000	819000
chr12	819000	820000
chr12	820000	821000
chr12	823000	824000
chr12	824000	825000
chr12	825000	826000
chr12	826000	827000
chr12	827000	828000
chr12	828000	829000
chr12	829000	830000
chr12	830000	831000
chr12	831000	832000
chr12	832000	833000
chr12	833000	834000
chr12	834000	835000
chr12	835000	836000
chr12	836000	837000
chr12	838000	839000
chr12	839000	840000
chr12	841000	842000
chr12	842000	843000
chr12	843000	844000
chr12	844000	845000
chr12	850000	851000
chr12	851000	852000
chr12	853000	854000
chr12	854000	855000
chr12	855000	856000
chr12	856000	857000
chr12	857000	858000
chr12	858000	859000
chr12	859000	860000
chr12	860000	861000
chr12	861000	862000
chr12	863000	864000
chr12	864000	865000
chr12	865000	866000
chr12	866000	867000
chr12	867000	868000
chr12	871000	872000
chr12	873000	874000
chr12	874000	875000
chr12	875000	876000
chr12	876000	877000
chr12	877000	878000
chr12	878000	879000
chr12	879000	880000
chr12	880000	881000
chr12	881000	882000
chr12	882000	883000
chr12	883000	884000
chr12	884000	885000
chr12	885000	886000
chr12	886000	887000
chr12	887000	888000
chr12	888000	889000
chr12	889000	890000
chr12	890000	891000
chr12	891000	892000
chr12	892000	893000
chr12	893000	894000
chr12	894000	895000
chr12	895000	896000
chr12	899000	900000
chr12	900000	901000
chr12	901000	902000
chr12	902000	903000
chr12	903000	904000
chr12	904000	905000
chr12	905000	906000
chr12	911000	912000
chr12	912000	913000
chr12	916000	917000
chr12	917000	918000
chr12	918000	919000
chr12	919000	920000
chr12	920000	921000
chr12	921000	922000
chr12	922000	923000
chr12	923000	924000
chr12	924000	925000
chr12	925000	926000
chr12	926000	927000
chr12	927000	928000
chr12	928000	929000
chr12	929000	930000
chr12	930000	931000
chr12	931000	932000
chr12	934000	935000
chr12	942000	943000
chr12	944000	945000
chr12	945000	946000
chr12	947000	948000
chr12	950000	951000
chr12	951000	952000
chr12	952000	953000
chr12	954000	955000
chr12	956000	957000
chr12	957000	958000
chr12	958000	959000
chr12	959000	960000
chr12	960000	961000
chr12	961000	962000
chr12	962000	963000
chr12	963000	964000
chr12	964000	965000
chr12	965000	966000
chr12	969000	970000
chr12	970000	971000
chr12	971000	972000
chr12	974000	975000
chr12	978000	979000
chr12	979000	980000
chr12	980000	981000
chr12	981000	982000
chr12	982000	983000
chr12	983000	984000
chr12	984000	985000
chr12	985000	986000
chr12	986000	987000
chr12	987000	988000
chr12	988000	989000
chr12	989000	990000
chr12	990000	991000
chr12	991000	992000
chr12	992000	993000
chr12	993000	994000
chr12	994000	995000
chr12	995000	996000
chr12	996000	997000
chr12	997000	998000
chr12	998000	999000
chr12	999000	1000000
chr12	1000000	1001000
chr12	1001000	1002000
chr12	1002000	1003000
chr12	1003000	1004000
chr12	1004000	1005000
chr12	1005000	1006000
chr12	1006000	1007000
chr12	1007000	1008000
chr12	1008000	1009000
chr12	1009000	1010000
chr12	1010000	1011000
chr12	1011000	1012000
chr12	1012000	1013000
chr12	1014000	1015000
chr12	1015000	1016000
chr12	1016000	1017000
chr12	1017000	1018000
chr12	1018000	1019000
chr12	1021000	1022000
chr12	1023000	1024000
chr12	1024000	1025000
chr12	1025000	1026000
chr12	1026000	1027000
chr12	1027000	1028000
chr12	1028000	1029000
chr12	1030000	1031000
chr12	1031000	1032000
chr12	1032000	1033000
chr12	1033000	1034000
chr12	1034000	1035000
chr12	1035000	1036000
chr12	1036000	1037000
chr12	1037000	1038000
chr12	1038000	1039000
chr12	1039000	1040000
chr12	1040000	1041000
chr12	1041000	1042000
chr12	1042000	1043000
chr12	1044000	1045000
chr12	1045000	1046000
chr12	1046000	1047000
chr12	1047000	1048000
chr12	1048000	1049000
chr12	1049000	1050000
chr12	1050000	1051000
chr12	1051000	1052000
chr12	1052000	1053000
chr12	1053000	1054000
chr12	1055000	1056000
chr12	1058000	1059000
chr12	1060000	1061000
chr12	1061000	1062000
chr12	1062000	1063000
chr12	1063000	1064000
chr12	1064000	1065000
chr12	1072000	1073000
chr12	1073000	1074000
chr12	1074000	1075000
chr12	1075000	1076000
chr12	1076000	1077000
chr12	1077000	1078000
chr12	1078000	1079000
chr12	1079000	1080000
chr12	1080000	1081000
chr12	1081000	1082000
chr12	1085000	1086000
chr12	1086000	1087000
chr12	1087000	1088000
chr12	1088000	1089000
chr12	1089000	1090000
chr12	1090000	1091000
chr12	1091000	1092000
chr12	1092000	1093000
chr12	1093000	1094000
chr12	1094000	1095000
chr12	1095000	1096000
chr12	1096000	1097000
chr12	1100000	1101000
chr12	1101000	1102000
chr12	1102000	1103000
chr12	1105000	1106000
chr12	1107000	1108000
chr12	1108000	1109000
chr12	1109000	1110000
chr12	1110000	1111000
chr12	1111000	1112000
chr12	1112000	1113000
chr12	1113000	1114000
chr12	1114000	1115000
chr12	1115000	1116000
chr12	1116000	1117000
chr12	1117000	1118000
chr12	1118000	1119000
chr12	1119000	1120000
chr12	1120000	1121000
chr12	1121000	1122000
chr12	1122000	1123000
chr12	1123000	1124000
chr12	1124000	1125000
chr12	1125000	1126000
chr12	1126000	1127000
chr12	1127000	1128000
chr12	1128000	1129000
chr12	1129000	1130000
chr12	1130000	1131000
chr12	1131000	1132000
chr12	1132000	1133000
chr12	1133000	1134000
chr12	1134000	1135000
chr12	1142000	1143000
chr12	1144000	1145000
chr12	1145000	1146000
chr12	1146000	1147000
chr12	1149000	1150000
chr12	1150000	1151000
chr12	1151000	1152000
chr12	1152000	1153000
chr12	1153000	1154000
chr12	1154000	1155000
chr12	1155000	1156000
chr12	1157000	1158000
chr12	1158000	1159000
chr12	1159000	1160000
chr12	1160000	1161000
chr12	1161000	1162000
chr12	1162000	1163000
chr12	1163000	1164000
chr12	1164000	1165000
chr12	1165000	1166000
chr12	1167000	1168000
chr12	1168000	1169000
chr12	1170000	1171000
chr12	1171000	1172000
chr12	1172000	1173000
chr12	1173000	1174000
chr12	1174000	1175000
chr12	1175000	1176000
chr12	1176000	1177000
chr12	1177000	1178000
chr12	1178000	1179000
chr12	1179000	1180000
chr12	1180000	1181000
chr12	1181000	1182000
chr12	1182000	1183000
chr12	1183000	1184000
chr12	1184000	1185000
chr12	1185000	1186000
chr12	1186000	1187000
chr12	1187000	1188000
chr12	1188000	1189000
chr12	1189000	1190000
chr12	1190000	1191000
chr12	1191000	1192000
chr12	1192000	1193000
chr12	1193000	1194000
chr12	1194000	1195000
chr12	1195000	1196000
chr12	1196000	1197000
chr12	1197000	1198000
chr12	1198000	1199000
chr12	1199000	1200000
chr12	1200000	1201000
chr12	1201000	1202000
chr12	1202000	1203000
chr12	1203000	1204000
chr12	1204000	1205000
chr12	1205000	1206000
chr12	1206000	1207000
chr12	1207000	1208000
chr12	1208000	1209000
chr12	1209000	1210000
chr12	1210000	1211000
chr12	1211000	1212000
chr12	1212000	1213000
chr12	1213000	1214000
chr12	1214000	1215000
chr12	1215000	1216000
chr12	1219000	1220000
chr12	1220000	1221000
chr12	1221000	1222000
chr12	1222000	1223000
chr12	1223000	1224000
chr12	1224000	1225000
chr12	1228000	1229000
chr12	1230000	1231000
chr12	1231000	1232000
chr12	1232000	1233000
chr12	1233000	1234000
chr12	1234000	1235000
chr12	1235000	1236000
chr12	1236000	1237000
chr12	1237000	1238000
chr12	1238000	1239000
chr12	1239000	1240000
chr12	1240000	1241000
chr12	1242000	1243000
chr12	1243000	1244000
chr12	1244000	1245000
chr12	1245000	1246000
chr12	1246000	1247000
chr12	1247000	1248000
chr12	1250000	1251000
chr12	1251000	1252000
chr12	1252000	1253000
chr12	1253000	1254000
chr12	1254000	1255000
chr12	1255000	1256000
chr12	1256000	1257000
chr12	1257000	1258000
chr12	1258000	1259000
chr12	1259000	1260000
chr12	1260000	1261000
chr12	1261000	1262000
chr12	1262000	1263000
chr12	1263000	1264000
chr12	1264000	1265000
chr12	1265000	1266000
chr12	1266000	1267000
chr12	1267000	1268000
chr12	1268000	1269000
chr12	1269000	1270000
chr12	1270000	1271000
chr12	1271000	1272000
chr12	1272000	1273000
chr12	1273000	1274000
chr12	1275000	1276000
chr12	1276000	1277000
chr12	1277000	1278000
chr12	1278000	1279000
chr12	1279000	1280000
chr12	1280000	1281000
chr12	1281000	1282000
chr12	1282000	1283000
chr12	1283000	1284000
chr12	1284000	1285000
chr12	1285000	1286000
chr12	1286000	1287000
chr12	1287000	1288000
chr12	1288000	1289000
chr12	1290000	1291000
chr12	1291000	1292000
chr12	1292000	1293000
chr12	1293000	1294000
chr12	1294000	1295000
chr12	1295000	1296000
chr12	1296000	1297000
chr12	1297000	1298000
chr12	1298000	1299000
chr12	1299000	1300000
chr12	1300000	1301000
chr12	1301000	1302000
chr12	1302000	1303000
chr12	1303000	1304000
chr12	1305000	1306000
chr12	1306000	1307000
chr12	1307000	1308000
chr12	1308000	1309000
chr12	1309000	1310000
chr12	1311000	1312000
chr12	1312000	1313000
chr12	1313000	1314000
chr12	1314000	1315000
chr12	1315000	1316000
chr12	1316000	1317000
chr12	1317000	1318000
chr12	1318000	1319000
chr12	1319000	1320000
chr12	1320000	1321000
chr12	1321000	1322000
chr12	1322000	1323000
chr12	1323000	1324000
chr12	1324000	1325000
chr12	1325000	1326000
chr12	1326000	1327000
chr12	1327000	1328000
chr12	1328000	1329000
chr12	1329000	1330000
chr12	1330000	1331000
chr12	1331000	1332000
chr12	1332000	1333000
chr12	1333000	1334000
chr12	1334000	1335000
chr12	1335000	1336000
chr12	1336000	1337000
chr12	1337000	1338000
chr12	1340000	1341000
chr12	1341000	1342000
chr12	1342000	1343000
chr12	1344000	1345000
chr12	1345000	1346000
chr12	1346000	1347000
chr12	1347000	1348000
chr12	1348000	1349000
chr12	1349000	1350000
chr12	1350000	1351000
chr12	1351000	1352000
chr12	1352000	1353000
chr12	1353000	1354000
chr12	1354000	1355000
chr12	1355000	1356000
chr12	1356000	1357000
chr12	1357000	1358000
chr12	1358000	1359000
chr12	1359000	1360000
chr12	1361000	1362000
chr12	1362000	1363000
chr12	1363000	1364000
chr12	1364000	1365000
chr12	1365000	1366000
chr12	1370000	1371000
chr12	1371000	1372000
chr12	1372000	1373000
chr12	1373000	1374000
chr12	1374000	1375000
chr12	1375000	1376000
chr12	1376000	1377000
chr12	1377000	1378000
chr12	1378000	1379000
chr12	1379000	1380000
chr12	1380000	1381000
chr12	1381000	1382000
chr12	1382000	1383000
chr12	1383000	1384000
chr12	1384000	1385000
chr12	1385000	1386000
chr12	1386000	1387000
chr12	1387000	1388000
chr12	1388000	1389000
chr12	1389000	1390000
chr12	1390000	1391000
chr12	1391000	1392000
chr12	1392000	1393000
chr12	1394000	1395000
chr12	1395000	1396000
chr12	1396000	1397000
chr12	1397000	1398000
chr12	1398000	1399000
chr12	1399000	1400000
chr12	1400000	1401000
chr12	1401000	1402000
chr12	1402000	1403000
chr12	1403000	1404000
chr12	1404000	1405000
chr12	1405000	1406000
chr12	1406000	1407000
chr12	1407000	1408000
chr12	1408000	1409000
chr12	1409000	1410000
chr12	1410000	1411000
chr12	1411000	1412000
chr12	1412000	1413000
chr12	1413000	1414000
chr12	1414000	1415000
chr12	1415000	1416000
chr12	1416000	1417000
chr12	1417000	1418000
chr12	1419000	1420000
chr12	1420000	1421000
chr12	1421000	1422000
chr12	1423000	1424000
chr12	1424000	1425000
chr12	1425000	1426000
chr12	1426000	1427000
chr12	1427000	1428000
chr12	1428000	1429000
chr12	1429000	1430000
chr12	1431000	1432000
chr12	1432000	1433000
chr12	1433000	1434000
chr12	1434000	1435000
chr12	1435000	1436000
chr12	1436000	1437000
chr12	1437000	1438000
chr12	1438000	1439000
chr12	1441000	1442000
chr12	1442000	1443000
chr12	1443000	1444000
chr12	1444000	1445000
chr12	1445000	1446000
chr12	1446000	1447000
chr12	1447000	1448000
chr12	1448000	1449000
chr12	1449000	1450000
chr12	1450000	1451000
chr12	1452000	1453000
chr12	1453000	1454000
chr12	1454000	1455000
chr12	1455000	1456000
chr12	1456000	1457000
chr12	1457000	1458000
chr12	1458000	1459000
chr12	1459000	1460000
chr12	1460000	1461000
chr12	1461000	1462000
chr12	1462000	1463000
chr12	1463000	1464000
chr12	1464000	1465000
chr12	1465000	1466000
chr12	1466000	1467000
chr12	1467000	1468000
chr12	1468000	1469000
chr12	1469000	1470000
chr12	1470000	1471000
chr12	1471000	1472000
chr12	1474000	1475000
chr12	1476000	1477000
chr12	1477000	1478000
chr12	1478000	1479000
chr12	1481000	1482000
chr12	1482000	1483000
chr12	1483000	1484000
chr12	1484000	1485000
chr12	1485000	1486000
chr12	1486000	1487000
chr12	1488000	1489000
chr12	1489000	1490000
chr12	1490000	1491000
chr12	1491000	1492000
chr12	1492000	1493000
chr12	1503000	1504000
chr12	1505000	1506000
chr12	1506000	1507000
chr12	1507000	1508000
chr12	1508000	1509000
chr12	1509000	1510000
chr12	1510000	1511000
chr12	1511000	1512000
chr12	1512000	1513000
chr12	1513000	1514000
chr12	1514000	1515000
chr12	1515000	1516000
chr12	1516000	1517000
chr12	1517000	1518000
chr12	1518000	1519000
chr12	1520000	1521000
chr12	1521000	1522000
chr12	1522000	1523000
chr12	1523000	1524000
chr12	1524000	1525000
chr12	1525000	1526000
chr12	1528000	1529000
chr12	1529000	1530000
chr12	1530000	1531000
chr12	1531000	1532000
chr12	1532000	1533000
chr12	1533000	1534000
chr12	1534000	1535000
chr12	1535000	1536000
chr12	1536000	1537000
chr12	1537000	1538000
chr12	1538000	1539000
chr12	1539000	1540000
chr12	1540000	1541000
chr12	1542000	1543000
chr12	1543000	1544000
chr12	1544000	1545000
chr12	1545000	1546000
chr12	1547000	1548000
chr12	1548000	1549000
chr12	1549000	1550000
chr12	1550000	1551000
chr12	1551000	1552000
chr12	1552000	1553000
chr12	1553000	1554000
chr12	1555000	1556000
chr12	1556000	1557000
chr12	1557000	1558000
chr12	1558000	1559000
chr12	1559000	1560000
chr12	1560000	1561000
chr12	1561000	1562000
chr12	1562000	1563000
chr12	1563000	1564000
chr12	1564000	1565000
chr12	1565000	1566000
chr12	1566000	1567000
chr12	1567000	1568000
chr12	1568000	1569000
chr12	1569000	1570000
chr12	1570000	1571000
chr12	1571000	1572000
chr12	1572000	1573000
chr12	1573000	1574000
chr12	1574000	1575000
chr12	1576000	1577000
chr12	1577000	1578000
chr12	1578000	1579000
chr12	1579000	1580000
chr12	1580000	1581000
chr12	1581000	1582000
chr12	1582000	1583000
chr12	1583000	1584000
chr12	1584000	1585000
chr12	1585000	1586000
chr12	1586000	1587000
chr12	1587000	1588000
chr12	1588000	1589000
chr12	1589000	1590000
chr12	1590000	1591000
chr12	1591000	1592000
chr12	1593000	1594000
chr12	1594000	1595000
chr12	1595000	1596000
chr12	1596000	1597000
chr12	1597000	1598000
chr12	1598000	1599000
chr12	1599000	1600000
chr12	1600000	1601000
chr12	1601000	1602000
chr12	1602000	1603000
chr12	1603000	1604000
chr12	1604000	1605000
chr12	1605000	1606000
chr12	1607000	1608000
chr12	1608000	1609000
chr12	1609000	1610000
chr12	1610000	1611000
chr12	1611000	1612000
chr12	1612000	1613000
chr12	1613000	1614000
chr12	1614000	1615000
chr12	1615000	1616000
chr12	1616000	1617000
chr12	1617000	1618000
chr12	1618000	1619000
chr12	1619000	1620000
chr12	1620000	1621000
chr12	1621000	1622000
chr12	1622000	1623000
chr12	1623000	1624000
chr12	1624000	1625000
chr12	1625000	1626000
chr12	1626000	1627000
chr12	1628000	1629000
chr12	1629000	1630000
chr12	1630000	1631000
chr12	1631000	1632000
chr12	1632000	1633000
chr12	1633000	1634000
chr12	1634000	1635000
chr12	1635000	1636000
chr12	1636000	1637000
chr12	1637000	1638000
chr12	1638000	1639000
chr12	1639000	1640000
chr12	1640000	1641000
chr12	1641000	1642000
chr12	1642000	1643000
chr12	1643000	1644000
chr12	1644000	1645000
chr12	1646000	1647000
chr12	1647000	1648000
chr12	1648000	1649000
chr12	1649000	1650000
chr12	1650000	1651000
chr12	1651000	1652000
chr12	1652000	1653000
chr12	1653000	1654000
chr12	1654000	1655000
chr12	1655000	1656000
chr12	1656000	1657000
chr12	1657000	1658000
chr12	1658000	1659000
chr12	1659000	1660000
chr12	1660000	1661000
chr12	1661000	1662000
chr12	1662000	1663000
chr12	1663000	1664000
chr12	1664000	1665000
chr12	1665000	1666000
chr12	1666000	1667000
chr12	1667000	1668000
chr12	1668000	1669000
chr12	1669000	1670000
chr12	1670000	1671000
chr12	1671000	1672000
chr12	1672000	1673000
chr12	1673000	1674000
chr12	1674000	1675000
chr12	1677000	1678000
chr12	1678000	1679000
chr12	1679000	1680000
chr12	1680000	1681000
chr12	1681000	1682000
chr12	1682000	1683000
chr12	1683000	1684000
chr12	1684000	1685000
chr12	1685000	1686000
chr12	1686000	1687000
chr12	1687000	1688000
chr12	1688000	1689000
chr12	1689000	1690000
chr12	1690000	1691000
chr12	1691000	1692000
chr12	1692000	1693000
chr12	1693000	1694000
chr12	1694000	1695000
chr12	1695000	1696000
chr12	1696000	1697000
chr12	1697000	1698000
chr12	1698000	1699000
chr12	1699000	1700000
chr12	1700000	1701000
chr12	1701000	1702000
chr12	1702000	1703000
chr12	1703000	1704000
chr12	1704000	1705000
chr12	1705000	1706000
chr12	1706000	1707000
chr12	1707000	1708000
chr12	1708000	1709000
chr12	1709000	1710000
chr12	1710000	1711000
chr12	1711000	1712000
chr12	1712000	1713000
chr12	1713000	1714000
chr12	1714000	1715000
chr12	1715000	1716000
chr12	1716000	1717000
chr12	1717000	1718000
chr12	1718000	1719000
chr12	1719000	1720000
chr12	1720000	1721000
chr12	1721000	1722000
chr12	1722000	1723000
chr12	1723000	1724000
chr12	1724000	1725000
chr12	1726000	1727000
chr12	1727000	1728000
chr12	1728000	1729000
chr12	1729000	1730000
chr12	1730000	1731000
chr12	1731000	1732000
chr12	1732000	1733000
chr12	1733000	1734000
chr12	1734000	1735000
chr12	1735000	1736000
chr12	1736000	1737000
chr12	1737000	1738000
chr12	1738000	1739000
chr12	1739000	1740000
chr12	1740000	1741000
chr12	1741000	1742000
chr12	1742000	1743000
chr12	1744000	1745000
chr12	1745000	1746000
chr12	1746000	1747000
chr12	1747000	1748000
chr12	1748000	1749000
chr12	1749000	1750000
chr12	1750000	1751000
chr12	1751000	1752000
chr12	1752000	1753000
chr12	1753000	1754000
chr12	1754000	1755000
chr12	1755000	1756000
chr12	1756000	1757000
chr12	1757000	1758000
chr12	1758000	1759000
chr12	1759000	1760000
chr12	1760000	1761000
chr12	1761000	1762000
chr12	1762000	1763000
chr12	1763000	1764000
chr12	1764000	1765000
chr12	1765000	1766000
chr12	1766000	1767000
chr12	1767000	1768000
chr12	1768000	1769000
chr12	1769000	1770000
chr12	1770000	1771000
chr12	1771000	1772000
chr12	1772000	1773000
chr12	1773000	1774000
chr12	1776000	1777000
chr12	1777000	1778000
chr12	1778000	1779000
chr12	1779000	1780000
chr12	1780000	1781000
chr12	1781000	1782000
chr12	1782000	1783000
chr12	1783000	1784000
chr12	1784000	1785000
chr12	1785000	1786000
chr12	1786000	1787000
chr12	1787000	1788000
chr12	1788000	1789000
chr12	1789000	1790000
chr12	1790000	1791000
chr12	1793000	1794000
chr12	1799000	1800000
chr12	1800000	1801000
chr12	1803000	1804000
chr12	1805000	1806000
chr12	1806000	1807000
chr12	1810000	1811000
chr12	1811000	1812000
chr12	1812000	1813000
chr12	1815000	1816000
chr12	1816000	1817000
chr12	1818000	1819000
chr12	1820000	1821000
chr12	1822000	1823000
chr12	1823000	1824000
chr12	1824000	1825000
chr12	1826000	1827000
chr12	1828000	1829000
chr12	1829000	1830000
chr12	1832000	1833000
chr12	1833000	1834000
chr12	1834000	1835000
chr12	1835000	1836000
chr12	1836000	1837000
chr12	1837000	1838000
chr12	1838000	1839000
chr12	1839000	1840000
chr12	1840000	1841000
chr12	1841000	1842000
chr12	1843000	1844000
chr12	1844000	1845000
chr12	1845000	1846000
chr12	1855000	1856000
chr12	1867000	1868000
chr12	1868000	1869000
chr12	1869000	1870000
chr12	1870000	1871000
chr12	1897000	1898000
chr12	1901000	1902000
chr12	1903000	1904000
chr12	1906000	1907000
chr12	1907000	1908000
chr12	1908000	1909000
chr12	1909000	1910000
chr12	1910000	1911000
chr12	1911000	1912000
chr12	1912000	1913000
chr12	1913000	1914000
chr12	1914000	1915000
chr12	1916000	1917000
chr12	1918000	1919000
chr12	1920000	1921000
chr12	1921000	1922000
chr12	1928000	1929000
chr12	1929000	1930000
chr12	1933000	1934000
chr12	1934000	1935000
chr12	1942000	1943000
chr12	1943000	1944000
chr12	1944000	1945000
chr12	1945000	1946000
chr12	1946000	1947000
chr12	1947000	1948000
chr12	1948000	1949000
chr12	1949000	1950000
chr12	1950000	1951000
chr12	1951000	1952000
chr12	1952000	1953000
chr12	1953000	1954000
chr12	1954000	1955000
chr12	1955000	1956000
chr12	1956000	1957000
chr12	1957000	1958000
chr12	1958000	1959000
chr12	1959000	1960000
chr12	1960000	1961000
chr12	1961000	1962000
chr12	1962000	1963000
chr12	1963000	1964000
chr12	1964000	1965000
chr12	1965000	1966000
chr12	1966000	1967000
chr12	1967000	1968000
chr12	1969000	1970000
chr12	1970000	1971000
chr12	1971000	1972000
chr12	1972000	1973000
chr12	1973000	1974000
chr12	1974000	1975000
chr12	1975000	1976000
chr12	1976000	1977000
chr12	1977000	1978000
chr12	1978000	1979000
chr12	1979000	1980000
chr12	1980000	1981000
chr12	1981000	1982000
chr12	1982000	1983000
chr12	1983000	1984000
chr12	1984000	1985000
chr12	1985000	1986000
chr12	1986000	1987000
chr12	1987000	1988000
chr12	1988000	1989000
chr12	1989000	1990000
chr12	1990000	1991000
chr12	1991000	1992000
chr12	1992000	1993000
chr12	1993000	1994000
chr12	1994000	1995000
chr12	1995000	1996000
chr12	1996000	1997000
chr12	1997000	1998000
chr12	1998000	1999000
chr12	1999000	2000000
chr12	2000000	2001000
chr12	2001000	2002000
chr12	2002000	2003000
chr12	2003000	2004000
chr12	2004000	2005000
chr12	2005000	2006000
chr12	2006000	2007000
chr12	2007000	2008000
chr12	2008000	2009000
chr12	2009000	2010000
chr12	2010000	2011000
chr12	2011000	2012000
chr12	2012000	2013000
chr12	2013000	2014000
chr12	2014000	2015000
chr12	2015000	2016000
chr12	2019000	2020000
chr12	2020000	2021000
chr12	2021000	2022000
chr12	2022000	2023000
chr12	2023000	2024000
chr12	2024000	2025000
chr12	2025000	2026000
chr12	2026000	2027000
chr12	2027000	2028000
chr12	2028000	2029000
chr12	2029000	2030000
chr12	2030000	2031000
chr12	2031000	2032000
chr12	2032000	2033000
chr12	2033000	2034000
chr12	2034000	2035000
chr12	2035000	2036000
chr12	2036000	2037000
chr12	2037000	2038000
chr12	2038000	2039000
chr12	2039000	2040000
chr12	2043000	2044000
chr12	2044000	2045000
chr12	2045000	2046000
chr12	2046000	2047000
chr12	2047000	2048000
chr12	2048000	2049000
chr12	2049000	2050000
chr12	2050000	2051000
chr12	2051000	2052000
chr12	2052000	2053000
chr12	2053000	2054000
chr12	2054000	2055000
chr12	2055000	2056000
chr12	2056000	2057000
chr12	2057000	2058000
chr12	2058000	2059000
chr12	2060000	2061000
chr12	2061000	2062000
chr12	2063000	2064000
chr12	2064000	2065000
chr12	2065000	2066000
chr12	2066000	2067000
chr12	2067000	2068000
chr12	2068000	2069000
chr12	2069000	2070000
chr12	2071000	2072000
chr12	2072000	2073000
chr12	2073000	2074000
chr12	2074000	2075000
chr12	2075000	2076000
chr12	2076000	2077000
chr12	2077000	2078000
chr12	2078000	2079000
chr12	2079000	2080000
chr12	2080000	2081000
chr12	2081000	2082000
chr12	2082000	2083000
chr12	2083000	2084000
chr12	2084000	2085000
chr12	2085000	2086000
chr12	2086000	2087000
chr12	2087000	2088000
chr12	2088000	2089000
chr12	2089000	2090000
chr12	2090000	2091000
chr12	2091000	2092000
chr12	2092000	2093000
chr12	2093000	2094000
chr12	2094000	2095000
chr12	2095000	2096000
chr12	2096000	2097000
chr12	2097000	2098000
chr12	2098000	2099000
chr12	2099000	2100000
chr12	2100000	2101000
chr12	2101000	2102000
chr12	2103000	2104000
chr12	2104000	2105000
chr12	2105000	2106000
chr12	2106000	2107000
chr12	2107000	2108000
chr12	2108000	2109000
chr12	2109000	2110000
chr12	2110000	2111000
chr12	2111000	2112000
chr12	2112000	2113000
chr12	2113000	2114000
chr12	2114000	2115000
chr12	2115000	2116000
chr12	2116000	2117000
chr12	2117000	2118000
chr12	2118000	2119000
chr12	2119000	2120000
chr12	2120000	2121000
chr12	2121000	2122000
chr12	2122000	2123000
chr12	2123000	2124000
chr12	2124000	2125000
chr12	2125000	2126000
chr12	2126000	2127000
chr12	2127000	2128000
chr12	2129000	2130000
chr12	2131000	2132000
chr12	2132000	2133000
chr12	2133000	2134000
chr12	2134000	2135000
chr12	2135000	2136000
chr12	2136000	2137000
chr12	2137000	2138000
chr12	2138000	2139000
chr12	2139000	2140000
chr12	2140000	2141000
chr12	2141000	2142000
chr12	2142000	2143000
chr12	2143000	2144000
chr12	2144000	2145000
chr12	2145000	2146000
chr12	2146000	2147000
chr12	2147000	2148000
chr12	2148000	2149000
chr12	2149000	2150000
chr12	2150000	2151000
chr12	2151000	2152000
chr12	2152000	2153000
chr12	2153000	2154000
chr12	2154000	2155000
chr12	2157000	2158000
chr12	2158000	2159000
chr12	2159000	2160000
chr12	2160000	2161000
chr12	2161000	2162000
chr12	2162000	2163000
chr12	2163000	2164000
chr12	2164000	2165000
chr12	2165000	2166000
chr12	2166000	2167000
chr12	2167000	2168000
chr12	2168000	2169000
chr12	2169000	2170000
chr12	2170000	2171000
chr12	2171000	2172000
chr12	2172000	2173000
chr12	2173000	2174000
chr12	2174000	2175000
chr12	2175000	2176000
chr12	2176000	2177000
chr12	2177000	2178000
chr12	2178000	2179000
chr12	2179000	2180000
chr12	2180000	2181000
chr12	2181000	2182000
chr12	2182000	2183000
chr12	2183000	2184000
chr12	2184000	2185000
chr12	2185000	2186000
chr12	2186000	2187000
chr12	2187000	2188000
chr12	2188000	2189000
chr12	2189000	2190000
chr12	2190000	2191000
chr12	2191000	2192000
chr12	2192000	2193000
chr12	2193000	2194000
chr12	2194000	2195000
chr12	2195000	2196000
chr12	2196000	2197000
chr12	2197000	2198000
chr12	2198000	2199000
chr12	2199000	2200000
chr12	2200000	2201000
chr12	2201000	2202000
chr12	2202000	2203000
chr12	2203000	2204000
chr12	2204000	2205000
chr12	2205000	2206000
chr12	2206000	2207000
chr12	2207000	2208000
chr12	2208000	2209000
chr12	2209000	2210000
chr12	2210000	2211000
chr12	2211000	2212000
chr12	2212000	2213000
chr12	2213000	2214000
chr12	2214000	2215000
chr12	2215000	2216000
chr12	2216000	2217000
chr12	2217000	2218000
chr12	2218000	2219000
chr12	2219000	2220000
chr12	2220000	2221000
chr12	2221000	2222000
chr12	2222000	2223000
chr12	2223000	2224000
chr12	2224000	2225000
chr12	2225000	2226000
chr12	2226000	2227000
chr12	2227000	2228000
chr12	2228000	2229000
chr12	2229000	2230000
chr12	2230000	2231000
chr12	2232000	2233000
chr12	2233000	2234000
chr12	2234000	2235000
chr12	2235000	2236000
chr12	2236000	2237000
chr12	2237000	2238000
chr12	2238000	2239000
chr12	2239000	2240000
chr12	2240000	2241000
chr12	2241000	2242000
chr12	2242000	2243000
chr12	2243000	2244000
chr12	2244000	2245000
chr12	2245000	2246000
chr12	2246000	2247000
chr12	2247000	2248000
chr12	2248000	2249000
chr12	2249000	2250000
chr12	2250000	2251000
chr12	2251000	2252000
chr12	2252000	2253000
chr12	2253000	2254000
chr12	2254000	2255000
chr12	2255000	2256000
chr12	2256000	2257000
chr12	2257000	2258000
chr12	2258000	2259000
chr12	2259000	2260000
chr12	2260000	2261000
chr12	2261000	2262000
chr12	2262000	2263000
chr12	2263000	2264000
chr12	2264000	2265000
chr12	2265000	2266000
chr12	2266000	2267000
chr12	2267000	2268000
chr12	2268000	2269000
chr12	2269000	2270000
chr12	2270000	2271000
chr12	2271000	2272000
chr12	2272000	2273000
chr12	2273000	2274000
chr12	2274000	2275000
chr12	2276000	2277000
chr12	2277000	2278000
chr12	2278000	2279000
chr12	2279000	2280000
chr12	2280000	2281000
chr12	2281000	2282000
chr12	2282000	2283000
chr12	2283000	2284000
chr12	2284000	2285000
chr12	2285000	2286000
chr12	2286000	2287000
chr12	2287000	2288000
chr12	2288000	2289000
chr12	2289000	2290000
chr12	2290000	2291000
chr12	2291000	2292000
chr12	2292000	2293000
chr12	2293000	2294000
chr12	2294000	2295000
chr12	2295000	2296000
chr12	2296000	2297000
chr12	2297000	2298000
chr12	2298000	2299000
chr12	2299000	2300000
chr12	2300000	2301000
chr12	2301000	2302000
chr12	2302000	2303000
chr12	2303000	2304000
chr12	2304000	2305000
chr12	2305000	2306000
chr12	2306000	2307000
chr12	2307000	2308000
chr12	2308000	2309000
chr12	2309000	2310000
chr12	2313000	2314000
chr12	2314000	2315000
chr12	2315000	2316000
chr12	2316000	2317000
chr12	2317000	2318000
chr12	2318000	2319000
chr12	2319000	2320000
chr12	2320000	2321000
chr12	2321000	2322000
chr12	2322000	2323000
chr12	2323000	2324000
chr12	2324000	2325000
chr12	2325000	2326000
chr12	2326000	2327000
chr12	2327000	2328000
chr12	2328000	2329000
chr12	2329000	2330000
chr12	2330000	2331000
chr12	2331000	2332000
chr12	2332000	2333000
chr12	2333000	2334000
chr12	2334000	2335000
chr12	2335000	2336000
chr12	2336000	2337000
chr12	2337000	2338000
chr12	2338000	2339000
chr12	2339000	2340000
chr12	2340000	2341000
chr12	2341000	2342000
chr12	2342000	2343000
chr12	2343000	2344000
chr12	2344000	2345000
chr12	2345000	2346000
chr12	2346000	2347000
chr12	2347000	2348000
chr12	2348000	2349000
chr12	2349000	2350000
chr12	2350000	2351000
chr12	2351000	2352000
chr12	2352000	2353000
chr12	2353000	2354000
chr12	2354000	2355000
chr12	2355000	2356000
chr12	2356000	2357000
chr12	2357000	2358000
chr12	2358000	2359000
chr12	2360000	2361000
chr12	2361000	2362000
chr12	2362000	2363000
chr12	2363000	2364000
chr12	2364000	2365000
chr12	2365000	2366000
chr12	2366000	2367000
chr12	2367000	2368000
chr12	2368000	2369000
chr12	2369000	2370000
chr12	2370000	2371000
chr12	2371000	2372000
chr12	2372000	2373000
chr12	2373000	2374000
chr12	2374000	2375000
chr12	2375000	2376000
chr12	2376000	2377000
chr12	2378000	2379000
chr12	2379000	2380000
chr12	2380000	2381000
chr12	2381000	2382000
chr12	2382000	2383000
chr12	2383000	2384000
chr12	2384000	2385000
chr12	2385000	2386000
chr12	2386000	2387000
chr12	2387000	2388000
chr12	2388000	2389000
chr12	2389000	2390000
chr12	2390000	2391000
chr12	2391000	2392000
chr12	2392000	2393000
chr12	2393000	2394000
chr12	2394000	2395000
chr12	2395000	2396000
chr12	2396000	2397000
chr12	2397000	2398000
chr12	2398000	2399000
chr12	2399000	2400000
chr12	2400000	2401000
chr12	2401000	2402000
chr12	2402000	2403000
chr12	2403000	2404000
chr12	2404000	2405000
chr12	2406000	2407000
chr12	2407000	2408000
chr12	2408000	2409000
chr12	2409000	2410000
chr12	2410000	2411000
chr12	2411000	2412000
chr12	2414000	2415000
chr12	2415000	2416000
chr12	2416000	2417000
chr12	2417000	2418000
chr12	2418000	2419000
chr12	2419000	2420000
chr12	2420000	2421000
chr12	2421000	2422000
chr12	2422000	2423000
chr12	2423000	2424000
chr12	2424000	2425000
chr12	2425000	2426000
chr12	2426000	2427000
chr12	2427000	2428000
chr12	2428000	2429000
chr12	2429000	2430000
chr12	2430000	2431000
chr12	2431000	2432000
chr12	2432000	2433000
chr12	2433000	2434000
chr12	2434000	2435000
chr12	2435000	2436000
chr12	2436000	2437000
chr12	2437000	2438000
chr12	2438000	2439000
chr12	2439000	2440000
chr12	2440000	2441000
chr12	2441000	2442000
chr12	2442000	2443000
chr12	2443000	2444000
chr12	2444000	2445000
chr12	2446000	2447000
chr12	2447000	2448000
chr12	2448000	2449000
chr12	2449000	2450000
chr12	2450000	2451000
chr12	2451000	2452000
chr12	2452000	2453000
chr12	2453000	2454000
chr12	2454000	2455000
chr12	2455000	2456000
chr12	2456000	2457000
chr12	2457000	2458000
chr12	2458000	2459000
chr12	2459000	2460000
chr12	2460000	2461000
chr12	2461000	2462000
chr12	2462000	2463000
chr12	2463000	2464000
chr12	2464000	2465000
chr12	2465000	2466000
chr12	2466000	2467000
chr12	2468000	2469000
chr12	2469000	2470000
chr12	2470000	2471000
chr12	2471000	2472000
chr12	2472000	2473000
chr12	2473000	2474000
chr12	2474000	2475000
chr12	2475000	2476000
chr12	2476000	2477000
chr12	2477000	2478000
chr12	2478000	2479000
chr12	2479000	2480000
chr12	2480000	2481000
chr12	2481000	2482000
chr12	2482000	2483000
chr12	2484000	2485000
chr12	2485000	2486000
chr12	2486000	2487000
chr12	2487000	2488000
chr12	2488000	2489000
chr12	2489000	2490000
chr12	2490000	2491000
chr12	2491000	2492000
chr12	2492000	2493000
chr12	2493000	2494000
chr12	2494000	2495000
chr12	2495000	2496000
chr12	2496000	2497000
chr12	2497000	2498000
chr12	2498000	2499000
chr12	2499000	2500000
chr12	2500000	2501000
chr12	2501000	2502000
chr12	2503000	2504000
chr12	2505000	2506000
chr12	2506000	2507000
chr12	2507000	2508000
chr12	2508000	2509000
chr12	2510000	2511000
chr12	2511000	2512000
chr12	2512000	2513000
chr12	2513000	2514000
chr12	2514000	2515000
chr12	2515000	2516000
chr12	2516000	2517000
chr12	2517000	2518000
chr12	2518000	2519000
chr12	2519000	2520000
chr12	2520000	2521000
chr12	2521000	2522000
chr12	2522000	2523000
chr12	2523000	2524000
chr12	2524000	2525000
chr12	2526000	2527000
chr12	2527000	2528000
chr12	2528000	2529000
chr12	2529000	2530000
chr12	2530000	2531000
chr12	2531000	2532000
chr12	2532000	2533000
chr12	2533000	2534000
chr12	2534000	2535000
chr12	2535000	2536000
chr12	2536000	2537000
chr12	2537000	2538000
chr12	2538000	2539000
chr12	2539000	2540000
chr12	2540000	2541000
chr12	2541000	2542000
chr12	2542000	2543000
chr12	2543000	2544000
chr12	2544000	2545000
chr12	2545000	2546000
chr12	2546000	2547000
chr12	2547000	2548000
chr12	2548000	2549000
chr12	2549000	2550000
chr12	2551000	2552000
chr12	2553000	2554000
chr12	2555000	2556000
chr12	2556000	2557000
chr12	2557000	2558000
chr12	2558000	2559000
chr12	2559000	2560000
chr12	2560000	2561000
chr12	2561000	2562000
chr12	2562000	2563000
chr12	2563000	2564000
chr12	2564000	2565000
chr12	2565000	2566000
chr12	2566000	2567000
chr12	2567000	2568000
chr12	2568000	2569000
chr12	2569000	2570000
chr12	2570000	2571000
chr12	2571000	2572000
chr12	2572000	2573000
chr12	2573000	2574000
chr12	2574000	2575000
chr12	2575000	2576000
chr12	2576000	2577000
chr12	2577000	2578000
chr12	2578000	2579000
chr12	2579000	2580000
chr12	2580000	2581000
chr12	2581000	2582000
chr12	2582000	2583000
chr12	2583000	2584000
chr12	2584000	2585000
chr12	2585000	2586000
chr12	2586000	2587000
chr12	2587000	2588000
chr12	2588000	2589000
chr12	2589000	2590000
chr12	2591000	2592000
chr12	2592000	2593000
chr12	2593000	2594000
chr12	2594000	2595000
chr12	2595000	2596000
chr12	2597000	2598000
chr12	2598000	2599000
chr12	2599000	2600000
chr12	2600000	2601000
chr12	2601000	2602000
chr12	2602000	2603000
chr12	2603000	2604000
chr12	2604000	2605000
chr12	2605000	2606000
chr12	2606000	2607000
chr12	2607000	2608000
chr12	2608000	2609000
chr12	2609000	2610000
chr12	2610000	2611000
chr12	2611000	2612000
chr12	2612000	2613000
chr12	2613000	2614000
chr12	2614000	2615000
chr12	2615000	2616000
chr12	2616000	2617000
chr12	2617000	2618000
chr12	2618000	2619000
chr12	2619000	2620000
chr12	2620000	2621000
chr12	2621000	2622000
chr12	2622000	2623000
chr12	2623000	2624000
chr12	2624000	2625000
chr12	2625000	2626000
chr12	2626000	2627000
chr12	2627000	2628000
chr12	2628000	2629000
chr12	2629000	2630000
chr12	2630000	2631000
chr12	2631000	2632000
chr12	2632000	2633000
chr12	2634000	2635000
chr12	2635000	2636000
chr12	2636000	2637000
chr12	2637000	2638000
chr12	2638000	2639000
chr12	2639000	2640000
chr12	2640000	2641000
chr12	2641000	2642000
chr12	2642000	2643000
chr12	2643000	2644000
chr12	2644000	2645000
chr12	2645000	2646000
chr12	2646000	2647000
chr12	2647000	2648000
chr12	2648000	2649000
chr12	2649000	2650000
chr12	2650000	2651000
chr12	2651000	2652000
chr12	2653000	2654000
chr12	2654000	2655000
chr12	2655000	2656000
chr12	2656000	2657000
chr12	2657000	2658000
chr12	2658000	2659000
chr12	2659000	2660000
chr12	2660000	2661000
chr12	2661000	2662000
chr12	2662000	2663000
chr12	2663000	2664000
chr12	2664000	2665000
chr12	2665000	2666000
chr12	2666000	2667000
chr12	2667000	2668000
chr12	2668000	2669000
chr12	2669000	2670000
chr12	2670000	2671000
chr12	2671000	2672000
chr12	2672000	2673000
chr12	2673000	2674000
chr12	2674000	2675000
chr12	2675000	2676000
chr12	2676000	2677000
chr12	2677000	2678000
chr12	2678000	2679000
chr12	2679000	2680000
chr12	2680000	2681000
chr12	2681000	2682000
chr12	2682000	2683000
chr12	2683000	2684000
chr12	2685000	2686000
chr12	2686000	2687000
chr12	2687000	2688000
chr12	2688000	2689000
chr12	2689000	2690000
chr12	2690000	2691000
chr12	2691000	2692000
chr12	2692000	2693000
chr12	2693000	2694000
chr12	2694000	2695000
chr12	2695000	2696000
chr12	2696000	2697000
chr12	2697000	2698000
chr12	2698000	2699000
chr12	2699000	2700000
chr12	2700000	2701000
chr12	2701000	2702000
chr12	2702000	2703000
chr12	2703000	2704000
chr12	2707000	2708000
chr12	2708000	2709000
chr12	2710000	2711000
chr12	2711000	2712000
chr12	2712000	2713000
chr12	2713000	2714000
chr12	2714000	2715000
chr12	2715000	2716000
chr12	2716000	2717000
chr12	2717000	2718000
chr12	2718000	2719000
chr12	2719000	2720000
chr12	2720000	2721000
chr12	2721000	2722000
chr12	2722000	2723000
chr12	2723000	2724000
chr12	2724000	2725000
chr12	2725000	2726000
chr12	2726000	2727000
chr12	2727000	2728000
chr12	2728000	2729000
chr12	2729000	2730000
chr12	2730000	2731000
chr12	2731000	2732000
chr12	2732000	2733000
chr12	2733000	2734000
chr12	2734000	2735000
chr12	2735000	2736000
chr12	2736000	2737000
chr12	2737000	2738000
chr12	2738000	2739000
chr12	2739000	2740000
chr12	2740000	2741000
chr12	2741000	2742000
chr12	2742000	2743000
chr12	2743000	2744000
chr12	2744000	2745000
chr12	2745000	2746000
chr12	2746000	2747000
chr12	2747000	2748000
chr12	2748000	2749000
chr12	2749000	2750000
chr12	2750000	2751000
chr12	2751000	2752000
chr12	2752000	2753000
chr12	2753000	2754000
chr12	2754000	2755000
chr12	2755000	2756000
chr12	2756000	2757000
chr12	2757000	2758000
chr12	2758000	2759000
chr12	2759000	2760000
chr12	2760000	2761000
chr12	2761000	2762000
chr12	2762000	2763000
chr12	2763000	2764000
chr12	2764000	2765000
chr12	2765000	2766000
chr12	2766000	2767000
chr12	2767000	2768000
chr12	2768000	2769000
chr12	2769000	2770000
chr12	2770000	2771000
chr12	2771000	2772000
chr12	2772000	2773000
chr12	2773000	2774000
chr12	2774000	2775000
chr12	2775000	2776000
chr12	2776000	2777000
chr12	2777000	2778000
chr12	2778000	2779000
chr12	2779000	2780000
chr12	2780000	2781000
chr12	2781000	2782000
chr12	2782000	2783000
chr12	2783000	2784000
chr12	2784000	2785000
chr12	2785000	2786000
chr12	2786000	2787000
chr12	2787000	2788000
chr12	2788000	2789000
chr12	2789000	2790000
chr12	2790000	2791000
chr12	2793000	2794000
chr12	2794000	2795000
chr12	2795000	2796000
chr12	2798000	2799000
chr12	2799000	2800000
chr12	2800000	2801000
chr12	2801000	2802000
chr12	2802000	2803000
chr12	2803000	2804000
chr12	2804000	2805000
chr12	2805000	2806000
chr12	2806000	2807000
chr12	2807000	2808000
chr12	2808000	2809000
chr12	2809000	2810000
chr12	2810000	2811000
chr12	2811000	2812000
chr12	2812000	2813000
chr12	2813000	2814000
chr12	2814000	2815000
chr12	2815000	2816000
chr12	2816000	2817000
chr12	2817000	2818000
chr12	2818000	2819000
chr12	2819000	2820000
chr12	2820000	2821000
chr12	2821000	2822000
chr12	2822000	2823000
chr12	2823000	2824000
chr12	2824000	2825000
chr12	2825000	2826000
chr12	2826000	2827000
chr12	2827000	2828000
chr12	2828000	2829000
chr12	2829000	2830000
chr12	2830000	2831000
chr12	2831000	2832000
chr12	2832000	2833000
chr12	2833000	2834000
chr12	2834000	2835000
chr12	2835000	2836000
chr12	2836000	2837000
chr12	2837000	2838000
chr12	2838000	2839000
chr12	2839000	2840000
chr12	2840000	2841000
chr12	2841000	2842000
chr12	2842000	2843000
chr12	2843000	2844000
chr12	2844000	2845000
chr12	2845000	2846000
chr12	2847000	2848000
chr12	2848000	2849000
chr12	2849000	2850000
chr12	2857000	2858000
chr12	2859000	2860000
chr12	2866000	2867000
chr12	2867000	2868000
chr12	2868000	2869000
chr12	2869000	2870000
chr12	2870000	2871000
chr12	2871000	2872000
chr12	2872000	2873000
chr12	2873000	2874000
chr12	2874000	2875000
chr12	2875000	2876000
chr12	2876000	2877000
chr12	2877000	2878000
chr12	2878000	2879000
chr12	2879000	2880000
chr12	2880000	2881000
chr12	2881000	2882000
chr12	2882000	2883000
chr12	2883000	2884000
chr12	2884000	2885000
chr12	2885000	2886000
chr12	2886000	2887000
chr12	2887000	2888000
chr12	2888000	2889000
chr12	2889000	2890000
chr12	2890000	2891000
chr12	2891000	2892000
chr12	2892000	2893000
chr12	2893000	2894000
chr12	2894000	2895000
chr12	2895000	2896000
chr12	2896000	2897000
chr12	2897000	2898000
chr12	2898000	2899000
chr12	2900000	2901000
chr12	2901000	2902000
chr12	2902000	2903000
chr12	2903000	2904000
chr12	2904000	2905000
chr12	2905000	2906000
chr12	2906000	2907000
chr12	2907000	2908000
chr12	2908000	2909000
chr12	2909000	2910000
chr12	2910000	2911000
chr12	2911000	2912000
chr12	2912000	2913000
chr12	2913000	2914000
chr12	2914000	2915000
chr12	2915000	2916000
chr12	2916000	2917000
chr12	2917000	2918000
chr12	2918000	2919000
chr12	2919000	2920000
chr12	2920000	2921000
chr12	2921000	2922000
chr12	2922000	2923000
chr12	2923000	2924000
chr12	2924000	2925000
chr12	2925000	2926000
chr12	2926000	2927000
chr12	2927000	2928000
chr12	2928000	2929000
chr12	2929000	2930000
chr12	2931000	2932000
chr12	2932000	2933000
chr12	2933000	2934000
chr12	2934000	2935000
chr12	2935000	2936000
chr12	2936000	2937000
chr12	2937000	2938000
chr12	2938000	2939000
chr12	2939000	2940000
chr12	2940000	2941000
chr12	2941000	2942000
chr12	2942000	2943000
chr12	2943000	2944000
chr12	2944000	2945000
chr12	2945000	2946000
chr12	2946000	2947000
chr12	2947000	2948000
chr12	2948000	2949000
chr12	2949000	2950000
chr12	2950000	2951000
chr12	2951000	2952000
chr12	2952000	2953000
chr12	2953000	2954000
chr12	2954000	2955000
chr12	2955000	2956000
chr12	2956000	2957000
chr12	2957000	2958000
chr12	2958000	2959000
chr12	2959000	2960000
chr12	2960000	2961000
chr12	2961000	2962000
chr12	2962000	2963000
chr12	2963000	2964000
chr12	2964000	2965000
chr12	2965000	2966000
chr12	2966000	2967000
chr12	2967000	2968000
chr12	2968000	2969000
chr12	2969000	2970000
chr12	2970000	2971000
chr12	2971000	2972000
chr12	2972000	2973000
chr12	2973000	2974000
chr12	2974000	2975000
chr12	2975000	2976000
chr12	2976000	2977000
chr12	2977000	2978000
chr12	2978000	2979000
chr12	2979000	2980000
chr12	2980000	2981000
chr12	2981000	2982000
chr12	2983000	2984000
chr12	2984000	2985000
chr12	2985000	2986000
chr12	2987000	2988000
chr12	2988000	2989000
chr12	2989000	2990000
chr12	2990000	2991000
chr12	2991000	2992000
chr12	2992000	2993000
chr12	2993000	2994000
chr12	2994000	2995000
chr12	2995000	2996000
chr12	2996000	2997000
chr12	2997000	2998000
chr12	2998000	2999000
chr12	2999000	3000000
chr12	3000000	3001000
chr12	3001000	3002000
chr12	3002000	3003000
chr12	3003000	3004000
chr12	3004000	3005000
chr12	3005000	3006000
chr12	3007000	3008000
chr12	3008000	3009000
chr12	3009000	3010000
chr12	3010000	3011000
chr12	3011000	3012000
chr12	3012000	3013000
chr12	3013000	3014000
chr12	3014000	3015000
chr12	3015000	3016000
chr12	3016000	3017000
chr12	3017000	3018000
chr12	3018000	3019000
chr12	3019000	3020000
chr12	3020000	3021000
chr12	3021000	3022000
chr12	3022000	3023000
chr12	3023000	3024000
chr12	3024000	3025000
chr12	3025000	3026000
chr12	3026000	3027000
chr12	3028000	3029000
chr12	3029000	3030000
chr12	3030000	3031000
chr12	3031000	3032000
chr12	3032000	3033000
chr12	3033000	3034000
chr12	3034000	3035000
chr12	3035000	3036000
chr12	3036000	3037000
chr12	3037000	3038000
chr12	3038000	3039000
chr12	3039000	3040000
chr12	3040000	3041000
chr12	3041000	3042000
chr12	3042000	3043000
chr12	3044000	3045000
chr12	3045000	3046000
chr12	3046000	3047000
chr12	3047000	3048000
chr12	3048000	3049000
chr12	3049000	3050000
chr12	3050000	3051000
chr12	3051000	3052000
chr12	3052000	3053000
chr12	3053000	3054000
chr12	3054000	3055000
chr12	3055000	3056000
chr12	3056000	3057000
chr12	3057000	3058000
chr12	3058000	3059000
chr12	3059000	3060000
chr12	3060000	3061000
chr12	3061000	3062000
chr12	3062000	3063000
chr12	3063000	3064000
chr12	3064000	3065000
chr12	3065000	3066000
chr12	3066000	3067000
chr12	3067000	3068000
chr12	3068000	3069000
chr12	3069000	3070000
chr12	3070000	3071000
chr12	3071000	3072000
chr12	3072000	3073000
chr12	3073000	3074000
chr12	3074000	3075000
chr12	3075000	3076000
chr12	3076000	3077000
chr12	3077000	3078000
chr12	3078000	3079000
chr12	3079000	3080000
chr12	3080000	3081000
chr12	3081000	3082000
chr12	3082000	3083000
chr12	3083000	3084000
chr12	3084000	3085000
chr12	3085000	3086000
chr12	3086000	3087000
chr12	3087000	3088000
chr12	3088000	3089000
chr12	3089000	3090000
chr12	3090000	3091000
chr12	3091000	3092000
chr12	3092000	3093000
chr12	3093000	3094000
chr12	3094000	3095000
chr12	3095000	3096000
chr12	3096000	3097000
chr12	3097000	3098000
chr12	3098000	3099000
chr12	3099000	3100000
chr12	3100000	3101000
chr12	3101000	3102000
chr12	3102000	3103000
chr12	3103000	3104000
chr12	3104000	3105000
chr12	3105000	3106000
chr12	3106000	3107000
chr12	3107000	3108000
chr12	3108000	3109000
chr12	3109000	3110000
chr12	3110000	3111000
chr12	3111000	3112000
chr12	3112000	3113000
chr12	3113000	3114000
chr12	3114000	3115000
chr12	3115000	3116000
chr12	3116000	3117000
chr12	3117000	3118000
chr12	3118000	3119000
chr12	3119000	3120000
chr12	3120000	3121000
chr12	3121000	3122000
chr12	3122000	3123000
chr12	3123000	3124000
chr12	3124000	3125000
chr12	3125000	3126000
chr12	3126000	3127000
chr12	3127000	3128000
chr12	3128000	3129000
chr12	3129000	3130000
chr12	3130000	3131000
chr12	3131000	3132000
chr12	3132000	3133000
chr12	3133000	3134000
chr12	3134000	3135000
chr12	3135000	3136000
chr12	3136000	3137000
chr12	3137000	3138000
chr12	3138000	3139000
chr12	3139000	3140000
chr12	3140000	3141000
chr12	3141000	3142000
chr12	3142000	3143000
chr12	3143000	3144000
chr12	3144000	3145000
chr12	3145000	3146000
chr12	3147000	3148000
chr12	3148000	3149000
chr12	3149000	3150000
chr12	3150000	3151000
chr12	3151000	3152000
chr12	3152000	3153000
chr12	3153000	3154000
chr12	3154000	3155000
chr12	3155000	3156000
chr12	3156000	3157000
chr12	3157000	3158000
chr12	3158000	3159000
chr12	3159000	3160000
chr12	3160000	3161000
chr12	3161000	3162000
chr12	3162000	3163000
chr12	3163000	3164000
chr12	3164000	3165000
chr12	3165000	3166000
chr12	3166000	3167000
chr12	3167000	3168000
chr12	3168000	3169000
chr12	3169000	3170000
chr12	3170000	3171000
chr12	3171000	3172000
chr12	3172000	3173000
chr12	3173000	3174000
chr12	3174000	3175000
chr12	3175000	3176000
chr12	3176000	3177000
chr12	3177000	3178000
chr12	3178000	3179000
chr12	3179000	3180000
chr12	3180000	3181000
chr12	3181000	3182000
chr12	3182000	3183000
chr12	3183000	3184000
chr12	3184000	3185000
chr12	3185000	3186000
chr12	3186000	3187000
chr12	3187000	3188000
chr12	3188000	3189000
chr12	3189000	3190000
chr12	3190000	3191000
chr12	3191000	3192000
chr12	3192000	3193000
chr12	3193000	3194000
chr12	3194000	3195000
chr12	3195000	3196000
chr12	3196000	3197000
chr12	3197000	3198000
chr12	3198000	3199000
chr12	3199000	3200000
chr12	3200000	3201000
chr12	3201000	3202000
chr12	3202000	3203000
chr12	3203000	3204000
chr12	3204000	3205000
chr12	3205000	3206000
chr12	3206000	3207000
chr12	3207000	3208000
chr12	3208000	3209000
chr12	3209000	3210000
chr12	3210000	3211000
chr12	3211000	3212000
chr12	3212000	3213000
chr12	3213000	3214000
chr12	3214000	3215000
chr12	3215000	3216000
chr12	3216000	3217000
chr12	3217000	3218000
chr12	3218000	3219000
chr12	3219000	3220000
chr12	3220000	3221000
chr12	3221000	3222000
chr12	3222000	3223000
chr12	3223000	3224000
chr12	3224000	3225000
chr12	3225000	3226000
chr12	3226000	3227000
chr12	3227000	3228000
chr12	3228000	3229000
chr12	3229000	3230000
chr12	3230000	3231000
chr12	3231000	3232000
chr12	3232000	3233000
chr12	3233000	3234000
chr12	3234000	3235000
chr12	3235000	3236000
chr12	3236000	3237000
chr12	3237000	3238000
chr12	3238000	3239000
chr12	3239000	3240000
chr12	3243000	3244000
chr12	3246000	3247000
chr12	3248000	3249000
chr12	3249000	3250000
chr12	3250000	3251000
chr12	3251000	3252000
chr12	3252000	3253000
chr12	3253000	3254000
chr12	3254000	3255000
chr12	3255000	3256000
chr12	3256000	3257000
chr12	3257000	3258000
chr12	3258000	3259000
chr12	3259000	3260000
chr12	3263000	3264000
chr12	3264000	3265000
chr12	3265000	3266000
chr12	3266000	3267000
chr12	3267000	3268000
chr12	3268000	3269000
chr12	3269000	3270000
chr12	3270000	3271000
chr12	3271000	3272000
chr12	3272000	3273000
chr12	3273000	3274000
chr12	3274000	3275000
chr12	3275000	3276000
chr12	3276000	3277000
chr12	3277000	3278000
chr12	3278000	3279000
chr12	3279000	3280000
chr12	3280000	3281000
chr12	3281000	3282000
chr12	3282000	3283000
chr12	3283000	3284000
chr12	3284000	3285000
chr12	3285000	3286000
chr12	3286000	3287000
chr12	3287000	3288000
chr12	3288000	3289000
chr12	3289000	3290000
chr12	3290000	3291000
chr12	3291000	3292000
chr12	3292000	3293000
chr12	3293000	3294000
chr12	3294000	3295000
chr12	3295000	3296000
chr12	3296000	3297000
chr12	3297000	3298000
chr12	3298000	3299000
chr12	3299000	3300000
chr12	3300000	3301000
chr12	3301000	3302000
chr12	3302000	3303000
chr12	3303000	3304000
chr12	3304000	3305000
chr12	3305000	3306000
chr12	3306000	3307000
chr12	3307000	3308000
chr12	3308000	3309000
chr12	3309000	3310000
chr12	3310000	3311000
chr12	3311000	3312000
chr12	3312000	3313000
chr12	3313000	3314000
chr12	3314000	3315000
chr12	3315000	3316000
chr12	3316000	3317000
chr12	3317000	3318000
chr12	3319000	3320000
chr12	3321000	3322000
chr12	3323000	3324000
chr12	3324000	3325000
chr12	3325000	3326000
chr12	3326000	3327000
chr12	3327000	3328000
chr12	3328000	3329000
chr12	3329000	3330000
chr12	3330000	3331000
chr12	3331000	3332000
chr12	3332000	3333000
chr12	3333000	3334000
chr12	3334000	3335000
chr12	3336000	3337000
chr12	3338000	3339000
chr12	3339000	3340000
chr12	3340000	3341000
chr12	3341000	3342000
chr12	3342000	3343000
chr12	3343000	3344000
chr12	3344000	3345000
chr12	3345000	3346000
chr12	3346000	3347000
chr12	3347000	3348000
chr12	3348000	3349000
chr12	3349000	3350000
chr12	3350000	3351000
chr12	3351000	3352000
chr12	3352000	3353000
chr12	3353000	3354000
chr12	3354000	3355000
chr12	3355000	3356000
chr12	3356000	3357000
chr12	3357000	3358000
chr12	3358000	3359000
chr12	3359000	3360000
chr12	3360000	3361000
chr12	3361000	3362000
chr12	3362000	3363000
chr12	3363000	3364000
chr12	3364000	3365000
chr12	3365000	3366000
chr12	3366000	3367000
chr12	3367000	3368000
chr12	3368000	3369000
chr12	3369000	3370000
chr12	3370000	3371000
chr12	3371000	3372000
chr12	3372000	3373000
chr12	3373000	3374000
chr12	3374000	3375000
chr12	3375000	3376000
chr12	3377000	3378000
chr12	3378000	3379000
chr12	3379000	3380000
chr12	3380000	3381000
chr12	3381000	3382000
chr12	3382000	3383000
chr12	3383000	3384000
chr12	3384000	3385000
chr12	3385000	3386000
chr12	3386000	3387000
chr12	3387000	3388000
chr12	3388000	3389000
chr12	3389000	3390000
chr12	3390000	3391000
chr12	3391000	3392000
chr12	3392000	3393000
chr12	3393000	3394000
chr12	3394000	3395000
chr12	3396000	3397000
chr12	3397000	3398000
chr12	3398000	3399000
chr12	3399000	3400000
chr12	3400000	3401000
chr12	3401000	3402000
chr12	3402000	3403000
chr12	3403000	3404000
chr12	3404000	3405000
chr12	3405000	3406000
chr12	3406000	3407000
chr12	3407000	3408000
chr12	3408000	3409000
chr12	3409000	3410000
chr12	3410000	3411000
chr12	3411000	3412000
chr12	3412000	3413000
chr12	3413000	3414000
chr12	3414000	3415000
chr12	3415000	3416000
chr12	3416000	3417000
chr12	3417000	3418000
chr12	3418000	3419000
chr12	3419000	3420000
chr12	3420000	3421000
chr12	3421000	3422000
chr12	3422000	3423000
chr12	3423000	3424000
chr12	3424000	3425000
chr12	3425000	3426000
chr12	3426000	3427000
chr12	3427000	3428000
chr12	3428000	3429000
chr12	3429000	3430000
chr12	3430000	3431000
chr12	3431000	3432000
chr12	3432000	3433000
chr12	3433000	3434000
chr12	3434000	3435000
chr12	3435000	3436000
chr12	3436000	3437000
chr12	3437000	3438000
chr12	3438000	3439000
chr12	3439000	3440000
chr12	3440000	3441000
chr12	3441000	3442000
chr12	3442000	3443000
chr12	3443000	3444000
chr12	3444000	3445000
chr12	3446000	3447000
chr12	3447000	3448000
chr12	3448000	3449000
chr12	3449000	3450000
chr12	3450000	3451000
chr12	3451000	3452000
chr12	3452000	3453000
chr12	3453000	3454000
chr12	3454000	3455000
chr12	3455000	3456000
chr12	3456000	3457000
chr12	3457000	3458000
chr12	3458000	3459000
chr12	3459000	3460000
chr12	3460000	3461000
chr12	3461000	3462000
chr12	3462000	3463000
chr12	3463000	3464000
chr12	3464000	3465000
chr12	3465000	3466000
chr12	3466000	3467000
chr12	3467000	3468000
chr12	3468000	3469000
chr12	3469000	3470000
chr12	3470000	3471000
chr12	3472000	3473000
chr12	3473000	3474000
chr12	3474000	3475000
chr12	3476000	3477000
chr12	3477000	3478000
chr12	3478000	3479000
chr12	3479000	3480000
chr12	3480000	3481000
chr12	3481000	3482000
chr12	3482000	3483000
chr12	3483000	3484000
chr12	3484000	3485000
chr12	3485000	3486000
chr12	3486000	3487000
chr12	3488000	3489000
chr12	3492000	3493000
chr12	3493000	3494000
chr12	3495000	3496000
chr12	3499000	3500000
chr12	3501000	3502000
chr12	3504000	3505000
chr12	3505000	3506000
chr12	3506000	3507000
chr12	3507000	3508000
chr12	3508000	3509000
chr12	3509000	3510000
chr12	3510000	3511000
chr12	3512000	3513000
chr12	3513000	3514000
chr12	3514000	3515000
chr12	3515000	3516000
chr12	3516000	3517000
chr12	3517000	3518000
chr12	3518000	3519000
chr12	3519000	3520000
chr12	3520000	3521000
chr12	3521000	3522000
chr12	3522000	3523000
chr12	3523000	3524000
chr12	3525000	3526000
chr12	3526000	3527000
chr12	3527000	3528000
chr12	3528000	3529000
chr12	3529000	3530000
chr12	3530000	3531000
chr12	3531000	3532000
chr12	3532000	3533000
chr12	3533000	3534000
chr12	3534000	3535000
chr12	3535000	3536000
chr12	3536000	3537000
chr12	3537000	3538000
chr12	3538000	3539000
chr12	3539000	3540000
chr12	3540000	3541000
chr12	3541000	3542000
chr12	3542000	3543000
chr12	3543000	3544000
chr12	3544000	3545000
chr12	3545000	3546000
chr12	3546000	3547000
chr12	3547000	3548000
chr12	3548000	3549000
chr12	3549000	3550000
chr12	3550000	3551000
chr12	3551000	3552000
chr12	3552000	3553000
chr12	3553000	3554000
chr12	3554000	3555000
chr12	3555000	3556000
chr12	3556000	3557000
chr12	3557000	3558000
chr12	3558000	3559000
chr12	3559000	3560000
chr12	3560000	3561000
chr12	3561000	3562000
chr12	3562000	3563000
chr12	3563000	3564000
chr12	3564000	3565000
chr12	3565000	3566000
chr12	3566000	3567000
chr12	3567000	3568000
chr12	3568000	3569000
chr12	3569000	3570000
chr12	3570000	3571000
chr12	3571000	3572000
chr12	3572000	3573000
chr12	3573000	3574000
chr12	3574000	3575000
chr12	3575000	3576000
chr12	3576000	3577000
chr12	3577000	3578000
chr12	3578000	3579000
chr12	3579000	3580000
chr12	3580000	3581000
chr12	3581000	3582000
chr12	3582000	3583000
chr12	3583000	3584000
chr12	3584000	3585000
chr12	3585000	3586000
chr12	3586000	3587000
chr12	3587000	3588000
chr12	3588000	3589000
chr12	3589000	3590000
chr12	3590000	3591000
chr12	3591000	3592000
chr12	3592000	3593000
chr12	3594000	3595000
chr12	3595000	3596000
chr12	3596000	3597000
chr12	3597000	3598000
chr12	3598000	3599000
chr12	3599000	3600000
chr12	3600000	3601000
chr12	3601000	3602000
chr12	3602000	3603000
chr12	3603000	3604000
chr12	3604000	3605000
chr12	3605000	3606000
chr12	3606000	3607000
chr12	3607000	3608000
chr12	3608000	3609000
chr12	3609000	3610000
chr12	3610000	3611000
chr12	3611000	3612000
chr12	3612000	3613000
chr12	3613000	3614000
chr12	3614000	3615000
chr12	3615000	3616000
chr12	3616000	3617000
chr12	3617000	3618000
chr12	3618000	3619000
chr12	3619000	3620000
chr12	3620000	3621000
chr12	3621000	3622000
chr12	3622000	3623000
chr12	3623000	3624000
chr12	3624000	3625000
chr12	3625000	3626000
chr12	3626000	3627000
chr12	3627000	3628000
chr12	3628000	3629000
chr12	3629000	3630000
chr12	3630000	3631000
chr12	3631000	3632000
chr12	3632000	3633000
chr12	3633000	3634000
chr12	3634000	3635000
chr12	3635000	3636000
chr12	3636000	3637000
chr12	3637000	3638000
chr12	3638000	3639000
chr12	3639000	3640000
chr12	3640000	3641000
chr12	3641000	3642000
chr12	3642000	3643000
chr12	3643000	3644000
chr12	3644000	3645000
chr12	3645000	3646000
chr12	3646000	3647000
chr12	3647000	3648000
chr12	3648000	3649000
chr12	3649000	3650000
chr12	3650000	3651000
chr12	3651000	3652000
chr12	3652000	3653000
chr12	3653000	3654000
chr12	3654000	3655000
chr12	3656000	3657000
chr12	3657000	3658000
chr12	3658000	3659000
chr12	3659000	3660000
chr12	3660000	3661000
chr12	3661000	3662000
chr12	3662000	3663000
chr12	3663000	3664000
chr12	3664000	3665000
chr12	3665000	3666000
chr12	3666000	3667000
chr12	3667000	3668000
chr12	3668000	3669000
chr12	3669000	3670000
chr12	3670000	3671000
chr12	3671000	3672000
chr12	3672000	3673000
chr12	3673000	3674000
chr12	3674000	3675000
chr12	3675000	3676000
chr12	3676000	3677000
chr12	3677000	3678000
chr12	3678000	3679000
chr12	3679000	3680000
chr12	3680000	3681000
chr12	3681000	3682000
chr12	3682000	3683000
chr12	3684000	3685000
chr12	3685000	3686000
chr12	3686000	3687000
chr12	3687000	3688000
chr12	3688000	3689000
chr12	3689000	3690000
chr12	3690000	3691000
chr12	3692000	3693000
chr12	3693000	3694000
chr12	3694000	3695000
chr12	3695000	3696000
chr12	3696000	3697000
chr12	3697000	3698000
chr12	3698000	3699000
chr12	3699000	3700000
chr12	3700000	3701000
chr12	3701000	3702000
chr12	3702000	3703000
chr12	3703000	3704000
chr12	3704000	3705000
chr12	3705000	3706000
chr12	3706000	3707000
chr12	3707000	3708000
chr12	3708000	3709000
chr12	3709000	3710000
chr12	3710000	3711000
chr12	3711000	3712000
chr12	3712000	3713000
chr12	3713000	3714000
chr12	3715000	3716000
chr12	3716000	3717000
chr12	3717000	3718000
chr12	3718000	3719000
chr12	3719000	3720000
chr12	3720000	3721000
chr12	3721000	3722000
chr12	3722000	3723000
chr12	3723000	3724000
chr12	3741000	3742000
chr12	3742000	3743000
chr12	3743000	3744000
chr12	3744000	3745000
chr12	3745000	3746000
chr12	3746000	3747000
chr12	3752000	3753000
chr12	3753000	3754000
chr12	3754000	3755000
chr12	3755000	3756000
chr12	3756000	3757000
chr12	3757000	3758000
chr12	3758000	3759000
chr12	3759000	3760000
chr12	3760000	3761000
chr12	3761000	3762000
chr12	3762000	3763000
chr12	3763000	3764000
chr12	3764000	3765000
chr12	3765000	3766000
chr12	3766000	3767000
chr12	3767000	3768000
chr12	3768000	3769000
chr12	3769000	3770000
chr12	3770000	3771000
chr12	3771000	3772000
chr12	3772000	3773000
chr12	3773000	3774000
chr12	3774000	3775000
chr12	3775000	3776000
chr12	3776000	3777000
chr12	3777000	3778000
chr12	3778000	3779000
chr12	3779000	3780000
chr12	3780000	3781000
chr12	3781000	3782000
chr12	3782000	3783000
chr12	3783000	3784000
chr12	3784000	3785000
chr12	3785000	3786000
chr12	3786000	3787000
chr12	3787000	3788000
chr12	3788000	3789000
chr12	3789000	3790000
chr12	3790000	3791000
chr12	3791000	3792000
chr12	3792000	3793000
chr12	3793000	3794000
chr12	3794000	3795000
chr12	3795000	3796000
chr12	3796000	3797000
chr12	3797000	3798000
chr12	3798000	3799000
chr12	3799000	3800000
chr12	3800000	3801000
chr12	3801000	3802000
chr12	3802000	3803000
chr12	3803000	3804000
chr12	3804000	3805000
chr12	3805000	3806000
chr12	3806000	3807000
chr12	3807000	3808000
chr12	3808000	3809000
chr12	3809000	3810000
chr12	3810000	3811000
chr12	3811000	3812000
chr12	3812000	3813000
chr12	3813000	3814000
chr12	3814000	3815000
chr12	3815000	3816000
chr12	3816000	3817000
chr12	3817000	3818000
chr12	3818000	3819000
chr12	3819000	3820000
chr12	3820000	3821000
chr12	3821000	3822000
chr12	3822000	3823000
chr12	3823000	3824000
chr12	3824000	3825000
chr12	3825000	3826000
chr12	3826000	3827000
chr12	3827000	3828000
chr12	3828000	3829000
chr12	3829000	3830000
chr12	3830000	3831000
chr12	3831000	3832000
chr12	3832000	3833000
chr12	3833000	3834000
chr12	3834000	3835000
chr12	3835000	3836000
chr12	3836000	3837000
chr12	3837000	3838000
chr12	3838000	3839000
chr12	3839000	3840000
chr12	3840000	3841000
chr12	3841000	3842000
chr12	3842000	3843000
chr12	3843000	3844000
chr12	3844000	3845000
chr12	3845000	3846000
chr12	3846000	3847000
chr12	3847000	3848000
chr12	3848000	3849000
chr12	3849000	3850000
chr12	3850000	3851000
chr12	3851000	3852000
chr12	3852000	3853000
chr12	3853000	3854000
chr12	3854000	3855000
chr12	3855000	3856000
chr12	3856000	3857000
chr12	3857000	3858000
chr12	3858000	3859000
chr12	3859000	3860000
chr12	3860000	3861000
chr12	3861000	3862000
chr12	3862000	3863000
chr12	3863000	3864000
chr12	3864000	3865000
chr12	3865000	3866000
chr12	3866000	3867000
chr12	3867000	3868000
chr12	3868000	3869000
chr12	3869000	3870000
chr12	3870000	3871000
chr12	3871000	3872000
chr12	3872000	3873000
chr12	3873000	3874000
chr12	3874000	3875000
chr12	3875000	3876000
chr12	3876000	3877000
chr12	3877000	3878000
chr12	3878000	3879000
chr12	3879000	3880000
chr12	3880000	3881000
chr12	3882000	3883000
chr12	3883000	3884000
chr12	3884000	3885000
chr12	3885000	3886000
chr12	3886000	3887000
chr12	3888000	3889000
chr12	3889000	3890000
chr12	3891000	3892000
chr12	3892000	3893000
chr12	3893000	3894000
chr12	3894000	3895000
chr12	3895000	3896000
chr12	3896000	3897000
chr12	3897000	3898000
chr12	3899000	3900000
chr12	3900000	3901000
chr12	3901000	3902000
chr12	3902000	3903000
chr12	3903000	3904000
chr12	3904000	3905000
chr12	3905000	3906000
chr12	3906000	3907000
chr12	3907000	3908000
chr12	3908000	3909000
chr12	3909000	3910000
chr12	3910000	3911000
chr12	3912000	3913000
chr12	3913000	3914000
chr12	3914000	3915000
chr12	3915000	3916000
chr12	3916000	3917000
chr12	3917000	3918000
chr12	3918000	3919000
chr12	3919000	3920000
chr12	3920000	3921000
chr12	3921000	3922000
chr12	3922000	3923000
chr12	3923000	3924000
chr12	3924000	3925000
chr12	3925000	3926000
chr12	3927000	3928000
chr12	3928000	3929000
chr12	3929000	3930000
chr12	3930000	3931000
chr12	3931000	3932000
chr12	3932000	3933000
chr12	3933000	3934000
chr12	3934000	3935000
chr12	3935000	3936000
chr12	3936000	3937000
chr12	3937000	3938000
chr12	3938000	3939000
chr12	3939000	3940000
chr12	3940000	3941000
chr12	3941000	3942000
chr12	3942000	3943000
chr12	3943000	3944000
chr12	3944000	3945000
chr12	3945000	3946000
chr12	3946000	3947000
chr12	3947000	3948000
chr12	3948000	3949000
chr12	3949000	3950000
chr12	3950000	3951000
chr12	3951000	3952000
chr12	3952000	3953000
chr12	3953000	3954000
chr12	3954000	3955000
chr12	3955000	3956000
chr12	3956000	3957000
chr12	3957000	3958000
chr12	3958000	3959000
chr12	3959000	3960000
chr12	3960000	3961000
chr12	3961000	3962000
chr12	3962000	3963000
chr12	3963000	3964000
chr12	3964000	3965000
chr12	3965000	3966000
chr12	3966000	3967000
chr12	3967000	3968000
chr12	3968000	3969000
chr12	3969000	3970000
chr12	3970000	3971000
chr12	3971000	3972000
chr12	3972000	3973000
chr12	3973000	3974000
chr12	3974000	3975000
chr12	3975000	3976000
chr12	3976000	3977000
chr12	3977000	3978000
chr12	3978000	3979000
chr12	3979000	3980000
chr12	3981000	3982000
chr12	3982000	3983000
chr12	3983000	3984000
chr12	3985000	3986000
chr12	3987000	3988000
chr12	3988000	3989000
chr12	3989000	3990000
chr12	3990000	3991000
chr12	3991000	3992000
chr12	3992000	3993000
chr12	3993000	3994000
chr12	3994000	3995000
chr12	3995000	3996000
chr12	3996000	3997000
chr12	3997000	3998000
chr12	3998000	3999000
chr12	3999000	4000000
chr12	4000000	4001000
chr12	4001000	4002000
chr12	4002000	4003000
chr12	4003000	4004000
chr12	4004000	4005000
chr12	4005000	4006000
chr12	4006000	4007000
chr12	4007000	4008000
chr12	4008000	4009000
chr12	4009000	4010000
chr12	4010000	4011000
chr12	4011000	4012000
chr12	4012000	4013000
chr12	4013000	4014000
chr12	4014000	4015000
chr12	4015000	4016000
chr12	4016000	4017000
chr12	4017000	4018000
chr12	4018000	4019000
chr12	4019000	4020000
chr12	4020000	4021000
chr12	4021000	4022000
chr12	4022000	4023000
chr12	4023000	4024000
chr12	4024000	4025000
chr12	4025000	4026000
chr12	4026000	4027000
chr12	4027000	4028000
chr12	4028000	4029000
chr12	4029000	4030000
chr12	4030000	4031000
chr12	4031000	4032000
chr12	4032000	4033000
chr12	4033000	4034000
chr12	4034000	4035000
chr12	4035000	4036000
chr12	4036000	4037000
chr12	4037000	4038000
chr12	4038000	4039000
chr12	4039000	4040000
chr12	4040000	4041000
chr12	4041000	4042000
chr12	4042000	4043000
chr12	4043000	4044000
chr12	4044000	4045000
chr12	4045000	4046000
chr12	4046000	4047000
chr12	4047000	4048000
chr12	4048000	4049000
chr12	4049000	4050000
chr12	4050000	4051000
chr12	4051000	4052000
chr12	4052000	4053000
chr12	4053000	4054000
chr12	4054000	4055000
chr12	4055000	4056000
chr12	4056000	4057000
chr12	4057000	4058000
chr12	4058000	4059000
chr12	4059000	4060000
chr12	4060000	4061000
chr12	4061000	4062000
chr12	4062000	4063000
chr12	4063000	4064000
chr12	4064000	4065000
chr12	4065000	4066000
chr12	4066000	4067000
chr12	4067000	4068000
chr12	4068000	4069000
chr12	4069000	4070000
chr12	4070000	4071000
chr12	4071000	4072000
chr12	4072000	4073000
chr12	4073000	4074000
chr12	4074000	4075000
chr12	4075000	4076000
chr12	4076000	4077000
chr12	4077000	4078000
chr12	4078000	4079000
chr12	4079000	4080000
chr12	4080000	4081000
chr12	4081000	4082000
chr12	4082000	4083000
chr12	4083000	4084000
chr12	4084000	4085000
chr12	4085000	4086000
chr12	4086000	4087000
chr12	4087000	4088000
chr12	4088000	4089000
chr12	4089000	4090000
chr12	4090000	4091000
chr12	4091000	4092000
chr12	4092000	4093000
chr12	4093000	4094000
chr12	4094000	4095000
chr12	4095000	4096000
chr12	4096000	4097000
chr12	4097000	4098000
chr12	4098000	4099000
chr12	4099000	4100000
chr12	4100000	4101000
chr12	4101000	4102000
chr12	4102000	4103000
chr12	4103000	4104000
chr12	4104000	4105000
chr12	4105000	4106000
chr12	4106000	4107000
chr12	4107000	4108000
chr12	4108000	4109000
chr12	4109000	4110000
chr12	4110000	4111000
chr12	4111000	4112000
chr12	4112000	4113000
chr12	4113000	4114000
chr12	4114000	4115000
chr12	4115000	4116000
chr12	4116000	4117000
chr12	4117000	4118000
chr12	4118000	4119000
chr12	4119000	4120000
chr12	4120000	4121000
chr12	4121000	4122000
chr12	4122000	4123000
chr12	4123000	4124000
chr12	4124000	4125000
chr12	4125000	4126000
chr12	4126000	4127000
chr12	4127000	4128000
chr12	4128000	4129000
chr12	4129000	4130000
chr12	4130000	4131000
chr12	4131000	4132000
chr12	4132000	4133000
chr12	4133000	4134000
chr12	4134000	4135000
chr12	4135000	4136000
chr12	4136000	4137000
chr12	4137000	4138000
chr12	4138000	4139000
chr12	4139000	4140000
chr12	4140000	4141000
chr12	4141000	4142000
chr12	4142000	4143000
chr12	4143000	4144000
chr12	4144000	4145000
chr12	4145000	4146000
chr12	4146000	4147000
chr12	4147000	4148000
chr12	4148000	4149000
chr12	4149000	4150000
chr12	4150000	4151000
chr12	4152000	4153000
chr12	4153000	4154000
chr12	4155000	4156000
chr12	4156000	4157000
chr12	4157000	4158000
chr12	4158000	4159000
chr12	4159000	4160000
chr12	4165000	4166000
chr12	4166000	4167000
chr12	4168000	4169000
chr12	4169000	4170000
chr12	4170000	4171000
chr12	4171000	4172000
chr12	4175000	4176000
chr12	4176000	4177000
chr12	4178000	4179000
chr12	4179000	4180000
chr12	4181000	4182000
chr12	4182000	4183000
chr12	4183000	4184000
chr12	4185000	4186000
chr12	4186000	4187000
chr12	4187000	4188000
chr12	4188000	4189000
chr12	4189000	4190000
chr12	4190000	4191000
chr12	4191000	4192000
chr12	4192000	4193000
chr12	4194000	4195000
chr12	4196000	4197000
chr12	4197000	4198000
chr12	4198000	4199000
chr12	4199000	4200000
chr12	4200000	4201000
chr12	4202000	4203000
chr12	4206000	4207000
chr12	4208000	4209000
chr12	4209000	4210000
chr12	4211000	4212000
chr12	4212000	4213000
chr12	4214000	4215000
chr12	4215000	4216000
chr12	4216000	4217000
chr12	4219000	4220000
chr12	4220000	4221000
chr12	4221000	4222000
chr12	4222000	4223000
chr12	4224000	4225000
chr12	4225000	4226000
chr12	4226000	4227000
chr12	4227000	4228000
chr12	4228000	4229000
chr12	4229000	4230000
chr12	4230000	4231000
chr12	4231000	4232000
chr12	4234000	4235000
chr12	4235000	4236000
chr12	4236000	4237000
chr12	4239000	4240000
chr12	4240000	4241000
chr12	4241000	4242000
chr12	4242000	4243000
chr12	4243000	4244000
chr12	4244000	4245000
chr12	4246000	4247000
chr12	4247000	4248000
chr12	4254000	4255000
chr12	4255000	4256000
chr12	4256000	4257000
chr12	4257000	4258000
chr12	4258000	4259000
chr12	4259000	4260000
chr12	4260000	4261000
chr12	4262000	4263000
chr12	4263000	4264000
chr12	4264000	4265000
chr12	4265000	4266000
chr12	4266000	4267000
chr12	4267000	4268000
chr12	4268000	4269000
chr12	4269000	4270000
chr12	4270000	4271000
chr12	4271000	4272000
chr12	4272000	4273000
chr12	4273000	4274000
chr12	4276000	4277000
chr12	4278000	4279000
chr12	4280000	4281000
chr12	4282000	4283000
chr12	4283000	4284000
chr12	4285000	4286000
chr12	4288000	4289000
chr12	4289000	4290000
chr12	4291000	4292000
chr12	4292000	4293000
chr12	4293000	4294000
chr12	4294000	4295000
chr12	4299000	4300000
chr12	4300000	4301000
chr12	4301000	4302000
chr12	4302000	4303000
chr12	4303000	4304000
chr12	4304000	4305000
chr12	4305000	4306000
chr12	4308000	4309000
chr12	4309000	4310000
chr12	4310000	4311000
chr12	4311000	4312000
chr12	4312000	4313000
chr12	4313000	4314000
chr12	4314000	4315000
chr12	4315000	4316000
chr12	4316000	4317000
chr12	4317000	4318000
chr12	4318000	4319000
chr12	4319000	4320000
chr12	4320000	4321000
chr12	4321000	4322000
chr12	4322000	4323000
chr12	4324000	4325000
chr12	4325000	4326000
chr12	4326000	4327000
chr12	4327000	4328000
chr12	4328000	4329000
chr12	4329000	4330000
chr12	4330000	4331000
chr12	4331000	4332000
chr12	4332000	4333000
chr12	4333000	4334000
chr12	4334000	4335000
chr12	4335000	4336000
chr12	4336000	4337000
chr12	4337000	4338000
chr12	4338000	4339000
chr12	4339000	4340000
chr12	4340000	4341000
chr12	4341000	4342000
chr12	4342000	4343000
chr12	4343000	4344000
chr12	4344000	4345000
chr12	4345000	4346000
chr12	4346000	4347000
chr12	4347000	4348000
chr12	4348000	4349000
chr12	4349000	4350000
chr12	4350000	4351000
chr12	4351000	4352000
chr12	4352000	4353000
chr12	4353000	4354000
chr12	4354000	4355000
chr12	4355000	4356000
chr12	4356000	4357000
chr12	4357000	4358000
chr12	4358000	4359000
chr12	4359000	4360000
chr12	4360000	4361000
chr12	4361000	4362000
chr12	4362000	4363000
chr12	4363000	4364000
chr12	4364000	4365000
chr12	4365000	4366000
chr12	4366000	4367000
chr12	4367000	4368000
chr12	4368000	4369000
chr12	4369000	4370000
chr12	4370000	4371000
chr12	4371000	4372000
chr12	4372000	4373000
chr12	4373000	4374000
chr12	4374000	4375000
chr12	4375000	4376000
chr12	4376000	4377000
chr12	4377000	4378000
chr12	4378000	4379000
chr12	4379000	4380000
chr12	4380000	4381000
chr12	4381000	4382000
chr12	4382000	4383000
chr12	4383000	4384000
chr12	4384000	4385000
chr12	4385000	4386000
chr12	4386000	4387000
chr12	4387000	4388000
chr12	4388000	4389000
chr12	4389000	4390000
chr12	4390000	4391000
chr12	4391000	4392000
chr12	4392000	4393000
chr12	4393000	4394000
chr12	4394000	4395000
chr12	4395000	4396000
chr12	4396000	4397000
chr12	4397000	4398000
chr12	4398000	4399000
chr12	4399000	4400000
chr12	4400000	4401000
chr12	4401000	4402000
chr12	4402000	4403000
chr12	4403000	4404000
chr12	4405000	4406000
chr12	4406000	4407000
chr12	4407000	4408000
chr12	4408000	4409000
chr12	4409000	4410000
chr12	4410000	4411000
chr12	4411000	4412000
chr12	4412000	4413000
chr12	4413000	4414000
chr12	4414000	4415000
chr12	4415000	4416000
chr12	4416000	4417000
chr12	4417000	4418000
chr12	4418000	4419000
chr12	4419000	4420000
chr12	4420000	4421000
chr12	4421000	4422000
chr12	4422000	4423000
chr12	4423000	4424000
chr12	4424000	4425000
chr12	4425000	4426000
chr12	4426000	4427000
chr12	4427000	4428000
chr12	4428000	4429000
chr12	4429000	4430000
chr12	4430000	4431000
chr12	4431000	4432000
chr12	4432000	4433000
chr12	4434000	4435000
chr12	4435000	4436000
chr12	4436000	4437000
chr12	4437000	4438000
chr12	4438000	4439000
chr12	4439000	4440000
chr12	4440000	4441000
chr12	4441000	4442000
chr12	4442000	4443000
chr12	4443000	4444000
chr12	4444000	4445000
chr12	4445000	4446000
chr12	4446000	4447000
chr12	4447000	4448000
chr12	4448000	4449000
chr12	4450000	4451000
chr12	4451000	4452000
chr12	4452000	4453000
chr12	4453000	4454000
chr12	4454000	4455000
chr12	4455000	4456000
chr12	4456000	4457000
chr12	4457000	4458000
chr12	4458000	4459000
chr12	4459000	4460000
chr12	4460000	4461000
chr12	4461000	4462000
chr12	4462000	4463000
chr12	4463000	4464000
chr12	4464000	4465000
chr12	4465000	4466000
chr12	4466000	4467000
chr12	4467000	4468000
chr12	4469000	4470000
chr12	4470000	4471000
chr12	4471000	4472000
chr12	4472000	4473000
chr12	4473000	4474000
chr12	4474000	4475000
chr12	4475000	4476000
chr12	4476000	4477000
chr12	4477000	4478000
chr12	4478000	4479000
chr12	4479000	4480000
chr12	4480000	4481000
chr12	4481000	4482000
chr12	4482000	4483000
chr12	4483000	4484000
chr12	4484000	4485000
chr12	4485000	4486000
chr12	4486000	4487000
chr12	4487000	4488000
chr12	4488000	4489000
chr12	4489000	4490000
chr12	4490000	4491000
chr12	4491000	4492000
chr12	4492000	4493000
chr12	4493000	4494000
chr12	4494000	4495000
chr12	4495000	4496000
chr12	4496000	4497000
chr12	4497000	4498000
chr12	4498000	4499000
chr12	4499000	4500000
chr12	4500000	4501000
chr12	4501000	4502000
chr12	4502000	4503000
chr12	4503000	4504000
chr12	4504000	4505000
chr12	4505000	4506000
chr12	4506000	4507000
chr12	4507000	4508000
chr12	4508000	4509000
chr12	4509000	4510000
chr12	4510000	4511000
chr12	4511000	4512000
chr12	4512000	4513000
chr12	4513000	4514000
chr12	4514000	4515000
chr12	4515000	4516000
chr12	4516000	4517000
chr12	4517000	4518000
chr12	4518000	4519000
chr12	4519000	4520000
chr12	4520000	4521000
chr12	4521000	4522000
chr12	4522000	4523000
chr12	4523000	4524000
chr12	4524000	4525000
chr12	4525000	4526000
chr12	4526000	4527000
chr12	4527000	4528000
chr12	4528000	4529000
chr12	4529000	4530000
chr12	4530000	4531000
chr12	4531000	4532000
chr12	4532000	4533000
chr12	4533000	4534000
chr12	4534000	4535000
chr12	4535000	4536000
chr12	4536000	4537000
chr12	4537000	4538000
chr12	4538000	4539000
chr12	4540000	4541000
chr12	4541000	4542000
chr12	4542000	4543000
chr12	4543000	4544000
chr12	4544000	4545000
chr12	4545000	4546000
chr12	4547000	4548000
chr12	4548000	4549000
chr12	4549000	4550000
chr12	4550000	4551000
chr12	4551000	4552000
chr12	4553000	4554000
chr12	4554000	4555000
chr12	4555000	4556000
chr12	4556000	4557000
chr12	4557000	4558000
chr12	4558000	4559000
chr12	4559000	4560000
chr12	4560000	4561000
chr12	4561000	4562000
chr12	4562000	4563000
chr12	4563000	4564000
chr12	4564000	4565000
chr12	4565000	4566000
chr12	4566000	4567000
chr12	4567000	4568000
chr12	4568000	4569000
chr12	4569000	4570000
chr12	4570000	4571000
chr12	4571000	4572000
chr12	4572000	4573000
chr12	4573000	4574000
chr12	4574000	4575000
chr12	4575000	4576000
chr12	4576000	4577000
chr12	4577000	4578000
chr12	4578000	4579000
chr12	4579000	4580000
chr12	4580000	4581000
chr12	4581000	4582000
chr12	4582000	4583000
chr12	4583000	4584000
chr12	4584000	4585000
chr12	4585000	4586000
chr12	4586000	4587000
chr12	4587000	4588000
chr12	4588000	4589000
chr12	4589000	4590000
chr12	4590000	4591000
chr12	4591000	4592000
chr12	4592000	4593000
chr12	4593000	4594000
chr12	4594000	4595000
chr12	4596000	4597000
chr12	4597000	4598000
chr12	4598000	4599000
chr12	4599000	4600000
chr12	4600000	4601000
chr12	4601000	4602000
chr12	4602000	4603000
chr12	4603000	4604000
chr12	4604000	4605000
chr12	4605000	4606000
chr12	4606000	4607000
chr12	4607000	4608000
chr12	4608000	4609000
chr12	4609000	4610000
chr12	4610000	4611000
chr12	4611000	4612000
chr12	4612000	4613000
chr12	4613000	4614000
chr12	4614000	4615000
chr12	4615000	4616000
chr12	4616000	4617000
chr12	4617000	4618000
chr12	4618000	4619000
chr12	4619000	4620000
chr12	4620000	4621000
chr12	4621000	4622000
chr12	4622000	4623000
chr12	4623000	4624000
chr12	4624000	4625000
chr12	4625000	4626000
chr12	4626000	4627000
chr12	4627000	4628000
chr12	4628000	4629000
chr12	4629000	4630000
chr12	4630000	4631000
chr12	4631000	4632000
chr12	4632000	4633000
chr12	4633000	4634000
chr12	4634000	4635000
chr12	4635000	4636000
chr12	4636000	4637000
chr12	4637000	4638000
chr12	4638000	4639000
chr12	4639000	4640000
chr12	4648000	4649000
chr12	4649000	4650000
chr12	4650000	4651000
chr12	4651000	4652000
chr12	4652000	4653000
chr12	4653000	4654000
chr12	4654000	4655000
chr12	4656000	4657000
chr12	4657000	4658000
chr12	4658000	4659000
chr12	4659000	4660000
chr12	4660000	4661000
chr12	4661000	4662000
chr12	4665000	4666000
chr12	4666000	4667000
chr12	4667000	4668000
chr12	4668000	4669000
chr12	4669000	4670000
chr12	4670000	4671000
chr12	4671000	4672000
chr12	4672000	4673000
chr12	4673000	4674000
chr12	4674000	4675000
chr12	4675000	4676000
chr12	4676000	4677000
chr12	4677000	4678000
chr12	4678000	4679000
chr12	4679000	4680000
chr12	4680000	4681000
chr12	4681000	4682000
chr12	4682000	4683000
chr12	4683000	4684000
chr12	4684000	4685000
chr12	4685000	4686000
chr12	4686000	4687000
chr12	4687000	4688000
chr12	4688000	4689000
chr12	4689000	4690000
chr12	4690000	4691000
chr12	4691000	4692000
chr12	4692000	4693000
chr12	4693000	4694000
chr12	4694000	4695000
chr12	4695000	4696000
chr12	4696000	4697000
chr12	4697000	4698000
chr12	4698000	4699000
chr12	4699000	4700000
chr12	4700000	4701000
chr12	4701000	4702000
chr12	4702000	4703000
chr12	4703000	4704000
chr12	4704000	4705000
chr12	4705000	4706000
chr12	4706000	4707000
chr12	4707000	4708000
chr12	4708000	4709000
chr12	4709000	4710000
chr12	4710000	4711000
chr12	4711000	4712000
chr12	4712000	4713000
chr12	4713000	4714000
chr12	4714000	4715000
chr12	4715000	4716000
chr12	4716000	4717000
chr12	4717000	4718000
chr12	4718000	4719000
chr12	4719000	4720000
chr12	4720000	4721000
chr12	4721000	4722000
chr12	4722000	4723000
chr12	4723000	4724000
chr12	4724000	4725000
chr12	4725000	4726000
chr12	4726000	4727000
chr12	4727000	4728000
chr12	4728000	4729000
chr12	4729000	4730000
chr12	4730000	4731000
chr12	4731000	4732000
chr12	4732000	4733000
chr12	4733000	4734000
chr12	4734000	4735000
chr12	4735000	4736000
chr12	4736000	4737000
chr12	4737000	4738000
chr12	4738000	4739000
chr12	4739000	4740000
chr12	4740000	4741000
chr12	4741000	4742000
chr12	4742000	4743000
chr12	4743000	4744000
chr12	4744000	4745000
chr12	4745000	4746000
chr12	4746000	4747000
chr12	4747000	4748000
chr12	4748000	4749000
chr12	4749000	4750000
chr12	4750000	4751000
chr12	4751000	4752000
chr12	4752000	4753000
chr12	4753000	4754000
chr12	4754000	4755000
chr12	4755000	4756000
chr12	4756000	4757000
chr12	4757000	4758000
chr12	4758000	4759000
chr12	4759000	4760000
chr12	4760000	4761000
chr12	4761000	4762000
chr12	4762000	4763000
chr12	4763000	4764000
chr12	4764000	4765000
chr12	4765000	4766000
chr12	4766000	4767000
chr12	4767000	4768000
chr12	4768000	4769000
chr12	4769000	4770000
chr12	4770000	4771000
chr12	4771000	4772000
chr12	4772000	4773000
chr12	4773000	4774000
chr12	4774000	4775000
chr12	4775000	4776000
chr12	4776000	4777000
chr12	4777000	4778000
chr12	4778000	4779000
chr12	4779000	4780000
chr12	4780000	4781000
chr12	4781000	4782000
chr12	4782000	4783000
chr12	4783000	4784000
chr12	4784000	4785000
chr12	4785000	4786000
chr12	4786000	4787000
chr12	4787000	4788000
chr12	4788000	4789000
chr12	4789000	4790000
chr12	4790000	4791000
chr12	4791000	4792000
chr12	4792000	4793000
chr12	4793000	4794000
chr12	4794000	4795000
chr12	4795000	4796000
chr12	4796000	4797000
chr12	4797000	4798000
chr12	4798000	4799000
chr12	4799000	4800000
chr12	4800000	4801000
chr12	4801000	4802000
chr12	4802000	4803000
chr12	4803000	4804000
chr12	4804000	4805000
chr12	4805000	4806000
chr12	4806000	4807000
chr12	4807000	4808000
chr12	4808000	4809000
chr12	4809000	4810000
chr12	4810000	4811000
chr12	4811000	4812000
chr12	4812000	4813000
chr12	4813000	4814000
chr12	4814000	4815000
chr12	4815000	4816000
chr12	4816000	4817000
chr12	4817000	4818000
chr12	4818000	4819000
chr12	4819000	4820000
chr12	4820000	4821000
chr12	4821000	4822000
chr12	4822000	4823000
chr12	4823000	4824000
chr12	4824000	4825000
chr12	4825000	4826000
chr12	4826000	4827000
chr12	4827000	4828000
chr12	4828000	4829000
chr12	4829000	4830000
chr12	4830000	4831000
chr12	4832000	4833000
chr12	4833000	4834000
chr12	4834000	4835000
chr12	4835000	4836000
chr12	4836000	4837000
chr12	4837000	4838000
chr12	4838000	4839000
chr12	4839000	4840000
chr12	4840000	4841000
chr12	4841000	4842000
chr12	4842000	4843000
chr12	4844000	4845000
chr12	4847000	4848000
chr12	4848000	4849000
chr12	4849000	4850000
chr12	4850000	4851000
chr12	4851000	4852000
chr12	4852000	4853000
chr12	4853000	4854000
chr12	4854000	4855000
chr12	4855000	4856000
chr12	4856000	4857000
chr12	4857000	4858000
chr12	4858000	4859000
chr12	4859000	4860000
chr12	4860000	4861000
chr12	4861000	4862000
chr12	4862000	4863000
chr12	4863000	4864000
chr12	4865000	4866000
chr12	4867000	4868000
chr12	4868000	4869000
chr12	4869000	4870000
chr12	4870000	4871000
chr12	4871000	4872000
chr12	4872000	4873000
chr12	4873000	4874000
chr12	4874000	4875000
chr12	4875000	4876000
chr12	4876000	4877000
chr12	4878000	4879000
chr12	4882000	4883000
chr12	4883000	4884000
chr12	4884000	4885000
chr12	4885000	4886000
chr12	4886000	4887000
chr12	4887000	4888000
chr12	4888000	4889000
chr12	4889000	4890000
chr12	4890000	4891000
chr12	4891000	4892000
chr12	4892000	4893000
chr12	4893000	4894000
chr12	4894000	4895000
chr12	4901000	4902000
chr12	4902000	4903000
chr12	4903000	4904000
chr12	4904000	4905000
chr12	4905000	4906000
chr12	4906000	4907000
chr12	4907000	4908000
chr12	4908000	4909000
chr12	4909000	4910000
chr12	4914000	4915000
chr12	4915000	4916000
chr12	4916000	4917000
chr12	4917000	4918000
chr12	4918000	4919000
chr12	4919000	4920000
chr12	4920000	4921000
chr12	4921000	4922000
chr12	4922000	4923000
chr12	4923000	4924000
chr12	4924000	4925000
chr12	4925000	4926000
chr12	4926000	4927000
chr12	4927000	4928000
chr12	4928000	4929000
chr12	4929000	4930000
chr12	4930000	4931000
chr12	4931000	4932000
chr12	4932000	4933000
chr12	4933000	4934000
chr12	4934000	4935000
chr12	4935000	4936000
chr12	4936000	4937000
chr12	4937000	4938000
chr12	4938000	4939000
chr12	4939000	4940000
chr12	4940000	4941000
chr12	4941000	4942000
chr12	4942000	4943000
chr12	4943000	4944000
chr12	4944000	4945000
chr12	4945000	4946000
chr12	4946000	4947000
chr12	4947000	4948000
chr12	4948000	4949000
chr12	4949000	4950000
chr12	4950000	4951000
chr12	4951000	4952000
chr12	4952000	4953000
chr12	4953000	4954000
chr12	4954000	4955000
chr12	4955000	4956000
chr12	4956000	4957000
chr12	4957000	4958000
chr12	4958000	4959000
chr12	4959000	4960000
chr12	4960000	4961000
chr12	4961000	4962000
chr12	4962000	4963000
chr12	4963000	4964000
chr12	4964000	4965000
chr12	4965000	4966000
chr12	4966000	4967000
chr12	4967000	4968000
chr12	4968000	4969000
chr12	4969000	4970000
chr12	4970000	4971000
chr12	4971000	4972000
chr12	4972000	4973000
chr12	4973000	4974000
chr12	4974000	4975000
chr12	4975000	4976000
chr12	4976000	4977000
chr12	4977000	4978000
chr12	4978000	4979000
chr12	4979000	4980000
chr12	4980000	4981000
chr12	4981000	4982000
chr12	4982000	4983000
chr12	4983000	4984000
chr12	4984000	4985000
chr12	4985000	4986000
chr12	4986000	4987000
chr12	4987000	4988000
chr12	4988000	4989000
chr12	4989000	4990000
chr12	4990000	4991000
chr12	4991000	4992000
chr12	4992000	4993000
chr12	4993000	4994000
chr12	4994000	4995000
chr12	4995000	4996000
chr12	4996000	4997000
chr12	4997000	4998000
chr12	4998000	4999000
chr12	4999000	5000000
chr12	5000000	5001000
chr12	5001000	5002000
chr12	5002000	5003000
chr12	5003000	5004000
chr12	5004000	5005000
chr12	5005000	5006000
chr12	5007000	5008000
chr12	5008000	5009000
chr12	5009000	5010000
chr12	5010000	5011000
chr12	5011000	5012000
chr12	5012000	5013000
chr12	5013000	5014000
chr12	5014000	5015000
chr12	5015000	5016000
chr12	5016000	5017000
chr12	5017000	5018000
chr12	5018000	5019000
chr12	5019000	5020000
chr12	5020000	5021000
chr12	5021000	5022000
chr12	5022000	5023000
chr12	5023000	5024000
chr12	5024000	5025000
chr12	5025000	5026000
chr12	5026000	5027000
chr12	5027000	5028000
chr12	5028000	5029000
chr12	5029000	5030000
chr12	5030000	5031000
chr12	5031000	5032000
chr12	5032000	5033000
chr12	5033000	5034000
chr12	5034000	5035000
chr12	5035000	5036000
chr12	5036000	5037000
chr12	5037000	5038000
chr12	5038000	5039000
chr12	5039000	5040000
chr12	5040000	5041000
chr12	5041000	5042000
chr12	5042000	5043000
chr12	5043000	5044000
chr12	5044000	5045000
chr12	5045000	5046000
chr12	5046000	5047000
chr12	5047000	5048000
chr12	5048000	5049000
chr12	5049000	5050000
chr12	5050000	5051000
chr12	5051000	5052000
chr12	5052000	5053000
chr12	5053000	5054000
chr12	5054000	5055000
chr12	5055000	5056000
chr12	5057000	5058000
chr12	5058000	5059000
chr12	5059000	5060000
chr12	5060000	5061000
chr12	5062000	5063000
chr12	5064000	5065000
chr12	5065000	5066000
chr12	5066000	5067000
chr12	5067000	5068000
chr12	5068000	5069000
chr12	5069000	5070000
chr12	5070000	5071000
chr12	5071000	5072000
chr12	5072000	5073000
chr12	5073000	5074000
chr12	5074000	5075000
chr12	5075000	5076000
chr12	5076000	5077000
chr12	5077000	5078000
chr12	5078000	5079000
chr12	5079000	5080000
chr12	5080000	5081000
chr12	5081000	5082000
chr12	5082000	5083000
chr12	5083000	5084000
chr12	5084000	5085000
chr12	5086000	5087000
chr12	5087000	5088000
chr12	5088000	5089000
chr12	5089000	5090000
chr12	5090000	5091000
chr12	5091000	5092000
chr12	5092000	5093000
chr12	5094000	5095000
chr12	5095000	5096000
chr12	5096000	5097000
chr12	5097000	5098000
chr12	5098000	5099000
chr12	5099000	5100000
chr12	5100000	5101000
chr12	5101000	5102000
chr12	5102000	5103000
chr12	5103000	5104000
chr12	5104000	5105000
chr12	5105000	5106000
chr12	5106000	5107000
chr12	5107000	5108000
chr12	5109000	5110000
chr12	5110000	5111000
chr12	5111000	5112000
chr12	5112000	5113000
chr12	5113000	5114000
chr12	5114000	5115000
chr12	5115000	5116000
chr12	5116000	5117000
chr12	5117000	5118000
chr12	5118000	5119000
chr12	5119000	5120000
chr12	5120000	5121000
chr12	5121000	5122000
chr12	5122000	5123000
chr12	5123000	5124000
chr12	5124000	5125000
chr12	5125000	5126000
chr12	5126000	5127000
chr12	5127000	5128000
chr12	5128000	5129000
chr12	5129000	5130000
chr12	5130000	5131000
chr12	5131000	5132000
chr12	5132000	5133000
chr12	5133000	5134000
chr12	5134000	5135000
chr12	5135000	5136000
chr12	5136000	5137000
chr12	5137000	5138000
chr12	5138000	5139000
chr12	5139000	5140000
chr12	5140000	5141000
chr12	5141000	5142000
chr12	5142000	5143000
chr12	5143000	5144000
chr12	5144000	5145000
chr12	5145000	5146000
chr12	5146000	5147000
chr12	5147000	5148000
chr12	5148000	5149000
chr12	5149000	5150000
chr12	5150000	5151000
chr12	5151000	5152000
chr12	5152000	5153000
chr12	5154000	5155000
chr12	5155000	5156000
chr12	5156000	5157000
chr12	5157000	5158000
chr12	5158000	5159000
chr12	5159000	5160000
chr12	5160000	5161000
chr12	5161000	5162000
chr12	5162000	5163000
chr12	5163000	5164000
chr12	5164000	5165000
chr12	5165000	5166000
chr12	5166000	5167000
chr12	5167000	5168000
chr12	5169000	5170000
chr12	5170000	5171000
chr12	5171000	5172000
chr12	5172000	5173000
chr12	5174000	5175000
chr12	5175000	5176000
chr12	5177000	5178000
chr12	5178000	5179000
chr12	5179000	5180000
chr12	5180000	5181000
chr12	5181000	5182000
chr12	5182000	5183000
chr12	5183000	5184000
chr12	5184000	5185000
chr12	5186000	5187000
chr12	5187000	5188000
chr12	5188000	5189000
chr12	5189000	5190000
chr12	5190000	5191000
chr12	5191000	5192000
chr12	5192000	5193000
chr12	5193000	5194000
chr12	5194000	5195000
chr12	5195000	5196000
chr12	5196000	5197000
chr12	5197000	5198000
chr12	5198000	5199000
chr12	5199000	5200000
chr12	5200000	5201000
chr12	5201000	5202000
chr12	5202000	5203000
chr12	5203000	5204000
chr12	5204000	5205000
chr12	5205000	5206000
chr12	5206000	5207000
chr12	5207000	5208000
chr12	5208000	5209000
chr12	5209000	5210000
chr12	5210000	5211000
chr12	5211000	5212000
chr12	5212000	5213000
chr12	5213000	5214000
chr12	5214000	5215000
chr12	5215000	5216000
chr12	5216000	5217000
chr12	5217000	5218000
chr12	5218000	5219000
chr12	5219000	5220000
chr12	5220000	5221000
chr12	5221000	5222000
chr12	5222000	5223000
chr12	5223000	5224000
chr12	5224000	5225000
chr12	5225000	5226000
chr12	5226000	5227000
chr12	5227000	5228000
chr12	5228000	5229000
chr12	5229000	5230000
chr12	5230000	5231000
chr12	5231000	5232000
chr12	5232000	5233000
chr12	5233000	5234000
chr12	5234000	5235000
chr12	5235000	5236000
chr12	5236000	5237000
chr12	5237000	5238000
chr12	5238000	5239000
chr12	5239000	5240000
chr12	5240000	5241000
chr12	5241000	5242000
chr12	5242000	5243000
chr12	5243000	5244000
chr12	5244000	5245000
chr12	5245000	5246000
chr12	5246000	5247000
chr12	5247000	5248000
chr12	5248000	5249000
chr12	5249000	5250000
chr12	5250000	5251000
chr12	5251000	5252000
chr12	5252000	5253000
chr12	5253000	5254000
chr12	5254000	5255000
chr12	5255000	5256000
chr12	5256000	5257000
chr12	5257000	5258000
chr12	5258000	5259000
chr12	5259000	5260000
chr12	5260000	5261000
chr12	5261000	5262000
chr12	5262000	5263000
chr12	5263000	5264000
chr12	5264000	5265000
chr12	5265000	5266000
chr12	5266000	5267000
chr12	5267000	5268000
chr12	5268000	5269000
chr12	5269000	5270000
chr12	5270000	5271000
chr12	5271000	5272000
chr12	5272000	5273000
chr12	5273000	5274000
chr12	5274000	5275000
chr12	5275000	5276000
chr12	5276000	5277000
chr12	5277000	5278000
chr12	5278000	5279000
chr12	5279000	5280000
chr12	5280000	5281000
chr12	5281000	5282000
chr12	5282000	5283000
chr12	5283000	5284000
chr12	5284000	5285000
chr12	5285000	5286000
chr12	5286000	5287000
chr12	5287000	5288000
chr12	5288000	5289000
chr12	5289000	5290000
chr12	5290000	5291000
chr12	5291000	5292000
chr12	5292000	5293000
chr12	5293000	5294000
chr12	5294000	5295000
chr12	5295000	5296000
chr12	5297000	5298000
chr12	5298000	5299000
chr12	5299000	5300000
chr12	5300000	5301000
chr12	5301000	5302000
chr12	5302000	5303000
chr12	5303000	5304000
chr12	5304000	5305000
chr12	5305000	5306000
chr12	5306000	5307000
chr12	5307000	5308000
chr12	5308000	5309000
chr12	5309000	5310000
chr12	5310000	5311000
chr12	5311000	5312000
chr12	5312000	5313000
chr12	5313000	5314000
chr12	5314000	5315000
chr12	5315000	5316000
chr12	5316000	5317000
chr12	5317000	5318000
chr12	5318000	5319000
chr12	5319000	5320000
chr12	5320000	5321000
chr12	5321000	5322000
chr12	5322000	5323000
chr12	5323000	5324000
chr12	5324000	5325000
chr12	5325000	5326000
chr12	5326000	5327000
chr12	5327000	5328000
chr12	5328000	5329000
chr12	5329000	5330000
chr12	5330000	5331000
chr12	5331000	5332000
chr12	5332000	5333000
chr12	5333000	5334000
chr12	5334000	5335000
chr12	5335000	5336000
chr12	5336000	5337000
chr12	5337000	5338000
chr12	5338000	5339000
chr12	5339000	5340000
chr12	5340000	5341000
chr12	5341000	5342000
chr12	5342000	5343000
chr12	5343000	5344000
chr12	5344000	5345000
chr12	5345000	5346000
chr12	5346000	5347000
chr12	5347000	5348000
chr12	5348000	5349000
chr12	5349000	5350000
chr12	5350000	5351000
chr12	5351000	5352000
chr12	5352000	5353000
chr12	5353000	5354000
chr12	5354000	5355000
chr12	5355000	5356000
chr12	5356000	5357000
chr12	5357000	5358000
chr12	5358000	5359000
chr12	5359000	5360000
chr12	5360000	5361000
chr12	5361000	5362000
chr12	5366000	5367000
chr12	5367000	5368000
chr12	5368000	5369000
chr12	5369000	5370000
chr12	5370000	5371000
chr12	5371000	5372000
chr12	5372000	5373000
chr12	5373000	5374000
chr12	5374000	5375000
chr12	5375000	5376000
chr12	5376000	5377000
chr12	5377000	5378000
chr12	5378000	5379000
chr12	5379000	5380000
chr12	5380000	5381000
chr12	5381000	5382000
chr12	5382000	5383000
chr12	5383000	5384000
chr12	5384000	5385000
chr12	5385000	5386000
chr12	5386000	5387000
chr12	5387000	5388000
chr12	5388000	5389000
chr12	5389000	5390000
chr12	5391000	5392000
chr12	5392000	5393000
chr12	5393000	5394000
chr12	5394000	5395000
chr12	5395000	5396000
chr12	5403000	5404000
chr12	5404000	5405000
chr12	5405000	5406000
chr12	5406000	5407000
chr12	5407000	5408000
chr12	5408000	5409000
chr12	5409000	5410000
chr12	5410000	5411000
chr12	5411000	5412000
chr12	5412000	5413000
chr12	5413000	5414000
chr12	5414000	5415000
chr12	5415000	5416000
chr12	5416000	5417000
chr12	5417000	5418000
chr12	5418000	5419000
chr12	5419000	5420000
chr12	5420000	5421000
chr12	5421000	5422000
chr12	5422000	5423000
chr12	5423000	5424000
chr12	5424000	5425000
chr12	5425000	5426000
chr12	5426000	5427000
chr12	5427000	5428000
chr12	5428000	5429000
chr12	5429000	5430000
chr12	5430000	5431000
chr12	5431000	5432000
chr12	5432000	5433000
chr12	5433000	5434000
chr12	5434000	5435000
chr12	5436000	5437000
chr12	5437000	5438000
chr12	5438000	5439000
chr12	5439000	5440000
chr12	5440000	5441000
chr12	5441000	5442000
chr12	5442000	5443000
chr12	5443000	5444000
chr12	5444000	5445000
chr12	5445000	5446000
chr12	5446000	5447000
chr12	5447000	5448000
chr12	5448000	5449000
chr12	5449000	5450000
chr12	5450000	5451000
chr12	5451000	5452000
chr12	5452000	5453000
chr12	5453000	5454000
chr12	5454000	5455000
chr12	5455000	5456000
chr12	5456000	5457000
chr12	5457000	5458000
chr12	5458000	5459000
chr12	5459000	5460000
chr12	5460000	5461000
chr12	5461000	5462000
chr12	5462000	5463000
chr12	5463000	5464000
chr12	5464000	5465000
chr12	5465000	5466000
chr12	5466000	5467000
chr12	5467000	5468000
chr12	5468000	5469000
chr12	5469000	5470000
chr12	5470000	5471000
chr12	5471000	5472000
chr12	5472000	5473000
chr12	5473000	5474000
chr12	5474000	5475000
chr12	5475000	5476000
chr12	5476000	5477000
chr12	5477000	5478000
chr12	5478000	5479000
chr12	5479000	5480000
chr12	5480000	5481000
chr12	5481000	5482000
chr12	5482000	5483000
chr12	5483000	5484000
chr12	5484000	5485000
chr12	5485000	5486000
chr12	5486000	5487000
chr12	5487000	5488000
chr12	5488000	5489000
chr12	5489000	5490000
chr12	5490000	5491000
chr12	5491000	5492000
chr12	5492000	5493000
chr12	5493000	5494000
chr12	5494000	5495000
chr12	5495000	5496000
chr12	5496000	5497000
chr12	5497000	5498000
chr12	5498000	5499000
chr12	5499000	5500000
chr12	5500000	5501000
chr12	5501000	5502000
chr12	5502000	5503000
chr12	5503000	5504000
chr12	5504000	5505000
chr12	5505000	5506000
chr12	5506000	5507000
chr12	5507000	5508000
chr12	5508000	5509000
chr12	5509000	5510000
chr12	5510000	5511000
chr12	5511000	5512000
chr12	5512000	5513000
chr12	5513000	5514000
chr12	5514000	5515000
chr12	5515000	5516000
chr12	5516000	5517000
chr12	5517000	5518000
chr12	5518000	5519000
chr12	5519000	5520000
chr12	5520000	5521000
chr12	5521000	5522000
chr12	5522000	5523000
chr12	5523000	5524000
chr12	5525000	5526000
chr12	5526000	5527000
chr12	5527000	5528000
chr12	5528000	5529000
chr12	5529000	5530000
chr12	5530000	5531000
chr12	5531000	5532000
chr12	5532000	5533000
chr12	5533000	5534000
chr12	5534000	5535000
chr12	5535000	5536000
chr12	5536000	5537000
chr12	5537000	5538000
chr12	5538000	5539000
chr12	5539000	5540000
chr12	5540000	5541000
chr12	5541000	5542000
chr12	5542000	5543000
chr12	5543000	5544000
chr12	5544000	5545000
chr12	5545000	5546000
chr12	5546000	5547000
chr12	5547000	5548000
chr12	5548000	5549000
chr12	5549000	5550000
chr12	5550000	5551000
chr12	5551000	5552000
chr12	5552000	5553000
chr12	5553000	5554000
chr12	5554000	5555000
chr12	5555000	5556000
chr12	5556000	5557000
chr12	5557000	5558000
chr12	5558000	5559000
chr12	5559000	5560000
chr12	5560000	5561000
chr12	5561000	5562000
chr12	5562000	5563000
chr12	5563000	5564000
chr12	5564000	5565000
chr12	5565000	5566000
chr12	5566000	5567000
chr12	5567000	5568000
chr12	5568000	5569000
chr12	5569000	5570000
chr12	5570000	5571000
chr12	5571000	5572000
chr12	5572000	5573000
chr12	5573000	5574000
chr12	5574000	5575000
chr12	5575000	5576000
chr12	5576000	5577000
chr12	5577000	5578000
chr12	5578000	5579000
chr12	5579000	5580000
chr12	5580000	5581000
chr12	5581000	5582000
chr12	5582000	5583000
chr12	5583000	5584000
chr12	5584000	5585000
chr12	5585000	5586000
chr12	5586000	5587000
chr12	5587000	5588000
chr12	5588000	5589000
chr12	5589000	5590000
chr12	5590000	5591000
chr12	5591000	5592000
chr12	5592000	5593000
chr12	5593000	5594000
chr12	5594000	5595000
chr12	5595000	5596000
chr12	5596000	5597000
chr12	5597000	5598000
chr12	5598000	5599000
chr12	5599000	5600000
chr12	5600000	5601000
chr12	5601000	5602000
chr12	5602000	5603000
chr12	5603000	5604000
chr12	5604000	5605000
chr12	5605000	5606000
chr12	5606000	5607000
chr12	5607000	5608000
chr12	5608000	5609000
chr12	5609000	5610000
chr12	5610000	5611000
chr12	5611000	5612000
chr12	5612000	5613000
chr12	5613000	5614000
chr12	5614000	5615000
chr12	5615000	5616000
chr12	5616000	5617000
chr12	5617000	5618000
chr12	5618000	5619000
chr12	5619000	5620000
chr12	5620000	5621000
chr12	5621000	5622000
chr12	5622000	5623000
chr12	5623000	5624000
chr12	5624000	5625000
chr12	5625000	5626000
chr12	5626000	5627000
chr12	5627000	5628000
chr12	5628000	5629000
chr12	5629000	5630000
chr12	5630000	5631000
chr12	5631000	5632000
chr12	5632000	5633000
chr12	5633000	5634000
chr12	5634000	5635000
chr12	5635000	5636000
chr12	5636000	5637000
chr12	5637000	5638000
chr12	5638000	5639000
chr12	5639000	5640000
chr12	5640000	5641000
chr12	5641000	5642000
chr12	5642000	5643000
chr12	5643000	5644000
chr12	5644000	5645000
chr12	5645000	5646000
chr12	5646000	5647000
chr12	5647000	5648000
chr12	5648000	5649000
chr12	5649000	5650000
chr12	5650000	5651000
chr12	5651000	5652000
chr12	5652000	5653000
chr12	5653000	5654000
chr12	5654000	5655000
chr12	5655000	5656000
chr12	5656000	5657000
chr12	5657000	5658000
chr12	5658000	5659000
chr12	5659000	5660000
chr12	5660000	5661000
chr12	5661000	5662000
chr12	5662000	5663000
chr12	5663000	5664000
chr12	5664000	5665000
chr12	5665000	5666000
chr12	5666000	5667000
chr12	5668000	5669000
chr12	5669000	5670000
chr12	5670000	5671000
chr12	5671000	5672000
chr12	5672000	5673000
chr12	5673000	5674000
chr12	5674000	5675000
chr12	5675000	5676000
chr12	5676000	5677000
chr12	5677000	5678000
chr12	5678000	5679000
chr12	5679000	5680000
chr12	5680000	5681000
chr12	5681000	5682000
chr12	5682000	5683000
chr12	5683000	5684000
chr12	5684000	5685000
chr12	5685000	5686000
chr12	5686000	5687000
chr12	5687000	5688000
chr12	5688000	5689000
chr12	5689000	5690000
chr12	5690000	5691000
chr12	5691000	5692000
chr12	5692000	5693000
chr12	5693000	5694000
chr12	5694000	5695000
chr12	5695000	5696000
chr12	5696000	5697000
chr12	5697000	5698000
chr12	5698000	5699000
chr12	5699000	5700000
chr12	5700000	5701000
chr12	5701000	5702000
chr12	5702000	5703000
chr12	5703000	5704000
chr12	5704000	5705000
chr12	5705000	5706000
chr12	5706000	5707000
chr12	5707000	5708000
chr12	5708000	5709000
chr12	5709000	5710000
chr12	5710000	5711000
chr12	5711000	5712000
chr12	5712000	5713000
chr12	5713000	5714000
chr12	5714000	5715000
chr12	5715000	5716000
chr12	5716000	5717000
chr12	5717000	5718000
chr12	5718000	5719000
chr12	5719000	5720000
chr12	5720000	5721000
chr12	5721000	5722000
chr12	5722000	5723000
chr12	5723000	5724000
chr12	5724000	5725000
chr12	5725000	5726000
chr12	5726000	5727000
chr12	5727000	5728000
chr12	5728000	5729000
chr12	5729000	5730000
chr12	5730000	5731000
chr12	5731000	5732000
chr12	5732000	5733000
chr12	5733000	5734000
chr12	5734000	5735000
chr12	5735000	5736000
chr12	5736000	5737000
chr12	5737000	5738000
chr12	5738000	5739000
chr12	5739000	5740000
chr12	5740000	5741000
chr12	5741000	5742000
chr12	5742000	5743000
chr12	5743000	5744000
chr12	5744000	5745000
chr12	5745000	5746000
chr12	5746000	5747000
chr12	5747000	5748000
chr12	5748000	5749000
chr12	5749000	5750000
chr12	5750000	5751000
chr12	5751000	5752000
chr12	5752000	5753000
chr12	5753000	5754000
chr12	5754000	5755000
chr12	5755000	5756000
chr12	5756000	5757000
chr12	5757000	5758000
chr12	5758000	5759000
chr12	5759000	5760000
chr12	5760000	5761000
chr12	5761000	5762000
chr12	5762000	5763000
chr12	5763000	5764000
chr12	5764000	5765000
chr12	5765000	5766000
chr12	5766000	5767000
chr12	5767000	5768000
chr12	5768000	5769000
chr12	5769000	5770000
chr12	5770000	5771000
chr12	5771000	5772000
chr12	5772000	5773000
chr12	5773000	5774000
chr12	5774000	5775000
chr12	5775000	5776000
chr12	5776000	5777000
chr12	5777000	5778000
chr12	5778000	5779000
chr12	5779000	5780000
chr12	5780000	5781000
chr12	5781000	5782000
chr12	5782000	5783000
chr12	5783000	5784000
chr12	5784000	5785000
chr12	5785000	5786000
chr12	5786000	5787000
chr12	5787000	5788000
chr12	5788000	5789000
chr12	5789000	5790000
chr12	5790000	5791000
chr12	5791000	5792000
chr12	5792000	5793000
chr12	5793000	5794000
chr12	5794000	5795000
chr12	5795000	5796000
chr12	5796000	5797000
chr12	5797000	5798000
chr12	5798000	5799000
chr12	5799000	5800000
chr12	5800000	5801000
chr12	5801000	5802000
chr12	5802000	5803000
chr12	5803000	5804000
chr12	5804000	5805000
chr12	5805000	5806000
chr12	5806000	5807000
chr12	5807000	5808000
chr12	5808000	5809000
chr12	5810000	5811000
chr12	5811000	5812000
chr12	5812000	5813000
chr12	5813000	5814000
chr12	5814000	5815000
chr12	5815000	5816000
chr12	5817000	5818000
chr12	5818000	5819000
chr12	5819000	5820000
chr12	5820000	5821000
chr12	5821000	5822000
chr12	5822000	5823000
chr12	5823000	5824000
chr12	5824000	5825000
chr12	5825000	5826000
chr12	5826000	5827000
chr12	5827000	5828000
chr12	5828000	5829000
chr12	5829000	5830000
chr12	5830000	5831000
chr12	5831000	5832000
chr12	5832000	5833000
chr12	5833000	5834000
chr12	5834000	5835000
chr12	5835000	5836000
chr12	5836000	5837000
chr12	5837000	5838000
chr12	5838000	5839000
chr12	5839000	5840000
chr12	5841000	5842000
chr12	5842000	5843000
chr12	5843000	5844000
chr12	5844000	5845000
chr12	5845000	5846000
chr12	5846000	5847000
chr12	5847000	5848000
chr12	5848000	5849000
chr12	5849000	5850000
chr12	5850000	5851000
chr12	5851000	5852000
chr12	5852000	5853000
chr12	5853000	5854000
chr12	5854000	5855000
chr12	5855000	5856000
chr12	5856000	5857000
chr12	5857000	5858000
chr12	5858000	5859000
chr12	5859000	5860000
chr12	5860000	5861000
chr12	5861000	5862000
chr12	5862000	5863000
chr12	5863000	5864000
chr12	5864000	5865000
chr12	5865000	5866000
chr12	5866000	5867000
chr12	5867000	5868000
chr12	5868000	5869000
chr12	5870000	5871000
chr12	5871000	5872000
chr12	5872000	5873000
chr12	5873000	5874000
chr12	5874000	5875000
chr12	5875000	5876000
chr12	5876000	5877000
chr12	5877000	5878000
chr12	5878000	5879000
chr12	5879000	5880000
chr12	5880000	5881000
chr12	5881000	5882000
chr12	5882000	5883000
chr12	5883000	5884000
chr12	5884000	5885000
chr12	5885000	5886000
chr12	5886000	5887000
chr12	5887000	5888000
chr12	5888000	5889000
chr12	5889000	5890000
chr12	5890000	5891000
chr12	5891000	5892000
chr12	5892000	5893000
chr12	5893000	5894000
chr12	5894000	5895000
chr12	5895000	5896000
chr12	5896000	5897000
chr12	5897000	5898000
chr12	5898000	5899000
chr12	5899000	5900000
chr12	5900000	5901000
chr12	5901000	5902000
chr12	5902000	5903000
chr12	5903000	5904000
chr12	5904000	5905000
chr12	5905000	5906000
chr12	5906000	5907000
chr12	5907000	5908000
chr12	5908000	5909000
chr12	5909000	5910000
chr12	5910000	5911000
chr12	5911000	5912000
chr12	5912000	5913000
chr12	5913000	5914000
chr12	5914000	5915000
chr12	5915000	5916000
chr12	5916000	5917000
chr12	5917000	5918000
chr12	5918000	5919000
chr12	5919000	5920000
chr12	5920000	5921000
chr12	5921000	5922000
chr12	5922000	5923000
chr12	5923000	5924000
chr12	5924000	5925000
chr12	5925000	5926000
chr12	5926000	5927000
chr12	5927000	5928000
chr12	5928000	5929000
chr12	5929000	5930000
chr12	5930000	5931000
chr12	5931000	5932000
chr12	5932000	5933000
chr12	5933000	5934000
chr12	5934000	5935000
chr12	5935000	5936000
chr12	5936000	5937000
chr12	5937000	5938000
chr12	5938000	5939000
chr12	5939000	5940000
chr12	5940000	5941000
chr12	5941000	5942000
chr12	5942000	5943000
chr12	5943000	5944000
chr12	5944000	5945000
chr12	5945000	5946000
chr12	5946000	5947000
chr12	5947000	5948000
chr12	5948000	5949000
chr12	5949000	5950000
chr12	5950000	5951000
chr12	5951000	5952000
chr12	5952000	5953000
chr12	5953000	5954000
chr12	5954000	5955000
chr12	5955000	5956000
chr12	5956000	5957000
chr12	5957000	5958000
chr12	5958000	5959000
chr12	5959000	5960000
chr12	5960000	5961000
chr12	5961000	5962000
chr12	5962000	5963000
chr12	5963000	5964000
chr12	5964000	5965000
chr12	5965000	5966000
chr12	5966000	5967000
chr12	5967000	5968000
chr12	5968000	5969000
chr12	5969000	5970000
chr12	5970000	5971000
chr12	5971000	5972000
chr12	5972000	5973000
chr12	5973000	5974000
chr12	5974000	5975000
chr12	5975000	5976000
chr12	5976000	5977000
chr12	5978000	5979000
chr12	5979000	5980000
chr12	5980000	5981000
chr12	5981000	5982000
chr12	5982000	5983000
chr12	5983000	5984000
chr12	5984000	5985000
chr12	5985000	5986000
chr12	5986000	5987000
chr12	5987000	5988000
chr12	5988000	5989000
chr12	5989000	5990000
chr12	5990000	5991000
chr12	5991000	5992000
chr12	5992000	5993000
chr12	5993000	5994000
chr12	5994000	5995000
chr12	5995000	5996000
chr12	5996000	5997000
chr12	5997000	5998000
chr12	5998000	5999000
chr12	5999000	6000000
chr12	6000000	6001000
chr12	6001000	6002000
chr12	6002000	6003000
chr12	6003000	6004000
chr12	6004000	6005000
chr12	6005000	6006000
chr12	6006000	6007000
chr12	6007000	6008000
chr12	6008000	6009000
chr12	6009000	6010000
chr12	6010000	6011000
chr12	6011000	6012000
chr12	6012000	6013000
chr12	6013000	6014000
chr12	6014000	6015000
chr12	6015000	6016000
chr12	6016000	6017000
chr12	6017000	6018000
chr12	6018000	6019000
chr12	6019000	6020000
chr12	6020000	6021000
chr12	6021000	6022000
chr12	6022000	6023000
chr12	6023000	6024000
chr12	6024000	6025000
chr12	6025000	6026000
chr12	6026000	6027000
chr12	6027000	6028000
chr12	6028000	6029000
chr12	6029000	6030000
chr12	6030000	6031000
chr12	6031000	6032000
chr12	6032000	6033000
chr12	6033000	6034000
chr12	6034000	6035000
chr12	6035000	6036000
chr12	6036000	6037000
chr12	6037000	6038000
chr12	6038000	6039000
chr12	6039000	6040000
chr12	6040000	6041000
chr12	6041000	6042000
chr12	6042000	6043000
chr12	6043000	6044000
chr12	6044000	6045000
chr12	6045000	6046000
chr12	6046000	6047000
chr12	6047000	6048000
chr12	6048000	6049000
chr12	6049000	6050000
chr12	6050000	6051000
chr12	6051000	6052000
chr12	6052000	6053000
chr12	6053000	6054000
chr12	6054000	6055000
chr12	6055000	6056000
chr12	6056000	6057000
chr12	6057000	6058000
chr12	6058000	6059000
chr12	6059000	6060000
chr12	6060000	6061000
chr12	6061000	6062000
chr12	6062000	6063000
chr12	6063000	6064000
chr12	6064000	6065000
chr12	6065000	6066000
chr12	6066000	6067000
chr12	6067000	6068000
chr12	6068000	6069000
chr12	6069000	6070000
chr12	6070000	6071000
chr12	6071000	6072000
chr12	6072000	6073000
chr12	6073000	6074000
chr12	6074000	6075000
chr12	6075000	6076000
chr12	6076000	6077000
chr12	6077000	6078000
chr12	6078000	6079000
chr12	6079000	6080000
chr12	6080000	6081000
chr12	6081000	6082000
chr12	6082000	6083000
chr12	6083000	6084000
chr12	6084000	6085000
chr12	6085000	6086000
chr12	6086000	6087000
chr12	6087000	6088000
chr12	6089000	6090000
chr12	6090000	6091000
chr12	6091000	6092000
chr12	6092000	6093000
chr12	6093000	6094000
chr12	6094000	6095000
chr12	6095000	6096000
chr12	6096000	6097000
chr12	6097000	6098000
chr12	6098000	6099000
chr12	6099000	6100000
chr12	6100000	6101000
chr12	6101000	6102000
chr12	6102000	6103000
chr12	6103000	6104000
chr12	6104000	6105000
chr12	6106000	6107000
chr12	6107000	6108000
chr12	6112000	6113000
chr12	6113000	6114000
chr12	6114000	6115000
chr12	6115000	6116000
chr12	6116000	6117000
chr12	6117000	6118000
chr12	6118000	6119000
chr12	6119000	6120000
chr12	6120000	6121000
chr12	6121000	6122000
chr12	6122000	6123000
chr12	6123000	6124000
chr12	6124000	6125000
chr12	6125000	6126000
chr12	6126000	6127000
chr12	6127000	6128000
chr12	6128000	6129000
chr12	6129000	6130000
chr12	6130000	6131000
chr12	6131000	6132000
chr12	6132000	6133000
chr12	6133000	6134000
chr12	6134000	6135000
chr12	6135000	6136000
chr12	6136000	6137000
chr12	6137000	6138000
chr12	6138000	6139000
chr12	6139000	6140000
chr12	6140000	6141000
chr12	6141000	6142000
chr12	6142000	6143000
chr12	6143000	6144000
chr12	6144000	6145000
chr12	6145000	6146000
chr12	6146000	6147000
chr12	6147000	6148000
chr12	6148000	6149000
chr12	6149000	6150000
chr12	6150000	6151000
chr12	6151000	6152000
chr12	6152000	6153000
chr12	6153000	6154000
chr12	6154000	6155000
chr12	6155000	6156000
chr12	6156000	6157000
chr12	6157000	6158000
chr12	6158000	6159000
chr12	6160000	6161000
chr12	6161000	6162000
chr12	6162000	6163000
chr12	6164000	6165000
chr12	6165000	6166000
chr12	6166000	6167000
chr12	6167000	6168000
chr12	6168000	6169000
chr12	6169000	6170000
chr12	6170000	6171000
chr12	6171000	6172000
chr12	6172000	6173000
chr12	6173000	6174000
chr12	6174000	6175000
chr12	6182000	6183000
chr12	6183000	6184000
chr12	6187000	6188000
chr12	6190000	6191000
chr12	6191000	6192000
chr12	6192000	6193000
chr12	6193000	6194000
chr12	6194000	6195000
chr12	6195000	6196000
chr12	6196000	6197000
chr12	6197000	6198000
chr12	6198000	6199000
chr12	6199000	6200000
chr12	6200000	6201000
chr12	6201000	6202000
chr12	6202000	6203000
chr12	6203000	6204000
chr12	6204000	6205000
chr12	6205000	6206000
chr12	6206000	6207000
chr12	6207000	6208000
chr12	6208000	6209000
chr12	6209000	6210000
chr12	6210000	6211000
chr12	6211000	6212000
chr12	6212000	6213000
chr12	6213000	6214000
chr12	6214000	6215000
chr12	6215000	6216000
chr12	6216000	6217000
chr12	6217000	6218000
chr12	6218000	6219000
chr12	6219000	6220000
chr12	6220000	6221000
chr12	6221000	6222000
chr12	6222000	6223000
chr12	6226000	6227000
chr12	6227000	6228000
chr12	6228000	6229000
chr12	6229000	6230000
chr12	6230000	6231000
chr12	6231000	6232000
chr12	6232000	6233000
chr12	6233000	6234000
chr12	6234000	6235000
chr12	6235000	6236000
chr12	6236000	6237000
chr12	6237000	6238000
chr12	6238000	6239000
chr12	6239000	6240000
chr12	6242000	6243000
chr12	6244000	6245000
chr12	6245000	6246000
chr12	6247000	6248000
chr12	6248000	6249000
chr12	6249000	6250000
chr12	6250000	6251000
chr12	6252000	6253000
chr12	6253000	6254000
chr12	6254000	6255000
chr12	6256000	6257000
chr12	6257000	6258000
chr12	6258000	6259000
chr12	6259000	6260000
chr12	6264000	6265000
chr12	6265000	6266000
chr12	6266000	6267000
chr12	6269000	6270000
chr12	6272000	6273000
chr12	6275000	6276000
chr12	6276000	6277000
chr12	6279000	6280000
chr12	6280000	6281000
chr12	6281000	6282000
chr12	6282000	6283000
chr12	6283000	6284000
chr12	6284000	6285000
chr12	6285000	6286000
chr12	6286000	6287000
chr12	6287000	6288000
chr12	6288000	6289000
chr12	6289000	6290000
chr12	6290000	6291000
chr12	6291000	6292000
chr12	6292000	6293000
chr12	6293000	6294000
chr12	6294000	6295000
chr12	6295000	6296000
chr12	6297000	6298000
chr12	6298000	6299000
chr12	6299000	6300000
chr12	6300000	6301000
chr12	6301000	6302000
chr12	6302000	6303000
chr12	6303000	6304000
chr12	6304000	6305000
chr12	6305000	6306000
chr12	6306000	6307000
chr12	6307000	6308000
chr12	6308000	6309000
chr12	6309000	6310000
chr12	6310000	6311000
chr12	6311000	6312000
chr12	6312000	6313000
chr12	6313000	6314000
chr12	6314000	6315000
chr12	6315000	6316000
chr12	6316000	6317000
chr12	6317000	6318000
chr12	6318000	6319000
chr12	6319000	6320000
chr12	6320000	6321000
chr12	6321000	6322000
chr12	6322000	6323000
chr12	6323000	6324000
chr12	6324000	6325000
chr12	6325000	6326000
chr12	6326000	6327000
chr12	6327000	6328000
chr12	6328000	6329000
chr12	6329000	6330000
chr12	6330000	6331000
chr12	6331000	6332000
chr12	6332000	6333000
chr12	6333000	6334000
chr12	6334000	6335000
chr12	6335000	6336000
chr12	6336000	6337000
chr12	6337000	6338000
chr12	6338000	6339000
chr12	6340000	6341000
chr12	6341000	6342000
chr12	6342000	6343000
chr12	6343000	6344000
chr12	6344000	6345000
chr12	6345000	6346000
chr12	6346000	6347000
chr12	6347000	6348000
chr12	6348000	6349000
chr12	6349000	6350000
chr12	6350000	6351000
chr12	6351000	6352000
chr12	6352000	6353000
chr12	6354000	6355000
chr12	6355000	6356000
chr12	6356000	6357000
chr12	6358000	6359000
chr12	6359000	6360000
chr12	6360000	6361000
chr12	6361000	6362000
chr12	6362000	6363000
chr12	6363000	6364000
chr12	6364000	6365000
chr12	6365000	6366000
chr12	6366000	6367000
chr12	6367000	6368000
chr12	6368000	6369000
chr12	6369000	6370000
chr12	6371000	6372000
chr12	6372000	6373000
chr12	6373000	6374000
chr12	6374000	6375000
chr12	6375000	6376000
chr12	6376000	6377000
chr12	6377000	6378000
chr12	6378000	6379000
chr12	6379000	6380000
chr12	6380000	6381000
chr12	6381000	6382000
chr12	6382000	6383000
chr12	6383000	6384000
chr12	6384000	6385000
chr12	6385000	6386000
chr12	6386000	6387000
chr12	6387000	6388000
chr12	6388000	6389000
chr12	6389000	6390000
chr12	6390000	6391000
chr12	6391000	6392000
chr12	6392000	6393000
chr12	6393000	6394000
chr12	6394000	6395000
chr12	6395000	6396000
chr12	6396000	6397000
chr12	6397000	6398000
chr12	6398000	6399000
chr12	6399000	6400000
chr12	6400000	6401000
chr12	6401000	6402000
chr12	6402000	6403000
chr12	6403000	6404000
chr12	6404000	6405000
chr12	6405000	6406000
chr12	6406000	6407000
chr12	6407000	6408000
chr12	6408000	6409000
chr12	6409000	6410000
chr12	6410000	6411000
chr12	6411000	6412000
chr12	6412000	6413000
chr12	6413000	6414000
chr12	6414000	6415000
chr12	6415000	6416000
chr12	6416000	6417000
chr12	6417000	6418000
chr12	6418000	6419000
chr12	6419000	6420000
chr12	6420000	6421000
chr12	6422000	6423000
chr12	6423000	6424000
chr12	6424000	6425000
chr12	6425000	6426000
chr12	6426000	6427000
chr12	6427000	6428000
chr12	6428000	6429000
chr12	6429000	6430000
chr12	6430000	6431000
chr12	6431000	6432000
chr12	6432000	6433000
chr12	6433000	6434000
chr12	6434000	6435000
chr12	6435000	6436000
chr12	6436000	6437000
chr12	6437000	6438000
chr12	6438000	6439000
chr12	6439000	6440000
chr12	6440000	6441000
chr12	6441000	6442000
chr12	6442000	6443000
chr12	6443000	6444000
chr12	6444000	6445000
chr12	6445000	6446000
chr12	6446000	6447000
chr12	6447000	6448000
chr12	6448000	6449000
chr12	6449000	6450000
chr12	6450000	6451000
chr12	6451000	6452000
chr12	6452000	6453000
chr12	6453000	6454000
chr12	6454000	6455000
chr12	6455000	6456000
chr12	6456000	6457000
chr12	6457000	6458000
chr12	6458000	6459000
chr12	6459000	6460000
chr12	6460000	6461000
chr12	6461000	6462000
chr12	6462000	6463000
chr12	6463000	6464000
chr12	6464000	6465000
chr12	6465000	6466000
chr12	6466000	6467000
chr12	6467000	6468000
chr12	6468000	6469000
chr12	6469000	6470000
chr12	6471000	6472000
chr12	6472000	6473000
chr12	6473000	6474000
chr12	6474000	6475000
chr12	6475000	6476000
chr12	6476000	6477000
chr12	6477000	6478000
chr12	6478000	6479000
chr12	6479000	6480000
chr12	6480000	6481000
chr12	6481000	6482000
chr12	6482000	6483000
chr12	6483000	6484000
chr12	6484000	6485000
chr12	6485000	6486000
chr12	6486000	6487000
chr12	6487000	6488000
chr12	6488000	6489000
chr12	6489000	6490000
chr12	6491000	6492000
chr12	6492000	6493000
chr12	6493000	6494000
chr12	6494000	6495000
chr12	6495000	6496000
chr12	6496000	6497000
chr12	6497000	6498000
chr12	6498000	6499000
chr12	6499000	6500000
chr12	6500000	6501000
chr12	6502000	6503000
chr12	6503000	6504000
chr12	6504000	6505000
chr12	6505000	6506000
chr12	6506000	6507000
chr12	6507000	6508000
chr12	6508000	6509000
chr12	6509000	6510000
chr12	6510000	6511000
chr12	6511000	6512000
chr12	6512000	6513000
chr12	6513000	6514000
chr12	6514000	6515000
chr12	6516000	6517000
chr12	6517000	6518000
chr12	6518000	6519000
chr12	6519000	6520000
chr12	6520000	6521000
chr12	6521000	6522000
chr12	6522000	6523000
chr12	6523000	6524000
chr12	6524000	6525000
chr12	6525000	6526000
chr12	6526000	6527000
chr12	6527000	6528000
chr12	6528000	6529000
chr12	6529000	6530000
chr12	6530000	6531000
chr12	6531000	6532000
chr12	6532000	6533000
chr12	6533000	6534000
chr12	6534000	6535000
chr12	6535000	6536000
chr12	6536000	6537000
chr12	6537000	6538000
chr12	6538000	6539000
chr12	6539000	6540000
chr12	6540000	6541000
chr12	6541000	6542000
chr12	6542000	6543000
chr12	6543000	6544000
chr12	6544000	6545000
chr12	6545000	6546000
chr12	6548000	6549000
chr12	6549000	6550000
chr12	6550000	6551000
chr12	6551000	6552000
chr12	6552000	6553000
chr12	6553000	6554000
chr12	6554000	6555000
chr12	6555000	6556000
chr12	6556000	6557000
chr12	6557000	6558000
chr12	6558000	6559000
chr12	6559000	6560000
chr12	6560000	6561000
chr12	6561000	6562000
chr12	6562000	6563000
chr12	6563000	6564000
chr12	6564000	6565000
chr12	6565000	6566000
chr12	6566000	6567000
chr12	6567000	6568000
chr12	6568000	6569000
chr12	6570000	6571000
chr12	6571000	6572000
chr12	6572000	6573000
chr12	6573000	6574000
chr12	6574000	6575000
chr12	6575000	6576000
chr12	6576000	6577000
chr12	6577000	6578000
chr12	6578000	6579000
chr12	6579000	6580000
chr12	6580000	6581000
chr12	6581000	6582000
chr12	6582000	6583000
chr12	6583000	6584000
chr12	6584000	6585000
chr12	6585000	6586000
chr12	6586000	6587000
chr12	6587000	6588000
chr12	6588000	6589000
chr12	6589000	6590000
chr12	6590000	6591000
chr12	6591000	6592000
chr12	6592000	6593000
chr12	6593000	6594000
chr12	6594000	6595000
chr12	6595000	6596000
chr12	6596000	6597000
chr12	6597000	6598000
chr12	6598000	6599000
chr12	6599000	6600000
chr12	6600000	6601000
chr12	6601000	6602000
chr12	6603000	6604000
chr12	6604000	6605000
chr12	6605000	6606000
chr12	6606000	6607000
chr12	6607000	6608000
chr12	6608000	6609000
chr12	6609000	6610000
chr12	6610000	6611000
chr12	6611000	6612000
chr12	6612000	6613000
chr12	6613000	6614000
chr12	6614000	6615000
chr12	6615000	6616000
chr12	6616000	6617000
chr12	6617000	6618000
chr12	6618000	6619000
chr12	6619000	6620000
chr12	6620000	6621000
chr12	6621000	6622000
chr12	6622000	6623000
chr12	6623000	6624000
chr12	6624000	6625000
chr12	6625000	6626000
chr12	6626000	6627000
chr12	6627000	6628000
chr12	6628000	6629000
chr12	6629000	6630000
chr12	6630000	6631000
chr12	6631000	6632000
chr12	6632000	6633000
chr12	6633000	6634000
chr12	6634000	6635000
chr12	6635000	6636000
chr12	6636000	6637000
chr12	6637000	6638000
chr12	6638000	6639000
chr12	6639000	6640000
chr12	6641000	6642000
chr12	6642000	6643000
chr12	6643000	6644000
chr12	6644000	6645000
chr12	6645000	6646000
chr12	6646000	6647000
chr12	6647000	6648000
chr12	6648000	6649000
chr12	6649000	6650000
chr12	6650000	6651000
chr12	6651000	6652000
chr12	6652000	6653000
chr12	6653000	6654000
chr12	6654000	6655000
chr12	6655000	6656000
chr12	6656000	6657000
chr12	6657000	6658000
chr12	6658000	6659000
chr12	6660000	6661000
chr12	6661000	6662000
chr12	6662000	6663000
chr12	6663000	6664000
chr12	6664000	6665000
chr12	6665000	6666000
chr12	6666000	6667000
chr12	6667000	6668000
chr12	6668000	6669000
chr12	6669000	6670000
chr12	6670000	6671000
chr12	6671000	6672000
chr12	6672000	6673000
chr12	6673000	6674000
chr12	6674000	6675000
chr12	6675000	6676000
chr12	6676000	6677000
chr12	6677000	6678000
chr12	6678000	6679000
chr12	6679000	6680000
chr12	6680000	6681000
chr12	6681000	6682000
chr12	6682000	6683000
chr12	6683000	6684000
chr12	6684000	6685000
chr12	6685000	6686000
chr12	6686000	6687000
chr12	6687000	6688000
chr12	6688000	6689000
chr12	6689000	6690000
chr12	6690000	6691000
chr12	6691000	6692000
chr12	6692000	6693000
chr12	6693000	6694000
chr12	6694000	6695000
chr12	6695000	6696000
chr12	6696000	6697000
chr12	6697000	6698000
chr12	6698000	6699000
chr12	6699000	6700000
chr12	6700000	6701000
chr12	6702000	6703000
chr12	6703000	6704000
chr12	6704000	6705000
chr12	6705000	6706000
chr12	6706000	6707000
chr12	6707000	6708000
chr12	6708000	6709000
chr12	6709000	6710000
chr12	6710000	6711000
chr12	6711000	6712000
chr12	6712000	6713000
chr12	6713000	6714000
chr12	6714000	6715000
chr12	6715000	6716000
chr12	6716000	6717000
chr12	6717000	6718000
chr12	6718000	6719000
chr12	6719000	6720000
chr12	6720000	6721000
chr12	6721000	6722000
chr12	6722000	6723000
chr12	6723000	6724000
chr12	6724000	6725000
chr12	6725000	6726000
chr12	6726000	6727000
chr12	6727000	6728000
chr12	6728000	6729000
chr12	6729000	6730000
chr12	6730000	6731000
chr12	6731000	6732000
chr12	6732000	6733000
chr12	6733000	6734000
chr12	6734000	6735000
chr12	6735000	6736000
chr12	6736000	6737000
chr12	6737000	6738000
chr12	6738000	6739000
chr12	6739000	6740000
chr12	6741000	6742000
chr12	6742000	6743000
chr12	6743000	6744000
chr12	6744000	6745000
chr12	6745000	6746000
chr12	6746000	6747000
chr12	6747000	6748000
chr12	6748000	6749000
chr12	6749000	6750000
chr12	6750000	6751000
chr12	6751000	6752000
chr12	6752000	6753000
chr12	6753000	6754000
chr12	6754000	6755000
chr12	6755000	6756000
chr12	6756000	6757000
chr12	6757000	6758000
chr12	6758000	6759000
chr12	6759000	6760000
chr12	6760000	6761000
chr12	6761000	6762000
chr12	6762000	6763000
chr12	6763000	6764000
chr12	6764000	6765000
chr12	6765000	6766000
chr12	6766000	6767000
chr12	6767000	6768000
chr12	6768000	6769000
chr12	6769000	6770000
chr12	6770000	6771000
chr12	6771000	6772000
chr12	6772000	6773000
chr12	6773000	6774000
chr12	6774000	6775000
chr12	6775000	6776000
chr12	6776000	6777000
chr12	6777000	6778000
chr12	6778000	6779000
chr12	6779000	6780000
chr12	6780000	6781000
chr12	6781000	6782000
chr12	6782000	6783000
chr12	6783000	6784000
chr12	6784000	6785000
chr12	6785000	6786000
chr12	6786000	6787000
chr12	6787000	6788000
chr12	6788000	6789000
chr12	6789000	6790000
chr12	6790000	6791000
chr12	6791000	6792000
chr12	6792000	6793000
chr12	6793000	6794000
chr12	6794000	6795000
chr12	6795000	6796000
chr12	6796000	6797000
chr12	6797000	6798000
chr12	6798000	6799000
chr12	6799000	6800000
chr12	6800000	6801000
chr12	6801000	6802000
chr12	6802000	6803000
chr12	6803000	6804000
chr12	6804000	6805000
chr12	6805000	6806000
chr12	6806000	6807000
chr12	6807000	6808000
chr12	6808000	6809000
chr12	6809000	6810000
chr12	6810000	6811000
chr12	6811000	6812000
chr12	6812000	6813000
chr12	6813000	6814000
chr12	6814000	6815000
chr12	6815000	6816000
chr12	6816000	6817000
chr12	6817000	6818000
chr12	6818000	6819000
chr12	6819000	6820000
chr12	6820000	6821000
chr12	6821000	6822000
chr12	6822000	6823000
chr12	6823000	6824000
chr12	6824000	6825000
chr12	6825000	6826000
chr12	6826000	6827000
chr12	6827000	6828000
chr12	6828000	6829000
chr12	6829000	6830000
chr12	6830000	6831000
chr12	6831000	6832000
chr12	6832000	6833000
chr12	6833000	6834000
chr12	6834000	6835000
chr12	6836000	6837000
chr12	6837000	6838000
chr12	6838000	6839000
chr12	6839000	6840000
chr12	6840000	6841000
chr12	6841000	6842000
chr12	6842000	6843000
chr12	6843000	6844000
chr12	6844000	6845000
chr12	6845000	6846000
chr12	6846000	6847000
chr12	6847000	6848000
chr12	6848000	6849000
chr12	6849000	6850000
chr12	6850000	6851000
chr12	6851000	6852000
chr12	6852000	6853000
chr12	6853000	6854000
chr12	6854000	6855000
chr12	6855000	6856000
chr12	6856000	6857000
chr12	6857000	6858000
chr12	6858000	6859000
chr12	6859000	6860000
chr12	6860000	6861000
chr12	6861000	6862000
chr12	6862000	6863000
chr12	6863000	6864000
chr12	6864000	6865000
chr12	6865000	6866000
chr12	6866000	6867000
chr12	6867000	6868000
chr12	6868000	6869000
chr12	6869000	6870000
chr12	6870000	6871000
chr12	6871000	6872000
chr12	6872000	6873000
chr12	6873000	6874000
chr12	6874000	6875000
chr12	6875000	6876000
chr12	6876000	6877000
chr12	6877000	6878000
chr12	6878000	6879000
chr12	6879000	6880000
chr12	6880000	6881000
chr12	6881000	6882000
chr12	6882000	6883000
chr12	6883000	6884000
chr12	6884000	6885000
chr12	6885000	6886000
chr12	6886000	6887000
chr12	6887000	6888000
chr12	6888000	6889000
chr12	6889000	6890000
chr12	6890000	6891000
chr12	6891000	6892000
chr12	6892000	6893000
chr12	6893000	6894000
chr12	6894000	6895000
chr12	6895000	6896000
chr12	6896000	6897000
chr12	6897000	6898000
chr12	6898000	6899000
chr12	6899000	6900000
chr12	6900000	6901000
chr12	6901000	6902000
chr12	6902000	6903000
chr12	6903000	6904000
chr12	6904000	6905000
chr12	6905000	6906000
chr12	6906000	6907000
chr12	6907000	6908000
chr12	6908000	6909000
chr12	6909000	6910000
chr12	6910000	6911000
chr12	6911000	6912000
chr12	6912000	6913000
chr12	6913000	6914000
chr12	6914000	6915000
chr12	6915000	6916000
chr12	6916000	6917000
chr12	6917000	6918000
chr12	6918000	6919000
chr12	6919000	6920000
chr12	6920000	6921000
chr12	6921000	6922000
chr12	6922000	6923000
chr12	6923000	6924000
chr12	6924000	6925000
chr12	6925000	6926000
chr12	6926000	6927000
chr12	6927000	6928000
chr12	6928000	6929000
chr12	6929000	6930000
chr12	6930000	6931000
chr12	6931000	6932000
chr12	6932000	6933000
chr12	6933000	6934000
chr12	6934000	6935000
chr12	6935000	6936000
chr12	6936000	6937000
chr12	6937000	6938000
chr12	6938000	6939000
chr12	6939000	6940000
chr12	6940000	6941000
chr12	6941000	6942000
chr12	6942000	6943000
chr12	6943000	6944000
chr12	6944000	6945000
chr12	6945000	6946000
chr12	6946000	6947000
chr12	6947000	6948000
chr12	6948000	6949000
chr12	6949000	6950000
chr12	6950000	6951000
chr12	6951000	6952000
chr12	6952000	6953000
chr12	6953000	6954000
chr12	6954000	6955000
chr12	6955000	6956000
chr12	6956000	6957000
chr12	6957000	6958000
chr12	6958000	6959000
chr12	6959000	6960000
chr12	6960000	6961000
chr12	6961000	6962000
chr12	6962000	6963000
chr12	6963000	6964000
chr12	6964000	6965000
chr12	6965000	6966000
chr12	6966000	6967000
chr12	6967000	6968000
chr12	6968000	6969000
chr12	6969000	6970000
chr12	6970000	6971000
chr12	6971000	6972000
chr12	6972000	6973000
chr12	6973000	6974000
chr12	6974000	6975000
chr12	6975000	6976000
chr12	6976000	6977000
chr12	6977000	6978000
chr12	6978000	6979000
chr12	6979000	6980000
chr12	6980000	6981000
chr12	6981000	6982000
chr12	6982000	6983000
chr12	6983000	6984000
chr12	6984000	6985000
chr12	6985000	6986000
chr12	6986000	6987000
chr12	6987000	6988000
chr12	6988000	6989000
chr12	6989000	6990000
chr12	6990000	6991000
chr12	6991000	6992000
chr12	6992000	6993000
chr12	6993000	6994000
chr12	6994000	6995000
chr12	6995000	6996000
chr12	6996000	6997000
chr12	6997000	6998000
chr12	6998000	6999000
chr12	6999000	7000000
chr12	7000000	7001000
chr12	7001000	7002000
chr12	7002000	7003000
chr12	7003000	7004000
chr12	7004000	7005000
chr12	7005000	7006000
chr12	7006000	7007000
chr12	7007000	7008000
chr12	7008000	7009000
chr12	7009000	7010000
chr12	7010000	7011000
chr12	7011000	7012000
chr12	7012000	7013000
chr12	7013000	7014000
chr12	7014000	7015000
chr12	7015000	7016000
chr12	7016000	7017000
chr12	7017000	7018000
chr12	7018000	7019000
chr12	7019000	7020000
chr12	7020000	7021000
chr12	7021000	7022000
chr12	7022000	7023000
chr12	7023000	7024000
chr12	7024000	7025000
chr12	7025000	7026000
chr12	7026000	7027000
chr12	7027000	7028000
chr12	7028000	7029000
chr12	7029000	7030000
chr12	7030000	7031000
chr12	7031000	7032000
chr12	7032000	7033000
chr12	7033000	7034000
chr12	7034000	7035000
chr12	7035000	7036000
chr12	7036000	7037000
chr12	7037000	7038000
chr12	7038000	7039000
chr12	7039000	7040000
chr12	7040000	7041000
chr12	7041000	7042000
chr12	7042000	7043000
chr12	7043000	7044000
chr12	7044000	7045000
chr12	7045000	7046000
chr12	7046000	7047000
chr12	7047000	7048000
chr12	7048000	7049000
chr12	7049000	7050000
chr12	7050000	7051000
chr12	7051000	7052000
chr12	7052000	7053000
chr12	7053000	7054000
chr12	7054000	7055000
chr12	7055000	7056000
chr12	7056000	7057000
chr12	7057000	7058000
chr12	7058000	7059000
chr12	7059000	7060000
chr12	7060000	7061000
chr12	7061000	7062000
chr12	7062000	7063000
chr12	7063000	7064000
chr12	7064000	7065000
chr12	7065000	7066000
chr12	7066000	7067000
chr12	7067000	7068000
chr12	7068000	7069000
chr12	7069000	7070000
chr12	7070000	7071000
chr12	7071000	7072000
chr12	7072000	7073000
chr12	7073000	7074000
chr12	7074000	7075000
chr12	7075000	7076000
chr12	7077000	7078000
chr12	7078000	7079000
chr12	7079000	7080000
chr12	7080000	7081000
chr12	7081000	7082000
chr12	7082000	7083000
chr12	7083000	7084000
chr12	7084000	7085000
chr12	7085000	7086000
chr12	7086000	7087000
chr12	7087000	7088000
chr12	7088000	7089000
chr12	7089000	7090000
chr12	7090000	7091000
chr12	7091000	7092000
chr12	7092000	7093000
chr12	7093000	7094000
chr12	7094000	7095000
chr12	7095000	7096000
chr12	7096000	7097000
chr12	7097000	7098000
chr12	7099000	7100000
chr12	7100000	7101000
chr12	7101000	7102000
chr12	7102000	7103000
chr12	7103000	7104000
chr12	7104000	7105000
chr12	7105000	7106000
chr12	7106000	7107000
chr12	7107000	7108000
chr12	7108000	7109000
chr12	7109000	7110000
chr12	7110000	7111000
chr12	7111000	7112000
chr12	7112000	7113000
chr12	7113000	7114000
chr12	7114000	7115000
chr12	7115000	7116000
chr12	7116000	7117000
chr12	7117000	7118000
chr12	7118000	7119000
chr12	7119000	7120000
chr12	7120000	7121000
chr12	7121000	7122000
chr12	7122000	7123000
chr12	7123000	7124000
chr12	7124000	7125000
chr12	7125000	7126000
chr12	7126000	7127000
chr12	7127000	7128000
chr12	7128000	7129000
chr12	7129000	7130000
chr12	7130000	7131000
chr12	7131000	7132000
chr12	7132000	7133000
chr12	7133000	7134000
chr12	7134000	7135000
chr12	7135000	7136000
chr12	7136000	7137000
chr12	7137000	7138000
chr12	7138000	7139000
chr12	7139000	7140000
chr12	7140000	7141000
chr12	7141000	7142000
chr12	7142000	7143000
chr12	7143000	7144000
chr12	7144000	7145000
chr12	7145000	7146000
chr12	7146000	7147000
chr12	7147000	7148000
chr12	7148000	7149000
chr12	7149000	7150000
chr12	7150000	7151000
chr12	7151000	7152000
chr12	7152000	7153000
chr12	7153000	7154000
chr12	7154000	7155000
chr12	7155000	7156000
chr12	7156000	7157000
chr12	7157000	7158000
chr12	7158000	7159000
chr12	7159000	7160000
chr12	7160000	7161000
chr12	7161000	7162000
chr12	7162000	7163000
chr12	7163000	7164000
chr12	7164000	7165000
chr12	7165000	7166000
chr12	7166000	7167000
chr12	7167000	7168000
chr12	7168000	7169000
chr12	7169000	7170000
chr12	7170000	7171000
chr12	7171000	7172000
chr12	7172000	7173000
chr12	7173000	7174000
chr12	7174000	7175000
chr12	7175000	7176000
chr12	7176000	7177000
chr12	7177000	7178000
chr12	7178000	7179000
chr12	7179000	7180000
chr12	7180000	7181000
chr12	7181000	7182000
chr12	7182000	7183000
chr12	7183000	7184000
chr12	7184000	7185000
chr12	7185000	7186000
chr12	7186000	7187000
chr12	7187000	7188000
chr12	7188000	7189000
chr12	7189000	7190000
chr12	7190000	7191000
chr12	7191000	7192000
chr12	7192000	7193000
chr12	7193000	7194000
chr12	7194000	7195000
chr12	7195000	7196000
chr12	7196000	7197000
chr12	7197000	7198000
chr12	7198000	7199000
chr12	7199000	7200000
chr12	7200000	7201000
chr12	7201000	7202000
chr12	7202000	7203000
chr12	7203000	7204000
chr12	7204000	7205000
chr12	7205000	7206000
chr12	7206000	7207000
chr12	7207000	7208000
chr12	7208000	7209000
chr12	7209000	7210000
chr12	7210000	7211000
chr12	7211000	7212000
chr12	7212000	7213000
chr12	7213000	7214000
chr12	7214000	7215000
chr12	7215000	7216000
chr12	7216000	7217000
chr12	7217000	7218000
chr12	7218000	7219000
chr12	7219000	7220000
chr12	7220000	7221000
chr12	7221000	7222000
chr12	7222000	7223000
chr12	7223000	7224000
chr12	7224000	7225000
chr12	7225000	7226000
chr12	7226000	7227000
chr12	7227000	7228000
chr12	7228000	7229000
chr12	7229000	7230000
chr12	7230000	7231000
chr12	7231000	7232000
chr12	7232000	7233000
chr12	7233000	7234000
chr12	7234000	7235000
chr12	7235000	7236000
chr12	7236000	7237000
chr12	7237000	7238000
chr12	7238000	7239000
chr12	7239000	7240000
chr12	7240000	7241000
chr12	7241000	7242000
chr12	7242000	7243000
chr12	7243000	7244000
chr12	7244000	7245000
chr12	7245000	7246000
chr12	7246000	7247000
chr12	7247000	7248000
chr12	7248000	7249000
chr12	7249000	7250000
chr12	7250000	7251000
chr12	7251000	7252000
chr12	7252000	7253000
chr12	7253000	7254000
chr12	7254000	7255000
chr12	7255000	7256000
chr12	7256000	7257000
chr12	7257000	7258000
chr12	7258000	7259000
chr12	7259000	7260000
chr12	7260000	7261000
chr12	7261000	7262000
chr12	7262000	7263000
chr12	7263000	7264000
chr12	7264000	7265000
chr12	7265000	7266000
chr12	7266000	7267000
chr12	7267000	7268000
chr12	7268000	7269000
chr12	7269000	7270000
chr12	7270000	7271000
chr12	7271000	7272000
chr12	7272000	7273000
chr12	7273000	7274000
chr12	7274000	7275000
chr12	7275000	7276000
chr12	7276000	7277000
chr12	7277000	7278000
chr12	7278000	7279000
chr12	7279000	7280000
chr12	7280000	7281000
chr12	7281000	7282000
chr12	7282000	7283000
chr12	7283000	7284000
chr12	7284000	7285000
chr12	7285000	7286000
chr12	7286000	7287000
chr12	7287000	7288000
chr12	7288000	7289000
chr12	7289000	7290000
chr12	7290000	7291000
chr12	7291000	7292000
chr12	7292000	7293000
chr12	7293000	7294000
chr12	7294000	7295000
chr12	7295000	7296000
chr12	7296000	7297000
chr12	7297000	7298000
chr12	7298000	7299000
chr12	7299000	7300000
chr12	7300000	7301000
chr12	7301000	7302000
chr12	7302000	7303000
chr12	7303000	7304000
chr12	7304000	7305000
chr12	7305000	7306000
chr12	7306000	7307000
chr12	7307000	7308000
chr12	7308000	7309000
chr12	7309000	7310000
chr12	7310000	7311000
chr12	7311000	7312000
chr12	7312000	7313000
chr12	7313000	7314000
chr12	7314000	7315000
chr12	7315000	7316000
chr12	7316000	7317000
chr12	7317000	7318000
chr12	7318000	7319000
chr12	7319000	7320000
chr12	7320000	7321000
chr12	7321000	7322000
chr12	7322000	7323000
chr12	7323000	7324000
chr12	7324000	7325000
chr12	7325000	7326000
chr12	7326000	7327000
chr12	7327000	7328000
chr12	7328000	7329000
chr12	7329000	7330000
chr12	7330000	7331000
chr12	7331000	7332000
chr12	7332000	7333000
chr12	7333000	7334000
chr12	7334000	7335000
chr12	7335000	7336000
chr12	7336000	7337000
chr12	7337000	7338000
chr12	7338000	7339000
chr12	7339000	7340000
chr12	7340000	7341000
chr12	7341000	7342000
chr12	7342000	7343000
chr12	7343000	7344000
chr12	7344000	7345000
chr12	7345000	7346000
chr12	7346000	7347000
chr12	7347000	7348000
chr12	7348000	7349000
chr12	7349000	7350000
chr12	7350000	7351000
chr12	7351000	7352000
chr12	7352000	7353000
chr12	7353000	7354000
chr12	7354000	7355000
chr12	7355000	7356000
chr12	7356000	7357000
chr12	7357000	7358000
chr12	7358000	7359000
chr12	7359000	7360000
chr12	7360000	7361000
chr12	7361000	7362000
chr12	7362000	7363000
chr12	7363000	7364000
chr12	7364000	7365000
chr12	7365000	7366000
chr12	7366000	7367000
chr12	7367000	7368000
chr12	7368000	7369000
chr12	7369000	7370000
chr12	7370000	7371000
chr12	7371000	7372000
chr12	7372000	7373000
chr12	7373000	7374000
chr12	7374000	7375000
chr12	7375000	7376000
chr12	7376000	7377000
chr12	7377000	7378000
chr12	7378000	7379000
chr12	7379000	7380000
chr12	7380000	7381000
chr12	7381000	7382000
chr12	7382000	7383000
chr12	7383000	7384000
chr12	7384000	7385000
chr12	7385000	7386000
chr12	7386000	7387000
chr12	7387000	7388000
chr12	7388000	7389000
chr12	7389000	7390000
chr12	7390000	7391000
chr12	7391000	7392000
chr12	7392000	7393000
chr12	7393000	7394000
chr12	7394000	7395000
chr12	7395000	7396000
chr12	7396000	7397000
chr12	7397000	7398000
chr12	7398000	7399000
chr12	7399000	7400000
chr12	7400000	7401000
chr12	7401000	7402000
chr12	7402000	7403000
chr12	7403000	7404000
chr12	7404000	7405000
chr12	7405000	7406000
chr12	7406000	7407000
chr12	7407000	7408000
chr12	7408000	7409000
chr12	7409000	7410000
chr12	7410000	7411000
chr12	7411000	7412000
chr12	7412000	7413000
chr12	7413000	7414000
chr12	7414000	7415000
chr12	7415000	7416000
chr12	7416000	7417000
chr12	7417000	7418000
chr12	7418000	7419000
chr12	7419000	7420000
chr12	7420000	7421000
chr12	7421000	7422000
chr12	7422000	7423000
chr12	7423000	7424000
chr12	7424000	7425000
chr12	7425000	7426000
chr12	7426000	7427000
chr12	7427000	7428000
chr12	7428000	7429000
chr12	7429000	7430000
chr12	7430000	7431000
chr12	7431000	7432000
chr12	7432000	7433000
chr12	7433000	7434000
chr12	7434000	7435000
chr12	7435000	7436000
chr12	7436000	7437000
chr12	7437000	7438000
chr12	7438000	7439000
chr12	7439000	7440000
chr12	7440000	7441000
chr12	7441000	7442000
chr12	7442000	7443000
chr12	7443000	7444000
chr12	7444000	7445000
chr12	7445000	7446000
chr12	7446000	7447000
chr12	7447000	7448000
chr12	7448000	7449000
chr12	7449000	7450000
chr12	7450000	7451000
chr12	7451000	7452000
chr12	7452000	7453000
chr12	7453000	7454000
chr12	7454000	7455000
chr12	7455000	7456000
chr12	7456000	7457000
chr12	7457000	7458000
chr12	7458000	7459000
chr12	7459000	7460000
chr12	7460000	7461000
chr12	7461000	7462000
chr12	7462000	7463000
chr12	7463000	7464000
chr12	7464000	7465000
chr12	7465000	7466000
chr12	7466000	7467000
chr12	7467000	7468000
chr12	7468000	7469000
chr12	7469000	7470000
chr12	7470000	7471000
chr12	7471000	7472000
chr12	7472000	7473000
chr12	7473000	7474000
chr12	7474000	7475000
chr12	7475000	7476000
chr12	7476000	7477000
chr12	7477000	7478000
chr12	7478000	7479000
chr12	7479000	7480000
chr12	7480000	7481000
chr12	7481000	7482000
chr12	7482000	7483000
chr12	7483000	7484000
chr12	7484000	7485000
chr12	7485000	7486000
chr12	7486000	7487000
chr12	7487000	7488000
chr12	7488000	7489000
chr12	7489000	7490000
chr12	7490000	7491000
chr12	7491000	7492000
chr12	7492000	7493000
chr12	7493000	7494000
chr12	7494000	7495000
chr12	7495000	7496000
chr12	7496000	7497000
chr12	7497000	7498000
chr12	7498000	7499000
chr12	7499000	7500000
chr12	7500000	7501000
chr12	7501000	7502000
chr12	7502000	7503000
chr12	7503000	7504000
chr12	7504000	7505000
chr12	7505000	7506000
chr12	7506000	7507000
chr12	7507000	7508000
chr12	7508000	7509000
chr12	7509000	7510000
chr12	7510000	7511000
chr12	7511000	7512000
chr12	7512000	7513000
chr12	7513000	7514000
chr12	7514000	7515000
chr12	7515000	7516000
chr12	7516000	7517000
chr12	7517000	7518000
chr12	7518000	7519000
chr12	7519000	7520000
chr12	7520000	7521000
chr12	7521000	7522000
chr12	7522000	7523000
chr12	7523000	7524000
chr12	7524000	7525000
chr12	7525000	7526000
chr12	7526000	7527000
chr12	7527000	7528000
chr12	7528000	7529000
chr12	7529000	7530000
chr12	7530000	7531000
chr12	7531000	7532000
chr12	7532000	7533000
chr12	7533000	7534000
chr12	7534000	7535000
chr12	7535000	7536000
chr12	7536000	7537000
chr12	7537000	7538000
chr12	7538000	7539000
chr12	7539000	7540000
chr12	7540000	7541000
chr12	7541000	7542000
chr12	7542000	7543000
chr12	7543000	7544000
chr12	7544000	7545000
chr12	7545000	7546000
chr12	7546000	7547000
chr12	7547000	7548000
chr12	7548000	7549000
chr12	7549000	7550000
chr12	7550000	7551000
chr12	7551000	7552000
chr12	7552000	7553000
chr12	7553000	7554000
chr12	7554000	7555000
chr12	7555000	7556000
chr12	7556000	7557000
chr12	7557000	7558000
chr12	7558000	7559000
chr12	7559000	7560000
chr12	7560000	7561000
chr12	7561000	7562000
chr12	7562000	7563000
chr12	7563000	7564000
chr12	7564000	7565000
chr12	7565000	7566000
chr12	7566000	7567000
chr12	7567000	7568000
chr12	7568000	7569000
chr12	7569000	7570000
chr12	7570000	7571000
chr12	7571000	7572000
chr12	7572000	7573000
chr12	7573000	7574000
chr12	7574000	7575000
chr12	7575000	7576000
chr12	7576000	7577000
chr12	7577000	7578000
chr12	7578000	7579000
chr12	7579000	7580000
chr12	7580000	7581000
chr12	7581000	7582000
chr12	7582000	7583000
chr12	7583000	7584000
chr12	7584000	7585000
chr12	7585000	7586000
chr12	7586000	7587000
chr12	7587000	7588000
chr12	7588000	7589000
chr12	7589000	7590000
chr12	7590000	7591000
chr12	7591000	7592000
chr12	7592000	7593000
chr12	7593000	7594000
chr12	7594000	7595000
chr12	7595000	7596000
chr12	7596000	7597000
chr12	7597000	7598000
chr12	7598000	7599000
chr12	7599000	7600000
chr12	7600000	7601000
chr12	7601000	7602000
chr12	7602000	7603000
chr12	7603000	7604000
chr12	7604000	7605000
chr12	7605000	7606000
chr12	7606000	7607000
chr12	7607000	7608000
chr12	7608000	7609000
chr12	7609000	7610000
chr12	7610000	7611000
chr12	7611000	7612000
chr12	7612000	7613000
chr12	7613000	7614000
chr12	7614000	7615000
chr12	7615000	7616000
chr12	7616000	7617000
chr12	7617000	7618000
chr12	7618000	7619000
chr12	7619000	7620000
chr12	7620000	7621000
chr12	7621000	7622000
chr12	7622000	7623000
chr12	7623000	7624000
chr12	7624000	7625000
chr12	7625000	7626000
chr12	7626000	7627000
chr12	7627000	7628000
chr12	7628000	7629000
chr12	7629000	7630000
chr12	7630000	7631000
chr12	7631000	7632000
chr12	7632000	7633000
chr12	7633000	7634000
chr12	7634000	7635000
chr12	7635000	7636000
chr12	7636000	7637000
chr12	7637000	7638000
chr12	7638000	7639000
chr12	7639000	7640000
chr12	7640000	7641000
chr12	7641000	7642000
chr12	7642000	7643000
chr12	7643000	7644000
chr12	7644000	7645000
chr12	7645000	7646000
chr12	7646000	7647000
chr12	7647000	7648000
chr12	7648000	7649000
chr12	7649000	7650000
chr12	7650000	7651000
chr12	7651000	7652000
chr12	7652000	7653000
chr12	7653000	7654000
chr12	7654000	7655000
chr12	7655000	7656000
chr12	7656000	7657000
chr12	7657000	7658000
chr12	7658000	7659000
chr12	7659000	7660000
chr12	7660000	7661000
chr12	7661000	7662000
chr12	7662000	7663000
chr12	7663000	7664000
chr12	7664000	7665000
chr12	7665000	7666000
chr12	7666000	7667000
chr12	7667000	7668000
chr12	7668000	7669000
chr12	7669000	7670000
chr12	7670000	7671000
chr12	7671000	7672000
chr12	7672000	7673000
chr12	7673000	7674000
chr12	7674000	7675000
chr12	7675000	7676000
chr12	7676000	7677000
chr12	7677000	7678000
chr12	7678000	7679000
chr12	7679000	7680000
chr12	7680000	7681000
chr12	7681000	7682000
chr12	7682000	7683000
chr12	7683000	7684000
chr12	7684000	7685000
chr12	7685000	7686000
chr12	7686000	7687000
chr12	7687000	7688000
chr12	7688000	7689000
chr12	7689000	7690000
chr12	7690000	7691000
chr12	7691000	7692000
chr12	7692000	7693000
chr12	7693000	7694000
chr12	7694000	7695000
chr12	7695000	7696000
chr12	7696000	7697000
chr12	7697000	7698000
chr12	7698000	7699000
chr12	7699000	7700000
chr12	7700000	7701000
chr12	7701000	7702000
chr12	7702000	7703000
chr12	7703000	7704000
chr12	7704000	7705000
chr12	7705000	7706000
chr12	7706000	7707000
chr12	7707000	7708000
chr12	7708000	7709000
chr12	7709000	7710000
chr12	7710000	7711000
chr12	7711000	7712000
chr12	7712000	7713000
chr12	7713000	7714000
chr12	7714000	7715000
chr12	7715000	7716000
chr12	7716000	7717000
chr12	7717000	7718000
chr12	7718000	7719000
chr12	7719000	7720000
chr12	7720000	7721000
chr12	7721000	7722000
chr12	7722000	7723000
chr12	7723000	7724000
chr12	7724000	7725000
chr12	7725000	7726000
chr12	7726000	7727000
chr12	7727000	7728000
chr12	7728000	7729000
chr12	7729000	7730000
chr12	7730000	7731000
chr12	7731000	7732000
chr12	7732000	7733000
chr12	7733000	7734000
chr12	7734000	7735000
chr12	7735000	7736000
chr12	7736000	7737000
chr12	7737000	7738000
chr12	7738000	7739000
chr12	7739000	7740000
chr12	7740000	7741000
chr12	7741000	7742000
chr12	7742000	7743000
chr12	7743000	7744000
chr12	7744000	7745000
chr12	7745000	7746000
chr12	7746000	7747000
chr12	7747000	7748000
chr12	7748000	7749000
chr12	7749000	7750000
chr12	7750000	7751000
chr12	7751000	7752000
chr12	7752000	7753000
chr12	7753000	7754000
chr12	7754000	7755000
chr12	7755000	7756000
chr12	7756000	7757000
chr12	7757000	7758000
chr12	7758000	7759000
chr12	7759000	7760000
chr12	7760000	7761000
chr12	7761000	7762000
chr12	7762000	7763000
chr12	7763000	7764000
chr12	7764000	7765000
chr12	7765000	7766000
chr12	7766000	7767000
chr12	7767000	7768000
chr12	7768000	7769000
chr12	7769000	7770000
chr12	7770000	7771000
chr12	7771000	7772000
chr12	7772000	7773000
chr12	7773000	7774000
chr12	7774000	7775000
chr12	7775000	7776000
chr12	7776000	7777000
chr12	7777000	7778000
chr12	7778000	7779000
chr12	7779000	7780000
chr12	7780000	7781000
chr12	7781000	7782000
chr12	7782000	7783000
chr12	7783000	7784000
chr12	7784000	7785000
chr12	7785000	7786000
chr12	7786000	7787000
chr12	7787000	7788000
chr12	7788000	7789000
chr12	7789000	7790000
chr12	7790000	7791000
chr12	7791000	7792000
chr12	7792000	7793000
chr12	7793000	7794000
chr12	7794000	7795000
chr12	7795000	7796000
chr12	7796000	7797000
chr12	7797000	7798000
chr12	7798000	7799000
chr12	7799000	7800000
chr12	7800000	7801000
chr12	7801000	7802000
chr12	7803000	7804000
chr12	7804000	7805000
chr12	7805000	7806000
chr12	7808000	7809000
chr12	7809000	7810000
chr12	7810000	7811000
chr12	7811000	7812000
chr12	7812000	7813000
chr12	7813000	7814000
chr12	7814000	7815000
chr12	7815000	7816000
chr12	7816000	7817000
chr12	7817000	7818000
chr12	7818000	7819000
chr12	7819000	7820000
chr12	7820000	7821000
chr12	7821000	7822000
chr12	7822000	7823000
chr12	7823000	7824000
chr12	7824000	7825000
chr12	7825000	7826000
chr12	7826000	7827000
chr12	7827000	7828000
chr12	7828000	7829000
chr12	7829000	7830000
chr12	7830000	7831000
chr12	7831000	7832000
chr12	7832000	7833000
chr12	7833000	7834000
chr12	7834000	7835000
chr12	7835000	7836000
chr12	7837000	7838000
chr12	7838000	7839000
chr12	7839000	7840000
chr12	7840000	7841000
chr12	7841000	7842000
chr12	7842000	7843000
chr12	7843000	7844000
chr12	7844000	7845000
chr12	7845000	7846000
chr12	7846000	7847000
chr12	7847000	7848000
chr12	7848000	7849000
chr12	7849000	7850000
chr12	7850000	7851000
chr12	7851000	7852000
chr12	7852000	7853000
chr12	7853000	7854000
chr12	7854000	7855000
chr12	7855000	7856000
chr12	7856000	7857000
chr12	7857000	7858000
chr12	7858000	7859000
chr12	7859000	7860000
chr12	7860000	7861000
chr12	7861000	7862000
chr12	7862000	7863000
chr12	7863000	7864000
chr12	7864000	7865000
chr12	7865000	7866000
chr12	7866000	7867000
chr12	7867000	7868000
chr12	7868000	7869000
chr12	7869000	7870000
chr12	7870000	7871000
chr12	7871000	7872000
chr12	7872000	7873000
chr12	7873000	7874000
chr12	7874000	7875000
chr12	7875000	7876000
chr12	7876000	7877000
chr12	7877000	7878000
chr12	7878000	7879000
chr12	7879000	7880000
chr12	7880000	7881000
chr12	7881000	7882000
chr12	7882000	7883000
chr12	7883000	7884000
chr12	7884000	7885000
chr12	7885000	7886000
chr12	7886000	7887000
chr12	7887000	7888000
chr12	7888000	7889000
chr12	7889000	7890000
chr12	7890000	7891000
chr12	7891000	7892000
chr12	7892000	7893000
chr12	7893000	7894000
chr12	7894000	7895000
chr12	7895000	7896000
chr12	7896000	7897000
chr12	7897000	7898000
chr12	7898000	7899000
chr12	7899000	7900000
chr12	7900000	7901000
chr12	7901000	7902000
chr12	7902000	7903000
chr12	7903000	7904000
chr12	7904000	7905000
chr12	7905000	7906000
chr12	7906000	7907000
chr12	7907000	7908000
chr12	7908000	7909000
chr12	7909000	7910000
chr12	7910000	7911000
chr12	7911000	7912000
chr12	7912000	7913000
chr12	7913000	7914000
chr12	7914000	7915000
chr12	7915000	7916000
chr12	7916000	7917000
chr12	7917000	7918000
chr12	7918000	7919000
chr12	7919000	7920000
chr12	7920000	7921000
chr12	7921000	7922000
chr12	7922000	7923000
chr12	7923000	7924000
chr12	7924000	7925000
chr12	7925000	7926000
chr12	7926000	7927000
chr12	7927000	7928000
chr12	7928000	7929000
chr12	7929000	7930000
chr12	7930000	7931000
chr12	7931000	7932000
chr12	7932000	7933000
chr12	7933000	7934000
chr12	7934000	7935000
chr12	7935000	7936000
chr12	7936000	7937000
chr12	7937000	7938000
chr12	7938000	7939000
chr12	7939000	7940000
chr12	7940000	7941000
chr12	7941000	7942000
chr12	7942000	7943000
chr12	7943000	7944000
chr12	7944000	7945000
chr12	7945000	7946000
chr12	7946000	7947000
chr12	7947000	7948000
chr12	7948000	7949000
chr12	7949000	7950000
chr12	7950000	7951000
chr12	7951000	7952000
chr12	7952000	7953000
chr12	7953000	7954000
chr12	7954000	7955000
chr12	7955000	7956000
chr12	7956000	7957000
chr12	7957000	7958000
chr12	7958000	7959000
chr12	7959000	7960000
chr12	7960000	7961000
chr12	7961000	7962000
chr12	7962000	7963000
chr12	7963000	7964000
chr12	7964000	7965000
chr12	7965000	7966000
chr12	7966000	7967000
chr12	7967000	7968000
chr12	7968000	7969000
chr12	7969000	7970000
chr12	7970000	7971000
chr12	7971000	7972000
chr12	7972000	7973000
chr12	7973000	7974000
chr12	7974000	7975000
chr12	7975000	7976000
chr12	7976000	7977000
chr12	7977000	7978000
chr12	7978000	7979000
chr12	7979000	7980000
chr12	7980000	7981000
chr12	7981000	7982000
chr12	7982000	7983000
chr12	7983000	7984000
chr12	7984000	7985000
chr12	7985000	7986000
chr12	7986000	7987000
chr12	7987000	7988000
chr12	7988000	7989000
chr12	7989000	7990000
chr12	7990000	7991000
chr12	7991000	7992000
chr12	7992000	7993000
chr12	7993000	7994000
chr12	7994000	7995000
chr12	7995000	7996000
chr12	7996000	7997000
chr12	7997000	7998000
chr12	7998000	7999000
chr12	7999000	8000000
chr12	8000000	8001000
chr12	8001000	8002000
chr12	8002000	8003000
chr12	8003000	8004000
chr12	8004000	8005000
chr12	8005000	8006000
chr12	8006000	8007000
chr12	8007000	8008000
chr12	8008000	8009000
chr12	8009000	8010000
chr12	8010000	8011000
chr12	8011000	8012000
chr12	8012000	8013000
chr12	8013000	8014000
chr12	8014000	8015000
chr12	8015000	8016000
chr12	8016000	8017000
chr12	8017000	8018000
chr12	8018000	8019000
chr12	8019000	8020000
chr12	8020000	8021000
chr12	8021000	8022000
chr12	8022000	8023000
chr12	8023000	8024000
chr12	8024000	8025000
chr12	8025000	8026000
chr12	8026000	8027000
chr12	8027000	8028000
chr12	8028000	8029000
chr12	8029000	8030000
chr12	8030000	8031000
chr12	8031000	8032000
chr12	8032000	8033000
chr12	8033000	8034000
chr12	8034000	8035000
chr12	8035000	8036000
chr12	8036000	8037000
chr12	8037000	8038000
chr12	8038000	8039000
chr12	8039000	8040000
chr12	8040000	8041000
chr12	8041000	8042000
chr12	8042000	8043000
chr12	8043000	8044000
chr12	8044000	8045000
chr12	8045000	8046000
chr12	8046000	8047000
chr12	8047000	8048000
chr12	8048000	8049000
chr12	8049000	8050000
chr12	8050000	8051000
chr12	8051000	8052000
chr12	8052000	8053000
chr12	8053000	8054000
chr12	8054000	8055000
chr12	8055000	8056000
chr12	8056000	8057000
chr12	8057000	8058000
chr12	8058000	8059000
chr12	8059000	8060000
chr12	8060000	8061000
chr12	8061000	8062000
chr12	8062000	8063000
chr12	8063000	8064000
chr12	8064000	8065000
chr12	8065000	8066000
chr12	8066000	8067000
chr12	8067000	8068000
chr12	8068000	8069000
chr12	8069000	8070000
chr12	8070000	8071000
chr12	8071000	8072000
chr12	8072000	8073000
chr12	8073000	8074000
chr12	8074000	8075000
chr12	8075000	8076000
chr12	8076000	8077000
chr12	8077000	8078000
chr12	8078000	8079000
chr12	8079000	8080000
chr12	8080000	8081000
chr12	8081000	8082000
chr12	8082000	8083000
chr12	8083000	8084000
chr12	8084000	8085000
chr12	8085000	8086000
chr12	8086000	8087000
chr12	8087000	8088000
chr12	8088000	8089000
chr12	8089000	8090000
chr12	8090000	8091000
chr12	8091000	8092000
chr12	8092000	8093000
chr12	8093000	8094000
chr12	8094000	8095000
chr12	8095000	8096000
chr12	8096000	8097000
chr12	8097000	8098000
chr12	8098000	8099000
chr12	8099000	8100000
chr12	8100000	8101000
chr12	8101000	8102000
chr12	8102000	8103000
chr12	8103000	8104000
chr12	8104000	8105000
chr12	8105000	8106000
chr12	8106000	8107000
chr12	8107000	8108000
chr12	8108000	8109000
chr12	8109000	8110000
chr12	8110000	8111000
chr12	8112000	8113000
chr12	8113000	8114000
chr12	8114000	8115000
chr12	8115000	8116000
chr12	8116000	8117000
chr12	8117000	8118000
chr12	8118000	8119000
chr12	8119000	8120000
chr12	8120000	8121000
chr12	8121000	8122000
chr12	8124000	8125000
chr12	8125000	8126000
chr12	8126000	8127000
chr12	8127000	8128000
chr12	8128000	8129000
chr12	8129000	8130000
chr12	8130000	8131000
chr12	8131000	8132000
chr12	8132000	8133000
chr12	8133000	8134000
chr12	8134000	8135000
chr12	8135000	8136000
chr12	8136000	8137000
chr12	8137000	8138000
chr12	8138000	8139000
chr12	8139000	8140000
chr12	8140000	8141000
chr12	8141000	8142000
chr12	8142000	8143000
chr12	8143000	8144000
chr12	8144000	8145000
chr12	8145000	8146000
chr12	8146000	8147000
chr12	8147000	8148000
chr12	8148000	8149000
chr12	8150000	8151000
chr12	8151000	8152000
chr12	8152000	8153000
chr12	8153000	8154000
chr12	8154000	8155000
chr12	8155000	8156000
chr12	8156000	8157000
chr12	8157000	8158000
chr12	8160000	8161000
chr12	8161000	8162000
chr12	8162000	8163000
chr12	8163000	8164000
chr12	8164000	8165000
chr12	8165000	8166000
chr12	8166000	8167000
chr12	8167000	8168000
chr12	8168000	8169000
chr12	8169000	8170000
chr12	8170000	8171000
chr12	8171000	8172000
chr12	8172000	8173000
chr12	8173000	8174000
chr12	8174000	8175000
chr12	8175000	8176000
chr12	8176000	8177000
chr12	8177000	8178000
chr12	8178000	8179000
chr12	8179000	8180000
chr12	8180000	8181000
chr12	8181000	8182000
chr12	8182000	8183000
chr12	8183000	8184000
chr12	8184000	8185000
chr12	8185000	8186000
chr12	8186000	8187000
chr12	8187000	8188000
chr12	8188000	8189000
chr12	8189000	8190000
chr12	8190000	8191000
chr12	8191000	8192000
chr12	8192000	8193000
chr12	8193000	8194000
chr12	8194000	8195000
chr12	8195000	8196000
chr12	8196000	8197000
chr12	8197000	8198000
chr12	8198000	8199000
chr12	8199000	8200000
chr12	8200000	8201000
chr12	8201000	8202000
chr12	8202000	8203000
chr12	8203000	8204000
chr12	8204000	8205000
chr12	8205000	8206000
chr12	8206000	8207000
chr12	8207000	8208000
chr12	8208000	8209000
chr12	8209000	8210000
chr12	8210000	8211000
chr12	8211000	8212000
chr12	8212000	8213000
chr12	8213000	8214000
chr12	8214000	8215000
chr12	8215000	8216000
chr12	8216000	8217000
chr12	8217000	8218000
chr12	8218000	8219000
chr12	8219000	8220000
chr12	8220000	8221000
chr12	8221000	8222000
chr12	8222000	8223000
chr12	8223000	8224000
chr12	8224000	8225000
chr12	8225000	8226000
chr12	8226000	8227000
chr12	8227000	8228000
chr12	8228000	8229000
chr12	8229000	8230000
chr12	8230000	8231000
chr12	8231000	8232000
chr12	8233000	8234000
chr12	8234000	8235000
chr12	8235000	8236000
chr12	8236000	8237000
chr12	8237000	8238000
chr12	8238000	8239000
chr12	8240000	8241000
chr12	8241000	8242000
chr12	8242000	8243000
chr12	8243000	8244000
chr12	8244000	8245000
chr12	8245000	8246000
chr12	8246000	8247000
chr12	8247000	8248000
chr12	8248000	8249000
chr12	8249000	8250000
chr12	8250000	8251000
chr12	8251000	8252000
chr12	8252000	8253000
chr12	8253000	8254000
chr12	8254000	8255000
chr12	8255000	8256000
chr12	8256000	8257000
chr12	8257000	8258000
chr12	8258000	8259000
chr12	8259000	8260000
chr12	8260000	8261000
chr12	8261000	8262000
chr12	8262000	8263000
chr12	8263000	8264000
chr12	8264000	8265000
chr12	8265000	8266000
chr12	8266000	8267000
chr12	8267000	8268000
chr12	8268000	8269000
chr12	8269000	8270000
chr12	8270000	8271000
chr12	8271000	8272000
chr12	8272000	8273000
chr12	8273000	8274000
chr12	8274000	8275000
chr12	8275000	8276000
chr12	8276000	8277000
chr12	8277000	8278000
chr12	8278000	8279000
chr12	8279000	8280000
chr12	8280000	8281000
chr12	8281000	8282000
chr12	8282000	8283000
chr12	8283000	8284000
chr12	8284000	8285000
chr12	8285000	8286000
chr12	8286000	8287000
chr12	8287000	8288000
chr12	8288000	8289000
chr12	8289000	8290000
chr12	8290000	8291000
chr12	8291000	8292000
chr12	8292000	8293000
chr12	8293000	8294000
chr12	8294000	8295000
chr12	8295000	8296000
chr12	8296000	8297000
chr12	8297000	8298000
chr12	8298000	8299000
chr12	8299000	8300000
chr12	8300000	8301000
chr12	8301000	8302000
chr12	8302000	8303000
chr12	8303000	8304000
chr12	8304000	8305000
chr12	8305000	8306000
chr12	8306000	8307000
chr12	8307000	8308000
chr12	8308000	8309000
chr12	8309000	8310000
chr12	8310000	8311000
chr12	8311000	8312000
chr12	8312000	8313000
chr12	8313000	8314000
chr12	8314000	8315000
chr12	8315000	8316000
chr12	8316000	8317000
chr12	8317000	8318000
chr12	8318000	8319000
chr12	8319000	8320000
chr12	8320000	8321000
chr12	8321000	8322000
chr12	8322000	8323000
chr12	8323000	8324000
chr12	8324000	8325000
chr12	8325000	8326000
chr12	8326000	8327000
chr12	8327000	8328000
chr12	8328000	8329000
chr12	8329000	8330000
chr12	8330000	8331000
chr12	8331000	8332000
chr12	8332000	8333000
chr12	8333000	8334000
chr12	8334000	8335000
chr12	8335000	8336000
chr12	8336000	8337000
chr12	8337000	8338000
chr12	8338000	8339000
chr12	8339000	8340000
chr12	8340000	8341000
chr12	8341000	8342000
chr12	8342000	8343000
chr12	8343000	8344000
chr12	8344000	8345000
chr12	8345000	8346000
chr12	8346000	8347000
chr12	8347000	8348000
chr12	8349000	8350000
chr12	8350000	8351000
chr12	8351000	8352000
chr12	8352000	8353000
chr12	8353000	8354000
chr12	8354000	8355000
chr12	8355000	8356000
chr12	8356000	8357000
chr12	8357000	8358000
chr12	8358000	8359000
chr12	8359000	8360000
chr12	8360000	8361000
chr12	8361000	8362000
chr12	8362000	8363000
chr12	8363000	8364000
chr12	8364000	8365000
chr12	8365000	8366000
chr12	8366000	8367000
chr12	8367000	8368000
chr12	8368000	8369000
chr12	8369000	8370000
chr12	8370000	8371000
chr12	8371000	8372000
chr12	8372000	8373000
chr12	8373000	8374000
chr12	8374000	8375000
chr12	8375000	8376000
chr12	8376000	8377000
chr12	8377000	8378000
chr12	8378000	8379000
chr12	8379000	8380000
chr12	8380000	8381000
chr12	8381000	8382000
chr12	8382000	8383000
chr12	8383000	8384000
chr12	8384000	8385000
chr12	8385000	8386000
chr12	8386000	8387000
chr12	8387000	8388000
chr12	8388000	8389000
chr12	8389000	8390000
chr12	8391000	8392000
chr12	8392000	8393000
chr12	8393000	8394000
chr12	8394000	8395000
chr12	8395000	8396000
chr12	8396000	8397000
chr12	8397000	8398000
chr12	8398000	8399000
chr12	8399000	8400000
chr12	8400000	8401000
chr12	8401000	8402000
chr12	8402000	8403000
chr12	8403000	8404000
chr12	8404000	8405000
chr12	8405000	8406000
chr12	8406000	8407000
chr12	8407000	8408000
chr12	8408000	8409000
chr12	8409000	8410000
chr12	8410000	8411000
chr12	8411000	8412000
chr12	8412000	8413000
chr12	8413000	8414000
chr12	8414000	8415000
chr12	8415000	8416000
chr12	8416000	8417000
chr12	8430000	8431000
chr12	8431000	8432000
chr12	8432000	8433000
chr12	8433000	8434000
chr12	8434000	8435000
chr12	8436000	8437000
chr12	8437000	8438000
chr12	8438000	8439000
chr12	8439000	8440000
chr12	8440000	8441000
chr12	8441000	8442000
chr12	8442000	8443000
chr12	8443000	8444000
chr12	8444000	8445000
chr12	8445000	8446000
chr12	8446000	8447000
chr12	8447000	8448000
chr12	8448000	8449000
chr12	8449000	8450000
chr12	8450000	8451000
chr12	8451000	8452000
chr12	8452000	8453000
chr12	8453000	8454000
chr12	8454000	8455000
chr12	8455000	8456000
chr12	8456000	8457000
chr12	8458000	8459000
chr12	8459000	8460000
chr12	8460000	8461000
chr12	8461000	8462000
chr12	8462000	8463000
chr12	8463000	8464000
chr12	8464000	8465000
chr12	8465000	8466000
chr12	8466000	8467000
chr12	8467000	8468000
chr12	8468000	8469000
chr12	8469000	8470000
chr12	8470000	8471000
chr12	8471000	8472000
chr12	8472000	8473000
chr12	8473000	8474000
chr12	8474000	8475000
chr12	8475000	8476000
chr12	8476000	8477000
chr12	8477000	8478000
chr12	8478000	8479000
chr12	8479000	8480000
chr12	8480000	8481000
chr12	8481000	8482000
chr12	8482000	8483000
chr12	8483000	8484000
chr12	8484000	8485000
chr12	8485000	8486000
chr12	8486000	8487000
chr12	8487000	8488000
chr12	8488000	8489000
chr12	8489000	8490000
chr12	8490000	8491000
chr12	8491000	8492000
chr12	8492000	8493000
chr12	8493000	8494000
chr12	8494000	8495000
chr12	8495000	8496000
chr12	8496000	8497000
chr12	8497000	8498000
chr12	8498000	8499000
chr12	8499000	8500000
chr12	8500000	8501000
chr12	8501000	8502000
chr12	8502000	8503000
chr12	8503000	8504000
chr12	8504000	8505000
chr12	8505000	8506000
chr12	8506000	8507000
chr12	8507000	8508000
chr12	8508000	8509000
chr12	8509000	8510000
chr12	8510000	8511000
chr12	8511000	8512000
chr12	8512000	8513000
chr12	8513000	8514000
chr12	8514000	8515000
chr12	8515000	8516000
chr12	8516000	8517000
chr12	8517000	8518000
chr12	8518000	8519000
chr12	8519000	8520000
chr12	8520000	8521000
chr12	8521000	8522000
chr12	8522000	8523000
chr12	8523000	8524000
chr12	8524000	8525000
chr12	8525000	8526000
chr12	8526000	8527000
chr12	8527000	8528000
chr12	8528000	8529000
chr12	8529000	8530000
chr12	8530000	8531000
chr12	8531000	8532000
chr12	8532000	8533000
chr12	8533000	8534000
chr12	8534000	8535000
chr12	8535000	8536000
chr12	8536000	8537000
chr12	8537000	8538000
chr12	8538000	8539000
chr12	8539000	8540000
chr12	8540000	8541000
chr12	8541000	8542000
chr12	8542000	8543000
chr12	8543000	8544000
chr12	8544000	8545000
chr12	8545000	8546000
chr12	8546000	8547000
chr12	8547000	8548000
chr12	8548000	8549000
chr12	8549000	8550000
chr12	8550000	8551000
chr12	8551000	8552000
chr12	8552000	8553000
chr12	8553000	8554000
chr12	8554000	8555000
chr12	8555000	8556000
chr12	8556000	8557000
chr12	8557000	8558000
chr12	8558000	8559000
chr12	8560000	8561000
chr12	8561000	8562000
chr12	8562000	8563000
chr12	8563000	8564000
chr12	8564000	8565000
chr12	8565000	8566000
chr12	8566000	8567000
chr12	8567000	8568000
chr12	8568000	8569000
chr12	8569000	8570000
chr12	8570000	8571000
chr12	8571000	8572000
chr12	8572000	8573000
chr12	8573000	8574000
chr12	8574000	8575000
chr12	8575000	8576000
chr12	8576000	8577000
chr12	8577000	8578000
chr12	8578000	8579000
chr12	8579000	8580000
chr12	8580000	8581000
chr12	8581000	8582000
chr12	8582000	8583000
chr12	8583000	8584000
chr12	8584000	8585000
chr12	8585000	8586000
chr12	8586000	8587000
chr12	8587000	8588000
chr12	8588000	8589000
chr12	8589000	8590000
chr12	8590000	8591000
chr12	8591000	8592000
chr12	8592000	8593000
chr12	8593000	8594000
chr12	8594000	8595000
chr12	8595000	8596000
chr12	8596000	8597000
chr12	8597000	8598000
chr12	8598000	8599000
chr12	8599000	8600000
chr12	8600000	8601000
chr12	8601000	8602000
chr12	8602000	8603000
chr12	8603000	8604000
chr12	8604000	8605000
chr12	8605000	8606000
chr12	8606000	8607000
chr12	8607000	8608000
chr12	8608000	8609000
chr12	8609000	8610000
chr12	8610000	8611000
chr12	8611000	8612000
chr12	8612000	8613000
chr12	8613000	8614000
chr12	8614000	8615000
chr12	8615000	8616000
chr12	8616000	8617000
chr12	8617000	8618000
chr12	8618000	8619000
chr12	8619000	8620000
chr12	8620000	8621000
chr12	8621000	8622000
chr12	8622000	8623000
chr12	8623000	8624000
chr12	8624000	8625000
chr12	8625000	8626000
chr12	8626000	8627000
chr12	8627000	8628000
chr12	8628000	8629000
chr12	8629000	8630000
chr12	8630000	8631000
chr12	8631000	8632000
chr12	8632000	8633000
chr12	8633000	8634000
chr12	8634000	8635000
chr12	8635000	8636000
chr12	8636000	8637000
chr12	8637000	8638000
chr12	8638000	8639000
chr12	8639000	8640000
chr12	8640000	8641000
chr12	8641000	8642000
chr12	8642000	8643000
chr12	8643000	8644000
chr12	8644000	8645000
chr12	8645000	8646000
chr12	8646000	8647000
chr12	8647000	8648000
chr12	8648000	8649000
chr12	8649000	8650000
chr12	8650000	8651000
chr12	8651000	8652000
chr12	8652000	8653000
chr12	8653000	8654000
chr12	8654000	8655000
chr12	8655000	8656000
chr12	8656000	8657000
chr12	8657000	8658000
chr12	8658000	8659000
chr12	8659000	8660000
chr12	8660000	8661000
chr12	8661000	8662000
chr12	8662000	8663000
chr12	8663000	8664000
chr12	8664000	8665000
chr12	8665000	8666000
chr12	8666000	8667000
chr12	8667000	8668000
chr12	8668000	8669000
chr12	8669000	8670000
chr12	8670000	8671000
chr12	8671000	8672000
chr12	8672000	8673000
chr12	8673000	8674000
chr12	8674000	8675000
chr12	8675000	8676000
chr12	8676000	8677000
chr12	8677000	8678000
chr12	8678000	8679000
chr12	8679000	8680000
chr12	8680000	8681000
chr12	8681000	8682000
chr12	8682000	8683000
chr12	8683000	8684000
chr12	8684000	8685000
chr12	8685000	8686000
chr12	8686000	8687000
chr12	8687000	8688000
chr12	8688000	8689000
chr12	8689000	8690000
chr12	8690000	8691000
chr12	8691000	8692000
chr12	8692000	8693000
chr12	8694000	8695000
chr12	8695000	8696000
chr12	8696000	8697000
chr12	8697000	8698000
chr12	8698000	8699000
chr12	8699000	8700000
chr12	8700000	8701000
chr12	8701000	8702000
chr12	8702000	8703000
chr12	8703000	8704000
chr12	8704000	8705000
chr12	8705000	8706000
chr12	8706000	8707000
chr12	8707000	8708000
chr12	8708000	8709000
chr12	8709000	8710000
chr12	8710000	8711000
chr12	8711000	8712000
chr12	8712000	8713000
chr12	8713000	8714000
chr12	8714000	8715000
chr12	8715000	8716000
chr12	8716000	8717000
chr12	8717000	8718000
chr12	8718000	8719000
chr12	8719000	8720000
chr12	8720000	8721000
chr12	8721000	8722000
chr12	8722000	8723000
chr12	8724000	8725000
chr12	8725000	8726000
chr12	8726000	8727000
chr12	8727000	8728000
chr12	8728000	8729000
chr12	8729000	8730000
chr12	8730000	8731000
chr12	8731000	8732000
chr12	8732000	8733000
chr12	8733000	8734000
chr12	8734000	8735000
chr12	8735000	8736000
chr12	8736000	8737000
chr12	8737000	8738000
chr12	8738000	8739000
chr12	8740000	8741000
chr12	8741000	8742000
chr12	8742000	8743000
chr12	8743000	8744000
chr12	8744000	8745000
chr12	8745000	8746000
chr12	8746000	8747000
chr12	8749000	8750000
chr12	8750000	8751000
chr12	8751000	8752000
chr12	8752000	8753000
chr12	8753000	8754000
chr12	8754000	8755000
chr12	8755000	8756000
chr12	8756000	8757000
chr12	8757000	8758000
chr12	8758000	8759000
chr12	8759000	8760000
chr12	8760000	8761000
chr12	8761000	8762000
chr12	8762000	8763000
chr12	8763000	8764000
chr12	8764000	8765000
chr12	8766000	8767000
chr12	8767000	8768000
chr12	8768000	8769000
chr12	8769000	8770000
chr12	8770000	8771000
chr12	8771000	8772000
chr12	8772000	8773000
chr12	8773000	8774000
chr12	8774000	8775000
chr12	8775000	8776000
chr12	8776000	8777000
chr12	8778000	8779000
chr12	8779000	8780000
chr12	8780000	8781000
chr12	8781000	8782000
chr12	8782000	8783000
chr12	8783000	8784000
chr12	8784000	8785000
chr12	8785000	8786000
chr12	8786000	8787000
chr12	8787000	8788000
chr12	8788000	8789000
chr12	8789000	8790000
chr12	8790000	8791000
chr12	8791000	8792000
chr12	8792000	8793000
chr12	8793000	8794000
chr12	8794000	8795000
chr12	8795000	8796000
chr12	8796000	8797000
chr12	8797000	8798000
chr12	8798000	8799000
chr12	8799000	8800000
chr12	8800000	8801000
chr12	8801000	8802000
chr12	8802000	8803000
chr12	8803000	8804000
chr12	8804000	8805000
chr12	8805000	8806000
chr12	8806000	8807000
chr12	8807000	8808000
chr12	8808000	8809000
chr12	8809000	8810000
chr12	8810000	8811000
chr12	8811000	8812000
chr12	8812000	8813000
chr12	8813000	8814000
chr12	8814000	8815000
chr12	8815000	8816000
chr12	8816000	8817000
chr12	8817000	8818000
chr12	8818000	8819000
chr12	8819000	8820000
chr12	8820000	8821000
chr12	8821000	8822000
chr12	8822000	8823000
chr12	8823000	8824000
chr12	8824000	8825000
chr12	8827000	8828000
chr12	8828000	8829000
chr12	8829000	8830000
chr12	8830000	8831000
chr12	8831000	8832000
chr12	8832000	8833000
chr12	8833000	8834000
chr12	8834000	8835000
chr12	8835000	8836000
chr12	8836000	8837000
chr12	8837000	8838000
chr12	8838000	8839000
chr12	8839000	8840000
chr12	8840000	8841000
chr12	8841000	8842000
chr12	8842000	8843000
chr12	8843000	8844000
chr12	8844000	8845000
chr12	8845000	8846000
chr12	8846000	8847000
chr12	8847000	8848000
chr12	8848000	8849000
chr12	8849000	8850000
chr12	8850000	8851000
chr12	8851000	8852000
chr12	8852000	8853000
chr12	8853000	8854000
chr12	8854000	8855000
chr12	8855000	8856000
chr12	8856000	8857000
chr12	8857000	8858000
chr12	8858000	8859000
chr12	8859000	8860000
chr12	8860000	8861000
chr12	8862000	8863000
chr12	8863000	8864000
chr12	8864000	8865000
chr12	8865000	8866000
chr12	8866000	8867000
chr12	8867000	8868000
chr12	8868000	8869000
chr12	8869000	8870000
chr12	8870000	8871000
chr12	8871000	8872000
chr12	8872000	8873000
chr12	8873000	8874000
chr12	8874000	8875000
chr12	8875000	8876000
chr12	8876000	8877000
chr12	8877000	8878000
chr12	8878000	8879000
chr12	8879000	8880000
chr12	8880000	8881000
chr12	8881000	8882000
chr12	8882000	8883000
chr12	8883000	8884000
chr12	8884000	8885000
chr12	8885000	8886000
chr12	8886000	8887000
chr12	8887000	8888000
chr12	8888000	8889000
chr12	8889000	8890000
chr12	8890000	8891000
chr12	8891000	8892000
chr12	8892000	8893000
chr12	8893000	8894000
chr12	8894000	8895000
chr12	8895000	8896000
chr12	8896000	8897000
chr12	8897000	8898000
chr12	8898000	8899000
chr12	8899000	8900000
chr12	8900000	8901000
chr12	8901000	8902000
chr12	8902000	8903000
chr12	8903000	8904000
chr12	8904000	8905000
chr12	8905000	8906000
chr12	8906000	8907000
chr12	8907000	8908000
chr12	8908000	8909000
chr12	8909000	8910000
chr12	8910000	8911000
chr12	8911000	8912000
chr12	8912000	8913000
chr12	8913000	8914000
chr12	8914000	8915000
chr12	8915000	8916000
chr12	8916000	8917000
chr12	8917000	8918000
chr12	8918000	8919000
chr12	8919000	8920000
chr12	8920000	8921000
chr12	8921000	8922000
chr12	8922000	8923000
chr12	8923000	8924000
chr12	8924000	8925000
chr12	8925000	8926000
chr12	8926000	8927000
chr12	8927000	8928000
chr12	8928000	8929000
chr12	8929000	8930000
chr12	8930000	8931000
chr12	8931000	8932000
chr12	8936000	8937000
chr12	8937000	8938000
chr12	8938000	8939000
chr12	8939000	8940000
chr12	8940000	8941000
chr12	8941000	8942000
chr12	8942000	8943000
chr12	8943000	8944000
chr12	8944000	8945000
chr12	8945000	8946000
chr12	8946000	8947000
chr12	8947000	8948000
chr12	8948000	8949000
chr12	8949000	8950000
chr12	8950000	8951000
chr12	8951000	8952000
chr12	8952000	8953000
chr12	8953000	8954000
chr12	8954000	8955000
chr12	8955000	8956000
chr12	8956000	8957000
chr12	8957000	8958000
chr12	8958000	8959000
chr12	8959000	8960000
chr12	8960000	8961000
chr12	8961000	8962000
chr12	8962000	8963000
chr12	8963000	8964000
chr12	8964000	8965000
chr12	8965000	8966000
chr12	8966000	8967000
chr12	8967000	8968000
chr12	8968000	8969000
chr12	8969000	8970000
chr12	8970000	8971000
chr12	8971000	8972000
chr12	8972000	8973000
chr12	8973000	8974000
chr12	8974000	8975000
chr12	8975000	8976000
chr12	8976000	8977000
chr12	8977000	8978000
chr12	8978000	8979000
chr12	8979000	8980000
chr12	8980000	8981000
chr12	8981000	8982000
chr12	8982000	8983000
chr12	8983000	8984000
chr12	8984000	8985000
chr12	8985000	8986000
chr12	8986000	8987000
chr12	8987000	8988000
chr12	8988000	8989000
chr12	8989000	8990000
chr12	8990000	8991000
chr12	8991000	8992000
chr12	8992000	8993000
chr12	8993000	8994000
chr12	8994000	8995000
chr12	8995000	8996000
chr12	8996000	8997000
chr12	8997000	8998000
chr12	8998000	8999000
chr12	8999000	9000000
chr12	9000000	9001000
chr12	9001000	9002000
chr12	9002000	9003000
chr12	9003000	9004000
chr12	9004000	9005000
chr12	9005000	9006000
chr12	9006000	9007000
chr12	9007000	9008000
chr12	9008000	9009000
chr12	9009000	9010000
chr12	9010000	9011000
chr12	9011000	9012000
chr12	9012000	9013000
chr12	9013000	9014000
chr12	9014000	9015000
chr12	9015000	9016000
chr12	9016000	9017000
chr12	9017000	9018000
chr12	9018000	9019000
chr12	9019000	9020000
chr12	9020000	9021000
chr12	9021000	9022000
chr12	9022000	9023000
chr12	9023000	9024000
chr12	9024000	9025000
chr12	9025000	9026000
chr12	9026000	9027000
chr12	9027000	9028000
chr12	9028000	9029000
chr12	9030000	9031000
chr12	9031000	9032000
chr12	9032000	9033000
chr12	9033000	9034000
chr12	9034000	9035000
chr12	9036000	9037000
chr12	9037000	9038000
chr12	9038000	9039000
chr12	9039000	9040000
chr12	9040000	9041000
chr12	9041000	9042000
chr12	9042000	9043000
chr12	9043000	9044000
chr12	9044000	9045000
chr12	9045000	9046000
chr12	9046000	9047000
chr12	9047000	9048000
chr12	9048000	9049000
chr12	9049000	9050000
chr12	9050000	9051000
chr12	9053000	9054000
chr12	9056000	9057000
chr12	9057000	9058000
chr12	9058000	9059000
chr12	9059000	9060000
chr12	9060000	9061000
chr12	9061000	9062000
chr12	9062000	9063000
chr12	9063000	9064000
chr12	9064000	9065000
chr12	9065000	9066000
chr12	9066000	9067000
chr12	9067000	9068000
chr12	9068000	9069000
chr12	9069000	9070000
chr12	9070000	9071000
chr12	9071000	9072000
chr12	9072000	9073000
chr12	9073000	9074000
chr12	9074000	9075000
chr12	9075000	9076000
chr12	9076000	9077000
chr12	9077000	9078000
chr12	9078000	9079000
chr12	9079000	9080000
chr12	9080000	9081000
chr12	9082000	9083000
chr12	9083000	9084000
chr12	9084000	9085000
chr12	9085000	9086000
chr12	9086000	9087000
chr12	9087000	9088000
chr12	9088000	9089000
chr12	9089000	9090000
chr12	9090000	9091000
chr12	9091000	9092000
chr12	9092000	9093000
chr12	9093000	9094000
chr12	9094000	9095000
chr12	9095000	9096000
chr12	9096000	9097000
chr12	9097000	9098000
chr12	9098000	9099000
chr12	9099000	9100000
chr12	9100000	9101000
chr12	9101000	9102000
chr12	9102000	9103000
chr12	9103000	9104000
chr12	9104000	9105000
chr12	9105000	9106000
chr12	9106000	9107000
chr12	9107000	9108000
chr12	9108000	9109000
chr12	9109000	9110000
chr12	9110000	9111000
chr12	9111000	9112000
chr12	9112000	9113000
chr12	9113000	9114000
chr12	9114000	9115000
chr12	9115000	9116000
chr12	9116000	9117000
chr12	9117000	9118000
chr12	9118000	9119000
chr12	9119000	9120000
chr12	9120000	9121000
chr12	9121000	9122000
chr12	9122000	9123000
chr12	9123000	9124000
chr12	9124000	9125000
chr12	9125000	9126000
chr12	9126000	9127000
chr12	9127000	9128000
chr12	9128000	9129000
chr12	9129000	9130000
chr12	9130000	9131000
chr12	9131000	9132000
chr12	9132000	9133000
chr12	9133000	9134000
chr12	9134000	9135000
chr12	9135000	9136000
chr12	9136000	9137000
chr12	9137000	9138000
chr12	9138000	9139000
chr12	9139000	9140000
chr12	9140000	9141000
chr12	9141000	9142000
chr12	9142000	9143000
chr12	9143000	9144000
chr12	9144000	9145000
chr12	9145000	9146000
chr12	9146000	9147000
chr12	9147000	9148000
chr12	9148000	9149000
chr12	9149000	9150000
chr12	9150000	9151000
chr12	9151000	9152000
chr12	9152000	9153000
chr12	9153000	9154000
chr12	9154000	9155000
chr12	9155000	9156000
chr12	9156000	9157000
chr12	9157000	9158000
chr12	9158000	9159000
chr12	9159000	9160000
chr12	9160000	9161000
chr12	9161000	9162000
chr12	9162000	9163000
chr12	9163000	9164000
chr12	9164000	9165000
chr12	9165000	9166000
chr12	9166000	9167000
chr12	9167000	9168000
chr12	9168000	9169000
chr12	9169000	9170000
chr12	9170000	9171000
chr12	9171000	9172000
chr12	9172000	9173000
chr12	9173000	9174000
chr12	9174000	9175000
chr12	9175000	9176000
chr12	9176000	9177000
chr12	9177000	9178000
chr12	9178000	9179000
chr12	9179000	9180000
chr12	9180000	9181000
chr12	9181000	9182000
chr12	9182000	9183000
chr12	9183000	9184000
chr12	9184000	9185000
chr12	9185000	9186000
chr12	9186000	9187000
chr12	9187000	9188000
chr12	9188000	9189000
chr12	9189000	9190000
chr12	9190000	9191000
chr12	9191000	9192000
chr12	9192000	9193000
chr12	9193000	9194000
chr12	9194000	9195000
chr12	9195000	9196000
chr12	9196000	9197000
chr12	9197000	9198000
chr12	9198000	9199000
chr12	9199000	9200000
chr12	9200000	9201000
chr12	9201000	9202000
chr12	9202000	9203000
chr12	9203000	9204000
chr12	9204000	9205000
chr12	9205000	9206000
chr12	9206000	9207000
chr12	9207000	9208000
chr12	9208000	9209000
chr12	9209000	9210000
chr12	9210000	9211000
chr12	9211000	9212000
chr12	9212000	9213000
chr12	9213000	9214000
chr12	9214000	9215000
chr12	9215000	9216000
chr12	9216000	9217000
chr12	9217000	9218000
chr12	9218000	9219000
chr12	9219000	9220000
chr12	9220000	9221000
chr12	9221000	9222000
chr12	9222000	9223000
chr12	9223000	9224000
chr12	9224000	9225000
chr12	9225000	9226000
chr12	9226000	9227000
chr12	9227000	9228000
chr12	9228000	9229000
chr12	9229000	9230000
chr12	9230000	9231000
chr12	9231000	9232000
chr12	9232000	9233000
chr12	9233000	9234000
chr12	9234000	9235000
chr12	9235000	9236000
chr12	9237000	9238000
chr12	9238000	9239000
chr12	9239000	9240000
chr12	9240000	9241000
chr12	9241000	9242000
chr12	9242000	9243000
chr12	9243000	9244000
chr12	9244000	9245000
chr12	9245000	9246000
chr12	9246000	9247000
chr12	9247000	9248000
chr12	9248000	9249000
chr12	9249000	9250000
chr12	9250000	9251000
chr12	9251000	9252000
chr12	9252000	9253000
chr12	9253000	9254000
chr12	9254000	9255000
chr12	9255000	9256000
chr12	9256000	9257000
chr12	9257000	9258000
chr12	9258000	9259000
chr12	9259000	9260000
chr12	9260000	9261000
chr12	9261000	9262000
chr12	9262000	9263000
chr12	9263000	9264000
chr12	9264000	9265000
chr12	9265000	9266000
chr12	9266000	9267000
chr12	9267000	9268000
chr12	9268000	9269000
chr12	9269000	9270000
chr12	9270000	9271000
chr12	9271000	9272000
chr12	9272000	9273000
chr12	9273000	9274000
chr12	9274000	9275000
chr12	9275000	9276000
chr12	9276000	9277000
chr12	9277000	9278000
chr12	9278000	9279000
chr12	9279000	9280000
chr12	9280000	9281000
chr12	9281000	9282000
chr12	9282000	9283000
chr12	9283000	9284000
chr12	9284000	9285000
chr12	9285000	9286000
chr12	9286000	9287000
chr12	9287000	9288000
chr12	9288000	9289000
chr12	9289000	9290000
chr12	9290000	9291000
chr12	9291000	9292000
chr12	9292000	9293000
chr12	9293000	9294000
chr12	9294000	9295000
chr12	9295000	9296000
chr12	9296000	9297000
chr12	9297000	9298000
chr12	9298000	9299000
chr12	9299000	9300000
chr12	9300000	9301000
chr12	9301000	9302000
chr12	9302000	9303000
chr12	9303000	9304000
chr12	9304000	9305000
chr12	9305000	9306000
chr12	9306000	9307000
chr12	9307000	9308000
chr12	9308000	9309000
chr12	9309000	9310000
chr12	9310000	9311000
chr12	9311000	9312000
chr12	9312000	9313000
chr12	9313000	9314000
chr12	9314000	9315000
chr12	9315000	9316000
chr12	9316000	9317000
chr12	9317000	9318000
chr12	9318000	9319000
chr12	9319000	9320000
chr12	9320000	9321000
chr12	9321000	9322000
chr12	9322000	9323000
chr12	9323000	9324000
chr12	9325000	9326000
chr12	9326000	9327000
chr12	9327000	9328000
chr12	9328000	9329000
chr12	9329000	9330000
chr12	9330000	9331000
chr12	9331000	9332000
chr12	9332000	9333000
chr12	9333000	9334000
chr12	9334000	9335000
chr12	9335000	9336000
chr12	9337000	9338000
chr12	9338000	9339000
chr12	9339000	9340000
chr12	9340000	9341000
chr12	9341000	9342000
chr12	9342000	9343000
chr12	9343000	9344000
chr12	9344000	9345000
chr12	9345000	9346000
chr12	9346000	9347000
chr12	9347000	9348000
chr12	9348000	9349000
chr12	9349000	9350000
chr12	9350000	9351000
chr12	9351000	9352000
chr12	9352000	9353000
chr12	9353000	9354000
chr12	9354000	9355000
chr12	9355000	9356000
chr12	9356000	9357000
chr12	9357000	9358000
chr12	9358000	9359000
chr12	9359000	9360000
chr12	9360000	9361000
chr12	9361000	9362000
chr12	9362000	9363000
chr12	9363000	9364000
chr12	9364000	9365000
chr12	9365000	9366000
chr12	9366000	9367000
chr12	9367000	9368000
chr12	9368000	9369000
chr12	9369000	9370000
chr12	9370000	9371000
chr12	9371000	9372000
chr12	9372000	9373000
chr12	9373000	9374000
chr12	9374000	9375000
chr12	9375000	9376000
chr12	9376000	9377000
chr12	9377000	9378000
chr12	9378000	9379000
chr12	9379000	9380000
chr12	9380000	9381000
chr12	9381000	9382000
chr12	9382000	9383000
chr12	9383000	9384000
chr12	9384000	9385000
chr12	9385000	9386000
chr12	9386000	9387000
chr12	9387000	9388000
chr12	9388000	9389000
chr12	9389000	9390000
chr12	9390000	9391000
chr12	9391000	9392000
chr12	9392000	9393000
chr12	9393000	9394000
chr12	9394000	9395000
chr12	9395000	9396000
chr12	9396000	9397000
chr12	9397000	9398000
chr12	9398000	9399000
chr12	9399000	9400000
chr12	9400000	9401000
chr12	9401000	9402000
chr12	9402000	9403000
chr12	9403000	9404000
chr12	9404000	9405000
chr12	9405000	9406000
chr12	9406000	9407000
chr12	9407000	9408000
chr12	9408000	9409000
chr12	9409000	9410000
chr12	9410000	9411000
chr12	9411000	9412000
chr12	9412000	9413000
chr12	9413000	9414000
chr12	9414000	9415000
chr12	9415000	9416000
chr12	9416000	9417000
chr12	9417000	9418000
chr12	9418000	9419000
chr12	9419000	9420000
chr12	9420000	9421000
chr12	9421000	9422000
chr12	9422000	9423000
chr12	9423000	9424000
chr12	9424000	9425000
chr12	9425000	9426000
chr12	9426000	9427000
chr12	9427000	9428000
chr12	9428000	9429000
chr12	9429000	9430000
chr12	9430000	9431000
chr12	9431000	9432000
chr12	9432000	9433000
chr12	9433000	9434000
chr12	9434000	9435000
chr12	9435000	9436000
chr12	9436000	9437000
chr12	9437000	9438000
chr12	9438000	9439000
chr12	9439000	9440000
chr12	9440000	9441000
chr12	9441000	9442000
chr12	9442000	9443000
chr12	9443000	9444000
chr12	9444000	9445000
chr12	9445000	9446000
chr12	9450000	9451000
chr12	9451000	9452000
chr12	9453000	9454000
chr12	9454000	9455000
chr12	9455000	9456000
chr12	9456000	9457000
chr12	9457000	9458000
chr12	9458000	9459000
chr12	9459000	9460000
chr12	9460000	9461000
chr12	9461000	9462000
chr12	9462000	9463000
chr12	9463000	9464000
chr12	9464000	9465000
chr12	9465000	9466000
chr12	9466000	9467000
chr12	9467000	9468000
chr12	9468000	9469000
chr12	9469000	9470000
chr12	9470000	9471000
chr12	9471000	9472000
chr12	9472000	9473000
chr12	9473000	9474000
chr12	9474000	9475000
chr12	9475000	9476000
chr12	9476000	9477000
chr12	9477000	9478000
chr12	9478000	9479000
chr12	9479000	9480000
chr12	9480000	9481000
chr12	9481000	9482000
chr12	9482000	9483000
chr12	9483000	9484000
chr12	9484000	9485000
chr12	9485000	9486000
chr12	9486000	9487000
chr12	9487000	9488000
chr12	9488000	9489000
chr12	9489000	9490000
chr12	9490000	9491000
chr12	9491000	9492000
chr12	9492000	9493000
chr12	9493000	9494000
chr12	9494000	9495000
chr12	9495000	9496000
chr12	9496000	9497000
chr12	9497000	9498000
chr12	9498000	9499000
chr12	9499000	9500000
chr12	9500000	9501000
chr12	9501000	9502000
chr12	9502000	9503000
chr12	9503000	9504000
chr12	9504000	9505000
chr12	9505000	9506000
chr12	9506000	9507000
chr12	9507000	9508000
chr12	9508000	9509000
chr12	9509000	9510000
chr12	9510000	9511000
chr12	9511000	9512000
chr12	9512000	9513000
chr12	9513000	9514000
chr12	9514000	9515000
chr12	9515000	9516000
chr12	9516000	9517000
chr12	9517000	9518000
chr12	9518000	9519000
chr12	9519000	9520000
chr12	9520000	9521000
chr12	9521000	9522000
chr12	9522000	9523000
chr12	9523000	9524000
chr12	9524000	9525000
chr12	9525000	9526000
chr12	9526000	9527000
chr12	9527000	9528000
chr12	9528000	9529000
chr12	9529000	9530000
chr12	9530000	9531000
chr12	9531000	9532000
chr12	9532000	9533000
chr12	9533000	9534000
chr12	9534000	9535000
chr12	9535000	9536000
chr12	9536000	9537000
chr12	9537000	9538000
chr12	9538000	9539000
chr12	9539000	9540000
chr12	9540000	9541000
chr12	9541000	9542000
chr12	9543000	9544000
chr12	9544000	9545000
chr12	9545000	9546000
chr12	9546000	9547000
chr12	9547000	9548000
chr12	9548000	9549000
chr12	9549000	9550000
chr12	9550000	9551000
chr12	9551000	9552000
chr12	9552000	9553000
chr12	9553000	9554000
chr12	9554000	9555000
chr12	9555000	9556000
chr12	9556000	9557000
chr12	9557000	9558000
chr12	9558000	9559000
chr12	9559000	9560000
chr12	9560000	9561000
chr12	9561000	9562000
chr12	9562000	9563000
chr12	9563000	9564000
chr12	9564000	9565000
chr12	9565000	9566000
chr12	9566000	9567000
chr12	9567000	9568000
chr12	9568000	9569000
chr12	9569000	9570000
chr12	9570000	9571000
chr12	9571000	9572000
chr12	9572000	9573000
chr12	9573000	9574000
chr12	9574000	9575000
chr12	9575000	9576000
chr12	9576000	9577000
chr12	9577000	9578000
chr12	9578000	9579000
chr12	9579000	9580000
chr12	9580000	9581000
chr12	9581000	9582000
chr12	9582000	9583000
chr12	9583000	9584000
chr12	9584000	9585000
chr12	9585000	9586000
chr12	9586000	9587000
chr12	9587000	9588000
chr12	9588000	9589000
chr12	9589000	9590000
chr12	9590000	9591000
chr12	9591000	9592000
chr12	9592000	9593000
chr12	9593000	9594000
chr12	9594000	9595000
chr12	9595000	9596000
chr12	9596000	9597000
chr12	9597000	9598000
chr12	9598000	9599000
chr12	9599000	9600000
chr12	9600000	9601000
chr12	9601000	9602000
chr12	9602000	9603000
chr12	9603000	9604000
chr12	9604000	9605000
chr12	9605000	9606000
chr12	9606000	9607000
chr12	9607000	9608000
chr12	9608000	9609000
chr12	9609000	9610000
chr12	9610000	9611000
chr12	9611000	9612000
chr12	9612000	9613000
chr12	9613000	9614000
chr12	9614000	9615000
chr12	9615000	9616000
chr12	9616000	9617000
chr12	9617000	9618000
chr12	9618000	9619000
chr12	9619000	9620000
chr12	9620000	9621000
chr12	9621000	9622000
chr12	9622000	9623000
chr12	9623000	9624000
chr12	9624000	9625000
chr12	9625000	9626000
chr12	9626000	9627000
chr12	9627000	9628000
chr12	9628000	9629000
chr12	9629000	9630000
chr12	9630000	9631000
chr12	9631000	9632000
chr12	9632000	9633000
chr12	9633000	9634000
chr12	9634000	9635000
chr12	9635000	9636000
chr12	9636000	9637000
chr12	9637000	9638000
chr12	9638000	9639000
chr12	9639000	9640000
chr12	9640000	9641000
chr12	9641000	9642000
chr12	9642000	9643000
chr12	9643000	9644000
chr12	9644000	9645000
chr12	9645000	9646000
chr12	9646000	9647000
chr12	9647000	9648000
chr12	9648000	9649000
chr12	9649000	9650000
chr12	9650000	9651000
chr12	9651000	9652000
chr12	9652000	9653000
chr12	9653000	9654000
chr12	9654000	9655000
chr12	9655000	9656000
chr12	9656000	9657000
chr12	9657000	9658000
chr12	9658000	9659000
chr12	9659000	9660000
chr12	9660000	9661000
chr12	9661000	9662000
chr12	9662000	9663000
chr12	9663000	9664000
chr12	9664000	9665000
chr12	9665000	9666000
chr12	9666000	9667000
chr12	9667000	9668000
chr12	9668000	9669000
chr12	9669000	9670000
chr12	9670000	9671000
chr12	9671000	9672000
chr12	9672000	9673000
chr12	9673000	9674000
chr12	9674000	9675000
chr12	9675000	9676000
chr12	9676000	9677000
chr12	9677000	9678000
chr12	9678000	9679000
chr12	9679000	9680000
chr12	9680000	9681000
chr12	9681000	9682000
chr12	9682000	9683000
chr12	9683000	9684000
chr12	9684000	9685000
chr12	9685000	9686000
chr12	9686000	9687000
chr12	9687000	9688000
chr12	9688000	9689000
chr12	9689000	9690000
chr12	9690000	9691000
chr12	9691000	9692000
chr12	9692000	9693000
chr12	9693000	9694000
chr12	9694000	9695000
chr12	9695000	9696000
chr12	9696000	9697000
chr12	9697000	9698000
chr12	9698000	9699000
chr12	9699000	9700000
chr12	9700000	9701000
chr12	9701000	9702000
chr12	9702000	9703000
chr12	9703000	9704000
chr12	9704000	9705000
chr12	9705000	9706000
chr12	9706000	9707000
chr12	9707000	9708000
chr12	9708000	9709000
chr12	9709000	9710000
chr12	9710000	9711000
chr12	9711000	9712000
chr12	9712000	9713000
chr12	9713000	9714000
chr12	9714000	9715000
chr12	9715000	9716000
chr12	9716000	9717000
chr12	9717000	9718000
chr12	9718000	9719000
chr12	9719000	9720000
chr12	9720000	9721000
chr12	9721000	9722000
chr12	9722000	9723000
chr12	9723000	9724000
chr12	9724000	9725000
chr12	9725000	9726000
chr12	9726000	9727000
chr12	9727000	9728000
chr12	9728000	9729000
chr12	9729000	9730000
chr12	9730000	9731000
chr12	9731000	9732000
chr12	9732000	9733000
chr12	9733000	9734000
chr12	9734000	9735000
chr12	9737000	9738000
chr12	9738000	9739000
chr12	9739000	9740000
chr12	9740000	9741000
chr12	9741000	9742000
chr12	9742000	9743000
chr12	9743000	9744000
chr12	9744000	9745000
chr12	9745000	9746000
chr12	9746000	9747000
chr12	9747000	9748000
chr12	9748000	9749000
chr12	9749000	9750000
chr12	9750000	9751000
chr12	9751000	9752000
chr12	9752000	9753000
chr12	9753000	9754000
chr12	9754000	9755000
chr12	9755000	9756000
chr12	9756000	9757000
chr12	9757000	9758000
chr12	9758000	9759000
chr12	9759000	9760000
chr12	9760000	9761000
chr12	9761000	9762000
chr12	9762000	9763000
chr12	9763000	9764000
chr12	9764000	9765000
chr12	9765000	9766000
chr12	9766000	9767000
chr12	9767000	9768000
chr12	9768000	9769000
chr12	9769000	9770000
chr12	9770000	9771000
chr12	9771000	9772000
chr12	9772000	9773000
chr12	9773000	9774000
chr12	9774000	9775000
chr12	9775000	9776000
chr12	9776000	9777000
chr12	9777000	9778000
chr12	9778000	9779000
chr12	9779000	9780000
chr12	9780000	9781000
chr12	9781000	9782000
chr12	9782000	9783000
chr12	9783000	9784000
chr12	9784000	9785000
chr12	9785000	9786000
chr12	9786000	9787000
chr12	9787000	9788000
chr12	9788000	9789000
chr12	9789000	9790000
chr12	9790000	9791000
chr12	9791000	9792000
chr12	9792000	9793000
chr12	9793000	9794000
chr12	9794000	9795000
chr12	9795000	9796000
chr12	9797000	9798000
chr12	9798000	9799000
chr12	9799000	9800000
chr12	9800000	9801000
chr12	9801000	9802000
chr12	9802000	9803000
chr12	9803000	9804000
chr12	9804000	9805000
chr12	9805000	9806000
chr12	9806000	9807000
chr12	9807000	9808000
chr12	9808000	9809000
chr12	9809000	9810000
chr12	9810000	9811000
chr12	9812000	9813000
chr12	9813000	9814000
chr12	9814000	9815000
chr12	9815000	9816000
chr12	9816000	9817000
chr12	9817000	9818000
chr12	9818000	9819000
chr12	9819000	9820000
chr12	9820000	9821000
chr12	9821000	9822000
chr12	9822000	9823000
chr12	9823000	9824000
chr12	9824000	9825000
chr12	9825000	9826000
chr12	9826000	9827000
chr12	9827000	9828000
chr12	9828000	9829000
chr12	9829000	9830000
chr12	9830000	9831000
chr12	9831000	9832000
chr12	9832000	9833000
chr12	9833000	9834000
chr12	9834000	9835000
chr12	9835000	9836000
chr12	9836000	9837000
chr12	9837000	9838000
chr12	9838000	9839000
chr12	9839000	9840000
chr12	9840000	9841000
chr12	9841000	9842000
chr12	9842000	9843000
chr12	9843000	9844000
chr12	9844000	9845000
chr12	9845000	9846000
chr12	9846000	9847000
chr12	9847000	9848000
chr12	9848000	9849000
chr12	9849000	9850000
chr12	9850000	9851000
chr12	9851000	9852000
chr12	9852000	9853000
chr12	9853000	9854000
chr12	9854000	9855000
chr12	9855000	9856000
chr12	9856000	9857000
chr12	9857000	9858000
chr12	9858000	9859000
chr12	9859000	9860000
chr12	9860000	9861000
chr12	9861000	9862000
chr12	9862000	9863000
chr12	9863000	9864000
chr12	9864000	9865000
chr12	9865000	9866000
chr12	9866000	9867000
chr12	9867000	9868000
chr12	9870000	9871000
chr12	9871000	9872000
chr12	9872000	9873000
chr12	9873000	9874000
chr12	9874000	9875000
chr12	9875000	9876000
chr12	9876000	9877000
chr12	9877000	9878000
chr12	9878000	9879000
chr12	9879000	9880000
chr12	9880000	9881000
chr12	9881000	9882000
chr12	9882000	9883000
chr12	9883000	9884000
chr12	9884000	9885000
chr12	9885000	9886000
chr12	9886000	9887000
chr12	9887000	9888000
chr12	9888000	9889000
chr12	9889000	9890000
chr12	9890000	9891000
chr12	9891000	9892000
chr12	9892000	9893000
chr12	9893000	9894000
chr12	9894000	9895000
chr12	9895000	9896000
chr12	9896000	9897000
chr12	9897000	9898000
chr12	9898000	9899000
chr12	9899000	9900000
chr12	9900000	9901000
chr12	9901000	9902000
chr12	9902000	9903000
chr12	9903000	9904000
chr12	9904000	9905000
chr12	9905000	9906000
chr12	9906000	9907000
chr12	9907000	9908000
chr12	9908000	9909000
chr12	9909000	9910000
chr12	9910000	9911000
chr12	9911000	9912000
chr12	9912000	9913000
chr12	9913000	9914000
chr12	9914000	9915000
chr12	9915000	9916000
chr12	9916000	9917000
chr12	9917000	9918000
chr12	9918000	9919000
chr12	9919000	9920000
chr12	9920000	9921000
chr12	9921000	9922000
chr12	9922000	9923000
chr12	9923000	9924000
chr12	9924000	9925000
chr12	9925000	9926000
chr12	9926000	9927000
chr12	9927000	9928000
chr12	9929000	9930000
chr12	9930000	9931000
chr12	9931000	9932000
chr12	9932000	9933000
chr12	9933000	9934000
chr12	9934000	9935000
chr12	9935000	9936000
chr12	9936000	9937000
chr12	9937000	9938000
chr12	9938000	9939000
chr12	9939000	9940000
chr12	9940000	9941000
chr12	9941000	9942000
chr12	9942000	9943000
chr12	9943000	9944000
chr12	9944000	9945000
chr12	9945000	9946000
chr12	9946000	9947000
chr12	9947000	9948000
chr12	9948000	9949000
chr12	9949000	9950000
chr12	9950000	9951000
chr12	9951000	9952000
chr12	9952000	9953000
chr12	9953000	9954000
chr12	9954000	9955000
chr12	9955000	9956000
chr12	9956000	9957000
chr12	9957000	9958000
chr12	9958000	9959000
chr12	9959000	9960000
chr12	9960000	9961000
chr12	9961000	9962000
chr12	9962000	9963000
chr12	9963000	9964000
chr12	9964000	9965000
chr12	9965000	9966000
chr12	9966000	9967000
chr12	9967000	9968000
chr12	9968000	9969000
chr12	9969000	9970000
chr12	9970000	9971000
chr12	9971000	9972000
chr12	9972000	9973000
chr12	9973000	9974000
chr12	9974000	9975000
chr12	9975000	9976000
chr12	9976000	9977000
chr12	9977000	9978000
chr12	9978000	9979000
chr12	9979000	9980000
chr12	9980000	9981000
chr12	9981000	9982000
chr12	9982000	9983000
chr12	9983000	9984000
chr12	9984000	9985000
chr12	9985000	9986000
chr12	9986000	9987000
chr12	9987000	9988000
chr12	9988000	9989000
chr12	9989000	9990000
chr12	9990000	9991000
chr12	9991000	9992000
chr12	9992000	9993000
chr12	9993000	9994000
chr12	9994000	9995000
chr12	9995000	9996000
chr12	9996000	9997000
chr12	9997000	9998000
chr12	9998000	9999000
chr12	9999000	10000000
chr12	10000000	10001000
chr12	10001000	10002000
chr12	10002000	10003000
chr12	10003000	10004000
chr12	10004000	10005000
chr12	10005000	10006000
chr12	10006000	10007000
chr12	10007000	10008000
chr12	10008000	10009000
chr12	10009000	10010000
chr12	10010000	10011000
chr12	10011000	10012000
chr12	10012000	10013000
chr12	10013000	10014000
chr12	10014000	10015000
chr12	10015000	10016000
chr12	10016000	10017000
chr12	10017000	10018000
chr12	10018000	10019000
chr12	10019000	10020000
chr12	10020000	10021000
chr12	10021000	10022000
chr12	10022000	10023000
chr12	10023000	10024000
chr12	10024000	10025000
chr12	10025000	10026000
chr12	10026000	10027000
chr12	10027000	10028000
chr12	10028000	10029000
chr12	10029000	10030000
chr12	10030000	10031000
chr12	10031000	10032000
chr12	10032000	10033000
chr12	10033000	10034000
chr12	10034000	10035000
chr12	10035000	10036000
chr12	10036000	10037000
chr12	10037000	10038000
chr12	10038000	10039000
chr12	10039000	10040000
chr12	10040000	10041000
chr12	10041000	10042000
chr12	10042000	10043000
chr12	10043000	10044000
chr12	10044000	10045000
chr12	10045000	10046000
chr12	10046000	10047000
chr12	10047000	10048000
chr12	10048000	10049000
chr12	10049000	10050000
chr12	10050000	10051000
chr12	10051000	10052000
chr12	10052000	10053000
chr12	10053000	10054000
chr12	10054000	10055000
chr12	10055000	10056000
chr12	10056000	10057000
chr12	10057000	10058000
chr12	10058000	10059000
chr12	10059000	10060000
chr12	10060000	10061000
chr12	10061000	10062000
chr12	10062000	10063000
chr12	10063000	10064000
chr12	10064000	10065000
chr12	10065000	10066000
chr12	10066000	10067000
chr12	10067000	10068000
chr12	10068000	10069000
chr12	10069000	10070000
chr12	10070000	10071000
chr12	10071000	10072000
chr12	10072000	10073000
chr12	10073000	10074000
chr12	10074000	10075000
chr12	10075000	10076000
chr12	10076000	10077000
chr12	10077000	10078000
chr12	10078000	10079000
chr12	10083000	10084000
chr12	10084000	10085000
chr12	10085000	10086000
chr12	10086000	10087000
chr12	10087000	10088000
chr12	10088000	10089000
chr12	10089000	10090000
chr12	10090000	10091000
chr12	10091000	10092000
chr12	10092000	10093000
chr12	10093000	10094000
chr12	10094000	10095000
chr12	10095000	10096000
chr12	10096000	10097000
chr12	10097000	10098000
chr12	10098000	10099000
chr12	10099000	10100000
chr12	10100000	10101000
chr12	10101000	10102000
chr12	10102000	10103000
chr12	10103000	10104000
chr12	10104000	10105000
chr12	10105000	10106000
chr12	10106000	10107000
chr12	10107000	10108000
chr12	10108000	10109000
chr12	10109000	10110000
chr12	10110000	10111000
chr12	10111000	10112000
chr12	10112000	10113000
chr12	10113000	10114000
chr12	10114000	10115000
chr12	10115000	10116000
chr12	10116000	10117000
chr12	10117000	10118000
chr12	10118000	10119000
chr12	10119000	10120000
chr12	10120000	10121000
chr12	10121000	10122000
chr12	10122000	10123000
chr12	10123000	10124000
chr12	10124000	10125000
chr12	10125000	10126000
chr12	10126000	10127000
chr12	10127000	10128000
chr12	10128000	10129000
chr12	10129000	10130000
chr12	10130000	10131000
chr12	10131000	10132000
chr12	10132000	10133000
chr12	10133000	10134000
chr12	10134000	10135000
chr12	10135000	10136000
chr12	10136000	10137000
chr12	10137000	10138000
chr12	10138000	10139000
chr12	10139000	10140000
chr12	10140000	10141000
chr12	10141000	10142000
chr12	10142000	10143000
chr12	10143000	10144000
chr12	10144000	10145000
chr12	10145000	10146000
chr12	10146000	10147000
chr12	10147000	10148000
chr12	10148000	10149000
chr12	10149000	10150000
chr12	10150000	10151000
chr12	10151000	10152000
chr12	10152000	10153000
chr12	10153000	10154000
chr12	10154000	10155000
chr12	10155000	10156000
chr12	10156000	10157000
chr12	10157000	10158000
chr12	10159000	10160000
chr12	10160000	10161000
chr12	10161000	10162000
chr12	10162000	10163000
chr12	10163000	10164000
chr12	10164000	10165000
chr12	10165000	10166000
chr12	10166000	10167000
chr12	10167000	10168000
chr12	10168000	10169000
chr12	10169000	10170000
chr12	10170000	10171000
chr12	10171000	10172000
chr12	10172000	10173000
chr12	10173000	10174000
chr12	10174000	10175000
chr12	10175000	10176000
chr12	10176000	10177000
chr12	10177000	10178000
chr12	10178000	10179000
chr12	10179000	10180000
chr12	10180000	10181000
chr12	10181000	10182000
chr12	10182000	10183000
chr12	10184000	10185000
chr12	10185000	10186000
chr12	10186000	10187000
chr12	10187000	10188000
chr12	10188000	10189000
chr12	10189000	10190000
chr12	10190000	10191000
chr12	10191000	10192000
chr12	10192000	10193000
chr12	10193000	10194000
chr12	10194000	10195000
chr12	10195000	10196000
chr12	10196000	10197000
chr12	10197000	10198000
chr12	10198000	10199000
chr12	10199000	10200000
chr12	10200000	10201000
chr12	10201000	10202000
chr12	10202000	10203000
chr12	10203000	10204000
chr12	10204000	10205000
chr12	10205000	10206000
chr12	10206000	10207000
chr12	10207000	10208000
chr12	10208000	10209000
chr12	10209000	10210000
chr12	10210000	10211000
chr12	10211000	10212000
chr12	10212000	10213000
chr12	10213000	10214000
chr12	10214000	10215000
chr12	10215000	10216000
chr12	10216000	10217000
chr12	10217000	10218000
chr12	10218000	10219000
chr12	10219000	10220000
chr12	10220000	10221000
chr12	10221000	10222000
chr12	10222000	10223000
chr12	10223000	10224000
chr12	10224000	10225000
chr12	10225000	10226000
chr12	10226000	10227000
chr12	10227000	10228000
chr12	10228000	10229000
chr12	10229000	10230000
chr12	10230000	10231000
chr12	10231000	10232000
chr12	10232000	10233000
chr12	10233000	10234000
chr12	10234000	10235000
chr12	10235000	10236000
chr12	10236000	10237000
chr12	10237000	10238000
chr12	10238000	10239000
chr12	10239000	10240000
chr12	10240000	10241000
chr12	10241000	10242000
chr12	10242000	10243000
chr12	10243000	10244000
chr12	10244000	10245000
chr12	10245000	10246000
chr12	10246000	10247000
chr12	10247000	10248000
chr12	10248000	10249000
chr12	10249000	10250000
chr12	10250000	10251000
chr12	10251000	10252000
chr12	10252000	10253000
chr12	10253000	10254000
chr12	10254000	10255000
chr12	10255000	10256000
chr12	10256000	10257000
chr12	10257000	10258000
chr12	10258000	10259000
chr12	10259000	10260000
chr12	10260000	10261000
chr12	10261000	10262000
chr12	10262000	10263000
chr12	10263000	10264000
chr12	10264000	10265000
chr12	10265000	10266000
chr12	10266000	10267000
chr12	10267000	10268000
chr12	10268000	10269000
chr12	10269000	10270000
chr12	10270000	10271000
chr12	10271000	10272000
chr12	10272000	10273000
chr12	10273000	10274000
chr12	10274000	10275000
chr12	10275000	10276000
chr12	10276000	10277000
chr12	10277000	10278000
chr12	10278000	10279000
chr12	10279000	10280000
chr12	10280000	10281000
chr12	10281000	10282000
chr12	10282000	10283000
chr12	10283000	10284000
chr12	10284000	10285000
chr12	10285000	10286000
chr12	10286000	10287000
chr12	10287000	10288000
chr12	10288000	10289000
chr12	10289000	10290000
chr12	10290000	10291000
chr12	10291000	10292000
chr12	10292000	10293000
chr12	10293000	10294000
chr12	10294000	10295000
chr12	10295000	10296000
chr12	10296000	10297000
chr12	10297000	10298000
chr12	10298000	10299000
chr12	10299000	10300000
chr12	10300000	10301000
chr12	10301000	10302000
chr12	10302000	10303000
chr12	10303000	10304000
chr12	10304000	10305000
chr12	10305000	10306000
chr12	10306000	10307000
chr12	10307000	10308000
chr12	10308000	10309000
chr12	10309000	10310000
chr12	10310000	10311000
chr12	10311000	10312000
chr12	10312000	10313000
chr12	10313000	10314000
chr12	10314000	10315000
chr12	10315000	10316000
chr12	10316000	10317000
chr12	10317000	10318000
chr12	10318000	10319000
chr12	10319000	10320000
chr12	10320000	10321000
chr12	10321000	10322000
chr12	10322000	10323000
chr12	10323000	10324000
chr12	10324000	10325000
chr12	10325000	10326000
chr12	10326000	10327000
chr12	10327000	10328000
chr12	10328000	10329000
chr12	10329000	10330000
chr12	10330000	10331000
chr12	10331000	10332000
chr12	10332000	10333000
chr12	10333000	10334000
chr12	10334000	10335000
chr12	10335000	10336000
chr12	10336000	10337000
chr12	10337000	10338000
chr12	10338000	10339000
chr12	10339000	10340000
chr12	10340000	10341000
chr12	10341000	10342000
chr12	10342000	10343000
chr12	10343000	10344000
chr12	10344000	10345000
chr12	10345000	10346000
chr12	10346000	10347000
chr12	10347000	10348000
chr12	10348000	10349000
chr12	10349000	10350000
chr12	10350000	10351000
chr12	10351000	10352000
chr12	10352000	10353000
chr12	10353000	10354000
chr12	10354000	10355000
chr12	10355000	10356000
chr12	10356000	10357000
chr12	10357000	10358000
chr12	10358000	10359000
chr12	10359000	10360000
chr12	10360000	10361000
chr12	10361000	10362000
chr12	10362000	10363000
chr12	10363000	10364000
chr12	10364000	10365000
chr12	10365000	10366000
chr12	10366000	10367000
chr12	10367000	10368000
chr12	10368000	10369000
chr12	10369000	10370000
chr12	10370000	10371000
chr12	10371000	10372000
chr12	10372000	10373000
chr12	10373000	10374000
chr12	10374000	10375000
chr12	10375000	10376000
chr12	10376000	10377000
chr12	10377000	10378000
chr12	10378000	10379000
chr12	10379000	10380000
chr12	10380000	10381000
chr12	10381000	10382000
chr12	10382000	10383000
chr12	10383000	10384000
chr12	10384000	10385000
chr12	10385000	10386000
chr12	10386000	10387000
chr12	10387000	10388000
chr12	10388000	10389000
chr12	10389000	10390000
chr12	10390000	10391000
chr12	10391000	10392000
chr12	10392000	10393000
chr12	10393000	10394000
chr12	10394000	10395000
chr12	10395000	10396000
chr12	10396000	10397000
chr12	10397000	10398000
chr12	10398000	10399000
chr12	10399000	10400000
chr12	10400000	10401000
chr12	10401000	10402000
chr12	10402000	10403000
chr12	10403000	10404000
chr12	10404000	10405000
chr12	10405000	10406000
chr12	10406000	10407000
chr12	10407000	10408000
chr12	10408000	10409000
chr12	10409000	10410000
chr12	10410000	10411000
chr12	10411000	10412000
chr12	10412000	10413000
chr12	10413000	10414000
chr12	10414000	10415000
chr12	10415000	10416000
chr12	10416000	10417000
chr12	10417000	10418000
chr12	10418000	10419000
chr12	10419000	10420000
chr12	10420000	10421000
chr12	10421000	10422000
chr12	10422000	10423000
chr12	10423000	10424000
chr12	10424000	10425000
chr12	10425000	10426000
chr12	10426000	10427000
chr12	10427000	10428000
chr12	10428000	10429000
chr12	10429000	10430000
chr12	10430000	10431000
chr12	10431000	10432000
chr12	10432000	10433000
chr12	10433000	10434000
chr12	10434000	10435000
chr12	10435000	10436000
chr12	10436000	10437000
chr12	10437000	10438000
chr12	10438000	10439000
chr12	10439000	10440000
chr12	10440000	10441000
chr12	10441000	10442000
chr12	10442000	10443000
chr12	10443000	10444000
chr12	10444000	10445000
chr12	10445000	10446000
chr12	10446000	10447000
chr12	10450000	10451000
chr12	10451000	10452000
chr12	10452000	10453000
chr12	10453000	10454000
chr12	10454000	10455000
chr12	10455000	10456000
chr12	10456000	10457000
chr12	10457000	10458000
chr12	10458000	10459000
chr12	10459000	10460000
chr12	10460000	10461000
chr12	10461000	10462000
chr12	10462000	10463000
chr12	10463000	10464000
chr12	10464000	10465000
chr12	10465000	10466000
chr12	10466000	10467000
chr12	10467000	10468000
chr12	10468000	10469000
chr12	10469000	10470000
chr12	10470000	10471000
chr12	10471000	10472000
chr12	10472000	10473000
chr12	10473000	10474000
chr12	10474000	10475000
chr12	10475000	10476000
chr12	10476000	10477000
chr12	10477000	10478000
chr12	10479000	10480000
chr12	10480000	10481000
chr12	10481000	10482000
chr12	10482000	10483000
chr12	10483000	10484000
chr12	10484000	10485000
chr12	10485000	10486000
chr12	10486000	10487000
chr12	10487000	10488000
chr12	10488000	10489000
chr12	10489000	10490000
chr12	10490000	10491000
chr12	10491000	10492000
chr12	10492000	10493000
chr12	10493000	10494000
chr12	10494000	10495000
chr12	10495000	10496000
chr12	10496000	10497000
chr12	10497000	10498000
chr12	10498000	10499000
chr12	10499000	10500000
chr12	10500000	10501000
chr12	10501000	10502000
chr12	10502000	10503000
chr12	10503000	10504000
chr12	10504000	10505000
chr12	10505000	10506000
chr12	10506000	10507000
chr12	10507000	10508000
chr12	10508000	10509000
chr12	10509000	10510000
chr12	10510000	10511000
chr12	10511000	10512000
chr12	10512000	10513000
chr12	10513000	10514000
chr12	10514000	10515000
chr12	10515000	10516000
chr12	10516000	10517000
chr12	10517000	10518000
chr12	10518000	10519000
chr12	10519000	10520000
chr12	10520000	10521000
chr12	10521000	10522000
chr12	10522000	10523000
chr12	10523000	10524000
chr12	10524000	10525000
chr12	10525000	10526000
chr12	10526000	10527000
chr12	10527000	10528000
chr12	10528000	10529000
chr12	10529000	10530000
chr12	10530000	10531000
chr12	10531000	10532000
chr12	10532000	10533000
chr12	10533000	10534000
chr12	10534000	10535000
chr12	10535000	10536000
chr12	10536000	10537000
chr12	10537000	10538000
chr12	10538000	10539000
chr12	10539000	10540000
chr12	10540000	10541000
chr12	10541000	10542000
chr12	10542000	10543000
chr12	10543000	10544000
chr12	10544000	10545000
chr12	10545000	10546000
chr12	10546000	10547000
chr12	10547000	10548000
chr12	10548000	10549000
chr12	10549000	10550000
chr12	10550000	10551000
chr12	10551000	10552000
chr12	10552000	10553000
chr12	10553000	10554000
chr12	10554000	10555000
chr12	10555000	10556000
chr12	10556000	10557000
chr12	10557000	10558000
chr12	10558000	10559000
chr12	10559000	10560000
chr12	10560000	10561000
chr12	10561000	10562000
chr12	10562000	10563000
chr12	10563000	10564000
chr12	10564000	10565000
chr12	10566000	10567000
chr12	10567000	10568000
chr12	10568000	10569000
chr12	10569000	10570000
chr12	10570000	10571000
chr12	10571000	10572000
chr12	10572000	10573000
chr12	10573000	10574000
chr12	10574000	10575000
chr12	10575000	10576000
chr12	10576000	10577000
chr12	10577000	10578000
chr12	10578000	10579000
chr12	10579000	10580000
chr12	10580000	10581000
chr12	10581000	10582000
chr12	10582000	10583000
chr12	10583000	10584000
chr12	10584000	10585000
chr12	10585000	10586000
chr12	10586000	10587000
chr12	10587000	10588000
chr12	10588000	10589000
chr12	10589000	10590000
chr12	10590000	10591000
chr12	10591000	10592000
chr12	10592000	10593000
chr12	10593000	10594000
chr12	10594000	10595000
chr12	10595000	10596000
chr12	10596000	10597000
chr12	10597000	10598000
chr12	10598000	10599000
chr12	10599000	10600000
chr12	10600000	10601000
chr12	10601000	10602000
chr12	10602000	10603000
chr12	10603000	10604000
chr12	10604000	10605000
chr12	10605000	10606000
chr12	10606000	10607000
chr12	10607000	10608000
chr12	10608000	10609000
chr12	10609000	10610000
chr12	10610000	10611000
chr12	10611000	10612000
chr12	10612000	10613000
chr12	10613000	10614000
chr12	10615000	10616000
chr12	10616000	10617000
chr12	10617000	10618000
chr12	10618000	10619000
chr12	10619000	10620000
chr12	10620000	10621000
chr12	10621000	10622000
chr12	10622000	10623000
chr12	10623000	10624000
chr12	10624000	10625000
chr12	10625000	10626000
chr12	10626000	10627000
chr12	10627000	10628000
chr12	10628000	10629000
chr12	10629000	10630000
chr12	10630000	10631000
chr12	10631000	10632000
chr12	10632000	10633000
chr12	10633000	10634000
chr12	10634000	10635000
chr12	10635000	10636000
chr12	10636000	10637000
chr12	10637000	10638000
chr12	10638000	10639000
chr12	10639000	10640000
chr12	10640000	10641000
chr12	10641000	10642000
chr12	10642000	10643000
chr12	10643000	10644000
chr12	10644000	10645000
chr12	10645000	10646000
chr12	10646000	10647000
chr12	10647000	10648000
chr12	10648000	10649000
chr12	10649000	10650000
chr12	10650000	10651000
chr12	10651000	10652000
chr12	10652000	10653000
chr12	10653000	10654000
chr12	10654000	10655000
chr12	10655000	10656000
chr12	10656000	10657000
chr12	10657000	10658000
chr12	10658000	10659000
chr12	10659000	10660000
chr12	10660000	10661000
chr12	10661000	10662000
chr12	10662000	10663000
chr12	10663000	10664000
chr12	10664000	10665000
chr12	10665000	10666000
chr12	10666000	10667000
chr12	10667000	10668000
chr12	10668000	10669000
chr12	10669000	10670000
chr12	10670000	10671000
chr12	10671000	10672000
chr12	10672000	10673000
chr12	10673000	10674000
chr12	10674000	10675000
chr12	10675000	10676000
chr12	10676000	10677000
chr12	10677000	10678000
chr12	10678000	10679000
chr12	10679000	10680000
chr12	10680000	10681000
chr12	10681000	10682000
chr12	10682000	10683000
chr12	10683000	10684000
chr12	10684000	10685000
chr12	10685000	10686000
chr12	10686000	10687000
chr12	10687000	10688000
chr12	10688000	10689000
chr12	10689000	10690000
chr12	10690000	10691000
chr12	10691000	10692000
chr12	10692000	10693000
chr12	10693000	10694000
chr12	10694000	10695000
chr12	10695000	10696000
chr12	10696000	10697000
chr12	10697000	10698000
chr12	10698000	10699000
chr12	10699000	10700000
chr12	10700000	10701000
chr12	10701000	10702000
chr12	10702000	10703000
chr12	10703000	10704000
chr12	10704000	10705000
chr12	10705000	10706000
chr12	10706000	10707000
chr12	10707000	10708000
chr12	10708000	10709000
chr12	10709000	10710000
chr12	10710000	10711000
chr12	10711000	10712000
chr12	10712000	10713000
chr12	10713000	10714000
chr12	10714000	10715000
chr12	10715000	10716000
chr12	10716000	10717000
chr12	10717000	10718000
chr12	10718000	10719000
chr12	10719000	10720000
chr12	10720000	10721000
chr12	10721000	10722000
chr12	10722000	10723000
chr12	10723000	10724000
chr12	10724000	10725000
chr12	10725000	10726000
chr12	10726000	10727000
chr12	10727000	10728000
chr12	10729000	10730000
chr12	10730000	10731000
chr12	10731000	10732000
chr12	10732000	10733000
chr12	10734000	10735000
chr12	10735000	10736000
chr12	10736000	10737000
chr12	10737000	10738000
chr12	10738000	10739000
chr12	10739000	10740000
chr12	10740000	10741000
chr12	10741000	10742000
chr12	10742000	10743000
chr12	10743000	10744000
chr12	10744000	10745000
chr12	10745000	10746000
chr12	10746000	10747000
chr12	10747000	10748000
chr12	10748000	10749000
chr12	10749000	10750000
chr12	10750000	10751000
chr12	10751000	10752000
chr12	10752000	10753000
chr12	10753000	10754000
chr12	10754000	10755000
chr12	10755000	10756000
chr12	10756000	10757000
chr12	10757000	10758000
chr12	10758000	10759000
chr12	10759000	10760000
chr12	10760000	10761000
chr12	10761000	10762000
chr12	10762000	10763000
chr12	10763000	10764000
chr12	10764000	10765000
chr12	10765000	10766000
chr12	10766000	10767000
chr12	10767000	10768000
chr12	10768000	10769000
chr12	10769000	10770000
chr12	10770000	10771000
chr12	10771000	10772000
chr12	10772000	10773000
chr12	10773000	10774000
chr12	10774000	10775000
chr12	10775000	10776000
chr12	10776000	10777000
chr12	10777000	10778000
chr12	10778000	10779000
chr12	10779000	10780000
chr12	10780000	10781000
chr12	10781000	10782000
chr12	10782000	10783000
chr12	10783000	10784000
chr12	10784000	10785000
chr12	10785000	10786000
chr12	10786000	10787000
chr12	10787000	10788000
chr12	10789000	10790000
chr12	10790000	10791000
chr12	10791000	10792000
chr12	10792000	10793000
chr12	10793000	10794000
chr12	10794000	10795000
chr12	10795000	10796000
chr12	10796000	10797000
chr12	10797000	10798000
chr12	10798000	10799000
chr12	10799000	10800000
chr12	10800000	10801000
chr12	10801000	10802000
chr12	10802000	10803000
chr12	10803000	10804000
chr12	10804000	10805000
chr12	10805000	10806000
chr12	10806000	10807000
chr12	10807000	10808000
chr12	10808000	10809000
chr12	10809000	10810000
chr12	10810000	10811000
chr12	10811000	10812000
chr12	10812000	10813000
chr12	10813000	10814000
chr12	10814000	10815000
chr12	10815000	10816000
chr12	10816000	10817000
chr12	10817000	10818000
chr12	10818000	10819000
chr12	10819000	10820000
chr12	10820000	10821000
chr12	10821000	10822000
chr12	10822000	10823000
chr12	10823000	10824000
chr12	10824000	10825000
chr12	10825000	10826000
chr12	10826000	10827000
chr12	10827000	10828000
chr12	10828000	10829000
chr12	10829000	10830000
chr12	10830000	10831000
chr12	10831000	10832000
chr12	10832000	10833000
chr12	10833000	10834000
chr12	10834000	10835000
chr12	10835000	10836000
chr12	10836000	10837000
chr12	10837000	10838000
chr12	10838000	10839000
chr12	10839000	10840000
chr12	10840000	10841000
chr12	10841000	10842000
chr12	10842000	10843000
chr12	10843000	10844000
chr12	10844000	10845000
chr12	10845000	10846000
chr12	10846000	10847000
chr12	10847000	10848000
chr12	10848000	10849000
chr12	10849000	10850000
chr12	10850000	10851000
chr12	10851000	10852000
chr12	10852000	10853000
chr12	10853000	10854000
chr12	10854000	10855000
chr12	10855000	10856000
chr12	10856000	10857000
chr12	10857000	10858000
chr12	10858000	10859000
chr12	10859000	10860000
chr12	10860000	10861000
chr12	10861000	10862000
chr12	10862000	10863000
chr12	10863000	10864000
chr12	10864000	10865000
chr12	10865000	10866000
chr12	10866000	10867000
chr12	10867000	10868000
chr12	10868000	10869000
chr12	10869000	10870000
chr12	10870000	10871000
chr12	10871000	10872000
chr12	10872000	10873000
chr12	10873000	10874000
chr12	10874000	10875000
chr12	10875000	10876000
chr12	10876000	10877000
chr12	10877000	10878000
chr12	10878000	10879000
chr12	10879000	10880000
chr12	10880000	10881000
chr12	10881000	10882000
chr12	10882000	10883000
chr12	10883000	10884000
chr12	10884000	10885000
chr12	10885000	10886000
chr12	10886000	10887000
chr12	10887000	10888000
chr12	10888000	10889000
chr12	10889000	10890000
chr12	10890000	10891000
chr12	10891000	10892000
chr12	10892000	10893000
chr12	10893000	10894000
chr12	10894000	10895000
chr12	10895000	10896000
chr12	10896000	10897000
chr12	10897000	10898000
chr12	10898000	10899000
chr12	10899000	10900000
chr12	10900000	10901000
chr12	10901000	10902000
chr12	10902000	10903000
chr12	10903000	10904000
chr12	10904000	10905000
chr12	10905000	10906000
chr12	10906000	10907000
chr12	10907000	10908000
chr12	10908000	10909000
chr12	10909000	10910000
chr12	10910000	10911000
chr12	10911000	10912000
chr12	10912000	10913000
chr12	10913000	10914000
chr12	10914000	10915000
chr12	10915000	10916000
chr12	10916000	10917000
chr12	10917000	10918000
chr12	10918000	10919000
chr12	10919000	10920000
chr12	10920000	10921000
chr12	10921000	10922000
chr12	10922000	10923000
chr12	10923000	10924000
chr12	10924000	10925000
chr12	10925000	10926000
chr12	10926000	10927000
chr12	10927000	10928000
chr12	10928000	10929000
chr12	10929000	10930000
chr12	10930000	10931000
chr12	10931000	10932000
chr12	10932000	10933000
chr12	10933000	10934000
chr12	10934000	10935000
chr12	10935000	10936000
chr12	10936000	10937000
chr12	10937000	10938000
chr12	10938000	10939000
chr12	10939000	10940000
chr12	10940000	10941000
chr12	10941000	10942000
chr12	10942000	10943000
chr12	10943000	10944000
chr12	10944000	10945000
chr12	10945000	10946000
chr12	10946000	10947000
chr12	10947000	10948000
chr12	10948000	10949000
chr12	10949000	10950000
chr12	10950000	10951000
chr12	10951000	10952000
chr12	10952000	10953000
chr12	10953000	10954000
chr12	10954000	10955000
chr12	10955000	10956000
chr12	10956000	10957000
chr12	10957000	10958000
chr12	10958000	10959000
chr12	10959000	10960000
chr12	10960000	10961000
chr12	10961000	10962000
chr12	10962000	10963000
chr12	10963000	10964000
chr12	10964000	10965000
chr12	10965000	10966000
chr12	10966000	10967000
chr12	10967000	10968000
chr12	10968000	10969000
chr12	10969000	10970000
chr12	10970000	10971000
chr12	10971000	10972000
chr12	10972000	10973000
chr12	10973000	10974000
chr12	10974000	10975000
chr12	10975000	10976000
chr12	10976000	10977000
chr12	10977000	10978000
chr12	10978000	10979000
chr12	10979000	10980000
chr12	10980000	10981000
chr12	10981000	10982000
chr12	10982000	10983000
chr12	10983000	10984000
chr12	10984000	10985000
chr12	10985000	10986000
chr12	10986000	10987000
chr12	10987000	10988000
chr12	10988000	10989000
chr12	10989000	10990000
chr12	10990000	10991000
chr12	10991000	10992000
chr12	10992000	10993000
chr12	10993000	10994000
chr12	10994000	10995000
chr12	10995000	10996000
chr12	10996000	10997000
chr12	10997000	10998000
chr12	10998000	10999000
chr12	10999000	11000000
chr12	11000000	11001000
chr12	11001000	11002000
chr12	11002000	11003000
chr12	11003000	11004000
chr12	11004000	11005000
chr12	11005000	11006000
chr12	11006000	11007000
chr12	11007000	11008000
chr12	11008000	11009000
chr12	11009000	11010000
chr12	11010000	11011000
chr12	11011000	11012000
chr12	11012000	11013000
chr12	11013000	11014000
chr12	11014000	11015000
chr12	11015000	11016000
chr12	11016000	11017000
chr12	11017000	11018000
chr12	11018000	11019000
chr12	11019000	11020000
chr12	11020000	11021000
chr12	11021000	11022000
chr12	11022000	11023000
chr12	11023000	11024000
chr12	11024000	11025000
chr12	11025000	11026000
chr12	11026000	11027000
chr12	11027000	11028000
chr12	11028000	11029000
chr12	11029000	11030000
chr12	11030000	11031000
chr12	11031000	11032000
chr12	11032000	11033000
chr12	11033000	11034000
chr12	11034000	11035000
chr12	11035000	11036000
chr12	11036000	11037000
chr12	11037000	11038000
chr12	11038000	11039000
chr12	11039000	11040000
chr12	11040000	11041000
chr12	11041000	11042000
chr12	11042000	11043000
chr12	11043000	11044000
chr12	11044000	11045000
chr12	11045000	11046000
chr12	11046000	11047000
chr12	11047000	11048000
chr12	11048000	11049000
chr12	11049000	11050000
chr12	11050000	11051000
chr12	11051000	11052000
chr12	11052000	11053000
chr12	11053000	11054000
chr12	11054000	11055000
chr12	11055000	11056000
chr12	11056000	11057000
chr12	11057000	11058000
chr12	11058000	11059000
chr12	11059000	11060000
chr12	11060000	11061000
chr12	11061000	11062000
chr12	11062000	11063000
chr12	11063000	11064000
chr12	11064000	11065000
chr12	11065000	11066000
chr12	11066000	11067000
chr12	11067000	11068000
chr12	11068000	11069000
chr12	11069000	11070000
chr12	11070000	11071000
chr12	11071000	11072000
chr12	11072000	11073000
chr12	11073000	11074000
chr12	11074000	11075000
chr12	11075000	11076000
chr12	11076000	11077000
chr12	11077000	11078000
chr12	11078000	11079000
chr12	11079000	11080000
chr12	11080000	11081000
chr12	11081000	11082000
chr12	11082000	11083000
chr12	11083000	11084000
chr12	11084000	11085000
chr12	11085000	11086000
chr12	11086000	11087000
chr12	11087000	11088000
chr12	11088000	11089000
chr12	11089000	11090000
chr12	11090000	11091000
chr12	11091000	11092000
chr12	11092000	11093000
chr12	11093000	11094000
chr12	11094000	11095000
chr12	11095000	11096000
chr12	11096000	11097000
chr12	11098000	11099000
chr12	11099000	11100000
chr12	11100000	11101000
chr12	11101000	11102000
chr12	11102000	11103000
chr12	11103000	11104000
chr12	11104000	11105000
chr12	11105000	11106000
chr12	11106000	11107000
chr12	11107000	11108000
chr12	11108000	11109000
chr12	11109000	11110000
chr12	11110000	11111000
chr12	11111000	11112000
chr12	11112000	11113000
chr12	11113000	11114000
chr12	11114000	11115000
chr12	11115000	11116000
chr12	11116000	11117000
chr12	11117000	11118000
chr12	11119000	11120000
chr12	11120000	11121000
chr12	11121000	11122000
chr12	11122000	11123000
chr12	11123000	11124000
chr12	11124000	11125000
chr12	11125000	11126000
chr12	11126000	11127000
chr12	11127000	11128000
chr12	11128000	11129000
chr12	11129000	11130000
chr12	11130000	11131000
chr12	11131000	11132000
chr12	11132000	11133000
chr12	11133000	11134000
chr12	11134000	11135000
chr12	11135000	11136000
chr12	11136000	11137000
chr12	11137000	11138000
chr12	11138000	11139000
chr12	11139000	11140000
chr12	11140000	11141000
chr12	11141000	11142000
chr12	11142000	11143000
chr12	11143000	11144000
chr12	11144000	11145000
chr12	11145000	11146000
chr12	11146000	11147000
chr12	11147000	11148000
chr12	11148000	11149000
chr12	11149000	11150000
chr12	11150000	11151000
chr12	11151000	11152000
chr12	11152000	11153000
chr12	11153000	11154000
chr12	11154000	11155000
chr12	11155000	11156000
chr12	11156000	11157000
chr12	11157000	11158000
chr12	11158000	11159000
chr12	11159000	11160000
chr12	11160000	11161000
chr12	11161000	11162000
chr12	11162000	11163000
chr12	11163000	11164000
chr12	11164000	11165000
chr12	11165000	11166000
chr12	11166000	11167000
chr12	11167000	11168000
chr12	11168000	11169000
chr12	11169000	11170000
chr12	11170000	11171000
chr12	11171000	11172000
chr12	11172000	11173000
chr12	11173000	11174000
chr12	11174000	11175000
chr12	11175000	11176000
chr12	11176000	11177000
chr12	11177000	11178000
chr12	11178000	11179000
chr12	11179000	11180000
chr12	11180000	11181000
chr12	11181000	11182000
chr12	11182000	11183000
chr12	11183000	11184000
chr12	11184000	11185000
chr12	11185000	11186000
chr12	11186000	11187000
chr12	11187000	11188000
chr12	11188000	11189000
chr12	11189000	11190000
chr12	11190000	11191000
chr12	11191000	11192000
chr12	11192000	11193000
chr12	11193000	11194000
chr12	11194000	11195000
chr12	11195000	11196000
chr12	11196000	11197000
chr12	11197000	11198000
chr12	11198000	11199000
chr12	11199000	11200000
chr12	11200000	11201000
chr12	11201000	11202000
chr12	11202000	11203000
chr12	11203000	11204000
chr12	11204000	11205000
chr12	11205000	11206000
chr12	11206000	11207000
chr12	11207000	11208000
chr12	11208000	11209000
chr12	11209000	11210000
chr12	11210000	11211000
chr12	11211000	11212000
chr12	11212000	11213000
chr12	11213000	11214000
chr12	11214000	11215000
chr12	11215000	11216000
chr12	11216000	11217000
chr12	11217000	11218000
chr12	11218000	11219000
chr12	11219000	11220000
chr12	11220000	11221000
chr12	11221000	11222000
chr12	11222000	11223000
chr12	11223000	11224000
chr12	11224000	11225000
chr12	11225000	11226000
chr12	11226000	11227000
chr12	11227000	11228000
chr12	11228000	11229000
chr12	11229000	11230000
chr12	11230000	11231000
chr12	11231000	11232000
chr12	11232000	11233000
chr12	11233000	11234000
chr12	11234000	11235000
chr12	11235000	11236000
chr12	11236000	11237000
chr12	11237000	11238000
chr12	11238000	11239000
chr12	11239000	11240000
chr12	11240000	11241000
chr12	11241000	11242000
chr12	11242000	11243000
chr12	11243000	11244000
chr12	11244000	11245000
chr12	11245000	11246000
chr12	11246000	11247000
chr12	11247000	11248000
chr12	11248000	11249000
chr12	11249000	11250000
chr12	11250000	11251000
chr12	11251000	11252000
chr12	11252000	11253000
chr12	11253000	11254000
chr12	11254000	11255000
chr12	11255000	11256000
chr12	11256000	11257000
chr12	11257000	11258000
chr12	11258000	11259000
chr12	11259000	11260000
chr12	11260000	11261000
chr12	11261000	11262000
chr12	11262000	11263000
chr12	11263000	11264000
chr12	11264000	11265000
chr12	11265000	11266000
chr12	11266000	11267000
chr12	11267000	11268000
chr12	11268000	11269000
chr12	11269000	11270000
chr12	11270000	11271000
chr12	11271000	11272000
chr12	11272000	11273000
chr12	11273000	11274000
chr12	11274000	11275000
chr12	11275000	11276000
chr12	11276000	11277000
chr12	11277000	11278000
chr12	11278000	11279000
chr12	11279000	11280000
chr12	11280000	11281000
chr12	11281000	11282000
chr12	11282000	11283000
chr12	11283000	11284000
chr12	11284000	11285000
chr12	11285000	11286000
chr12	11286000	11287000
chr12	11287000	11288000
chr12	11288000	11289000
chr12	11289000	11290000
chr12	11290000	11291000
chr12	11291000	11292000
chr12	11292000	11293000
chr12	11293000	11294000
chr12	11294000	11295000
chr12	11295000	11296000
chr12	11296000	11297000
chr12	11297000	11298000
chr12	11298000	11299000
chr12	11299000	11300000
chr12	11300000	11301000
chr12	11301000	11302000
chr12	11302000	11303000
chr12	11303000	11304000
chr12	11304000	11305000
chr12	11305000	11306000
chr12	11306000	11307000
chr12	11307000	11308000
chr12	11308000	11309000
chr12	11309000	11310000
chr12	11310000	11311000
chr12	11311000	11312000
chr12	11312000	11313000
chr12	11313000	11314000
chr12	11314000	11315000
chr12	11315000	11316000
chr12	11316000	11317000
chr12	11317000	11318000
chr12	11318000	11319000
chr12	11319000	11320000
chr12	11320000	11321000
chr12	11321000	11322000
chr12	11322000	11323000
chr12	11323000	11324000
chr12	11324000	11325000
chr12	11325000	11326000
chr12	11326000	11327000
chr12	11327000	11328000
chr12	11328000	11329000
chr12	11329000	11330000
chr12	11330000	11331000
chr12	11331000	11332000
chr12	11332000	11333000
chr12	11333000	11334000
chr12	11334000	11335000
chr12	11335000	11336000
chr12	11336000	11337000
chr12	11337000	11338000
chr12	11338000	11339000
chr12	11339000	11340000
chr12	11340000	11341000
chr12	11341000	11342000
chr12	11342000	11343000
chr12	11343000	11344000
chr12	11344000	11345000
chr12	11345000	11346000
chr12	11346000	11347000
chr12	11347000	11348000
chr12	11348000	11349000
chr12	11349000	11350000
chr12	11350000	11351000
chr12	11351000	11352000
chr12	11352000	11353000
chr12	11353000	11354000
chr12	11354000	11355000
chr12	11355000	11356000
chr12	11356000	11357000
chr12	11357000	11358000
chr12	11358000	11359000
chr12	11359000	11360000
chr12	11360000	11361000
chr12	11361000	11362000
chr12	11362000	11363000
chr12	11363000	11364000
chr12	11364000	11365000
chr12	11365000	11366000
chr12	11366000	11367000
chr12	11367000	11368000
chr12	11368000	11369000
chr12	11369000	11370000
chr12	11370000	11371000
chr12	11371000	11372000
chr12	11372000	11373000
chr12	11373000	11374000
chr12	11374000	11375000
chr12	11375000	11376000
chr12	11376000	11377000
chr12	11377000	11378000
chr12	11378000	11379000
chr12	11379000	11380000
chr12	11380000	11381000
chr12	11381000	11382000
chr12	11382000	11383000
chr12	11383000	11384000
chr12	11384000	11385000
chr12	11385000	11386000
chr12	11386000	11387000
chr12	11387000	11388000
chr12	11388000	11389000
chr12	11389000	11390000
chr12	11390000	11391000
chr12	11391000	11392000
chr12	11392000	11393000
chr12	11393000	11394000
chr12	11394000	11395000
chr12	11395000	11396000
chr12	11396000	11397000
chr12	11397000	11398000
chr12	11398000	11399000
chr12	11399000	11400000
chr12	11400000	11401000
chr12	11401000	11402000
chr12	11402000	11403000
chr12	11403000	11404000
chr12	11404000	11405000
chr12	11405000	11406000
chr12	11406000	11407000
chr12	11407000	11408000
chr12	11408000	11409000
chr12	11409000	11410000
chr12	11410000	11411000
chr12	11411000	11412000
chr12	11412000	11413000
chr12	11413000	11414000
chr12	11414000	11415000
chr12	11415000	11416000
chr12	11416000	11417000
chr12	11417000	11418000
chr12	11418000	11419000
chr12	11419000	11420000
chr12	11420000	11421000
chr12	11421000	11422000
chr12	11422000	11423000
chr12	11423000	11424000
chr12	11424000	11425000
chr12	11425000	11426000
chr12	11426000	11427000
chr12	11427000	11428000
chr12	11428000	11429000
chr12	11429000	11430000
chr12	11430000	11431000
chr12	11431000	11432000
chr12	11432000	11433000
chr12	11433000	11434000
chr12	11434000	11435000
chr12	11435000	11436000
chr12	11436000	11437000
chr12	11437000	11438000
chr12	11438000	11439000
chr12	11439000	11440000
chr12	11440000	11441000
chr12	11441000	11442000
chr12	11442000	11443000
chr12	11443000	11444000
chr12	11444000	11445000
chr12	11445000	11446000
chr12	11446000	11447000
chr12	11447000	11448000
chr12	11448000	11449000
chr12	11449000	11450000
chr12	11450000	11451000
chr12	11451000	11452000
chr12	11452000	11453000
chr12	11453000	11454000
chr12	11454000	11455000
chr12	11455000	11456000
chr12	11456000	11457000
chr12	11457000	11458000
chr12	11458000	11459000
chr12	11459000	11460000
chr12	11460000	11461000
chr12	11461000	11462000
chr12	11462000	11463000
chr12	11463000	11464000
chr12	11464000	11465000
chr12	11465000	11466000
chr12	11466000	11467000
chr12	11467000	11468000
chr12	11468000	11469000
chr12	11469000	11470000
chr12	11470000	11471000
chr12	11471000	11472000
chr12	11472000	11473000
chr12	11473000	11474000
chr12	11474000	11475000
chr12	11476000	11477000
chr12	11477000	11478000
chr12	11478000	11479000
chr12	11479000	11480000
chr12	11480000	11481000
chr12	11481000	11482000
chr12	11482000	11483000
chr12	11483000	11484000
chr12	11484000	11485000
chr12	11485000	11486000
chr12	11486000	11487000
chr12	11487000	11488000
chr12	11488000	11489000
chr12	11489000	11490000
chr12	11490000	11491000
chr12	11491000	11492000
chr12	11492000	11493000
chr12	11493000	11494000
chr12	11494000	11495000
chr12	11495000	11496000
chr12	11497000	11498000
chr12	11498000	11499000
chr12	11499000	11500000
chr12	11500000	11501000
chr12	11501000	11502000
chr12	11502000	11503000
chr12	11503000	11504000
chr12	11504000	11505000
chr12	11505000	11506000
chr12	11506000	11507000
chr12	11507000	11508000
chr12	11508000	11509000
chr12	11509000	11510000
chr12	11510000	11511000
chr12	11511000	11512000
chr12	11512000	11513000
chr12	11513000	11514000
chr12	11514000	11515000
chr12	11515000	11516000
chr12	11516000	11517000
chr12	11517000	11518000
chr12	11518000	11519000
chr12	11519000	11520000
chr12	11520000	11521000
chr12	11521000	11522000
chr12	11522000	11523000
chr12	11523000	11524000
chr12	11524000	11525000
chr12	11525000	11526000
chr12	11526000	11527000
chr12	11527000	11528000
chr12	11528000	11529000
chr12	11529000	11530000
chr12	11530000	11531000
chr12	11531000	11532000
chr12	11532000	11533000
chr12	11533000	11534000
chr12	11534000	11535000
chr12	11535000	11536000
chr12	11536000	11537000
chr12	11537000	11538000
chr12	11538000	11539000
chr12	11539000	11540000
chr12	11540000	11541000
chr12	11541000	11542000
chr12	11542000	11543000
chr12	11543000	11544000
chr12	11544000	11545000
chr12	11545000	11546000
chr12	11546000	11547000
chr12	11547000	11548000
chr12	11548000	11549000
chr12	11549000	11550000
chr12	11550000	11551000
chr12	11551000	11552000
chr12	11552000	11553000
chr12	11553000	11554000
chr12	11554000	11555000
chr12	11555000	11556000
chr12	11556000	11557000
chr12	11557000	11558000
chr12	11558000	11559000
chr12	11559000	11560000
chr12	11560000	11561000
chr12	11561000	11562000
chr12	11562000	11563000
chr12	11563000	11564000
chr12	11564000	11565000
chr12	11565000	11566000
chr12	11566000	11567000
chr12	11567000	11568000
chr12	11568000	11569000
chr12	11569000	11570000
chr12	11570000	11571000
chr12	11571000	11572000
chr12	11572000	11573000
chr12	11573000	11574000
chr12	11574000	11575000
chr12	11575000	11576000
chr12	11576000	11577000
chr12	11577000	11578000
chr12	11578000	11579000
chr12	11579000	11580000
chr12	11580000	11581000
chr12	11581000	11582000
chr12	11582000	11583000
chr12	11583000	11584000
chr12	11584000	11585000
chr12	11585000	11586000
chr12	11586000	11587000
chr12	11587000	11588000
chr12	11588000	11589000
chr12	11589000	11590000
chr12	11590000	11591000
chr12	11591000	11592000
chr12	11592000	11593000
chr12	11593000	11594000
chr12	11594000	11595000
chr12	11595000	11596000
chr12	11596000	11597000
chr12	11597000	11598000
chr12	11598000	11599000
chr12	11599000	11600000
chr12	11600000	11601000
chr12	11601000	11602000
chr12	11602000	11603000
chr12	11603000	11604000
chr12	11604000	11605000
chr12	11605000	11606000
chr12	11606000	11607000
chr12	11607000	11608000
chr12	11608000	11609000
chr12	11609000	11610000
chr12	11610000	11611000
chr12	11611000	11612000
chr12	11612000	11613000
chr12	11613000	11614000
chr12	11614000	11615000
chr12	11615000	11616000
chr12	11616000	11617000
chr12	11617000	11618000
chr12	11618000	11619000
chr12	11619000	11620000
chr12	11620000	11621000
chr12	11621000	11622000
chr12	11622000	11623000
chr12	11623000	11624000
chr12	11624000	11625000
chr12	11625000	11626000
chr12	11626000	11627000
chr12	11627000	11628000
chr12	11628000	11629000
chr12	11629000	11630000
chr12	11630000	11631000
chr12	11631000	11632000
chr12	11632000	11633000
chr12	11633000	11634000
chr12	11634000	11635000
chr12	11635000	11636000
chr12	11636000	11637000
chr12	11637000	11638000
chr12	11638000	11639000
chr12	11639000	11640000
chr12	11640000	11641000
chr12	11641000	11642000
chr12	11642000	11643000
chr12	11643000	11644000
chr12	11644000	11645000
chr12	11645000	11646000
chr12	11646000	11647000
chr12	11647000	11648000
chr12	11648000	11649000
chr12	11649000	11650000
chr12	11650000	11651000
chr12	11651000	11652000
chr12	11652000	11653000
chr12	11654000	11655000
chr12	11655000	11656000
chr12	11656000	11657000
chr12	11657000	11658000
chr12	11658000	11659000
chr12	11659000	11660000
chr12	11660000	11661000
chr12	11661000	11662000
chr12	11662000	11663000
chr12	11663000	11664000
chr12	11664000	11665000
chr12	11665000	11666000
chr12	11666000	11667000
chr12	11667000	11668000
chr12	11668000	11669000
chr12	11669000	11670000
chr12	11670000	11671000
chr12	11671000	11672000
chr12	11672000	11673000
chr12	11673000	11674000
chr12	11674000	11675000
chr12	11675000	11676000
chr12	11676000	11677000
chr12	11677000	11678000
chr12	11678000	11679000
chr12	11679000	11680000
chr12	11680000	11681000
chr12	11681000	11682000
chr12	11682000	11683000
chr12	11683000	11684000
chr12	11684000	11685000
chr12	11685000	11686000
chr12	11686000	11687000
chr12	11687000	11688000
chr12	11688000	11689000
chr12	11689000	11690000
chr12	11690000	11691000
chr12	11691000	11692000
chr12	11692000	11693000
chr12	11693000	11694000
chr12	11694000	11695000
chr12	11695000	11696000
chr12	11696000	11697000
chr12	11697000	11698000
chr12	11698000	11699000
chr12	11699000	11700000
chr12	11700000	11701000
chr12	11701000	11702000
chr12	11702000	11703000
chr12	11703000	11704000
chr12	11704000	11705000
chr12	11705000	11706000
chr12	11706000	11707000
chr12	11707000	11708000
chr12	11708000	11709000
chr12	11709000	11710000
chr12	11710000	11711000
chr12	11711000	11712000
chr12	11712000	11713000
chr12	11713000	11714000
chr12	11714000	11715000
chr12	11715000	11716000
chr12	11716000	11717000
chr12	11717000	11718000
chr12	11718000	11719000
chr12	11719000	11720000
chr12	11720000	11721000
chr12	11721000	11722000
chr12	11722000	11723000
chr12	11723000	11724000
chr12	11724000	11725000
chr12	11725000	11726000
chr12	11726000	11727000
chr12	11727000	11728000
chr12	11728000	11729000
chr12	11729000	11730000
chr12	11730000	11731000
chr12	11731000	11732000
chr12	11732000	11733000
chr12	11733000	11734000
chr12	11734000	11735000
chr12	11735000	11736000
chr12	11736000	11737000
chr12	11737000	11738000
chr12	11738000	11739000
chr12	11739000	11740000
chr12	11740000	11741000
chr12	11741000	11742000
chr12	11742000	11743000
chr12	11743000	11744000
chr12	11744000	11745000
chr12	11745000	11746000
chr12	11746000	11747000
chr12	11747000	11748000
chr12	11748000	11749000
chr12	11749000	11750000
chr12	11750000	11751000
chr12	11751000	11752000
chr12	11752000	11753000
chr12	11753000	11754000
chr12	11754000	11755000
chr12	11755000	11756000
chr12	11756000	11757000
chr12	11757000	11758000
chr12	11760000	11761000
chr12	11761000	11762000
chr12	11762000	11763000
chr12	11763000	11764000
chr12	11764000	11765000
chr12	11765000	11766000
chr12	11766000	11767000
chr12	11767000	11768000
chr12	11768000	11769000
chr12	11769000	11770000
chr12	11770000	11771000
chr12	11771000	11772000
chr12	11772000	11773000
chr12	11773000	11774000
chr12	11774000	11775000
chr12	11775000	11776000
chr12	11776000	11777000
chr12	11777000	11778000
chr12	11778000	11779000
chr12	11779000	11780000
chr12	11780000	11781000
chr12	11781000	11782000
chr12	11782000	11783000
chr12	11783000	11784000
chr12	11784000	11785000
chr12	11785000	11786000
chr12	11786000	11787000
chr12	11787000	11788000
chr12	11788000	11789000
chr12	11789000	11790000
chr12	11790000	11791000
chr12	11791000	11792000
chr12	11792000	11793000
chr12	11793000	11794000
chr12	11794000	11795000
chr12	11795000	11796000
chr12	11796000	11797000
chr12	11797000	11798000
chr12	11798000	11799000
chr12	11799000	11800000
chr12	11800000	11801000
chr12	11801000	11802000
chr12	11802000	11803000
chr12	11803000	11804000
chr12	11804000	11805000
chr12	11805000	11806000
chr12	11806000	11807000
chr12	11807000	11808000
chr12	11808000	11809000
chr12	11809000	11810000
chr12	11810000	11811000
chr12	11811000	11812000
chr12	11812000	11813000
chr12	11813000	11814000
chr12	11814000	11815000
chr12	11815000	11816000
chr12	11816000	11817000
chr12	11817000	11818000
chr12	11818000	11819000
chr12	11819000	11820000
chr12	11820000	11821000
chr12	11821000	11822000
chr12	11822000	11823000
chr12	11823000	11824000
chr12	11824000	11825000
chr12	11825000	11826000
chr12	11826000	11827000
chr12	11827000	11828000
chr12	11828000	11829000
chr12	11829000	11830000
chr12	11830000	11831000
chr12	11831000	11832000
chr12	11832000	11833000
chr12	11833000	11834000
chr12	11834000	11835000
chr12	11835000	11836000
chr12	11836000	11837000
chr12	11837000	11838000
chr12	11838000	11839000
chr12	11839000	11840000
chr12	11840000	11841000
chr12	11841000	11842000
chr12	11842000	11843000
chr12	11843000	11844000
chr12	11844000	11845000
chr12	11845000	11846000
chr12	11848000	11849000
chr12	11849000	11850000
chr12	11850000	11851000
chr12	11851000	11852000
chr12	11852000	11853000
chr12	11853000	11854000
chr12	11854000	11855000
chr12	11855000	11856000
chr12	11856000	11857000
chr12	11857000	11858000
chr12	11858000	11859000
chr12	11859000	11860000
chr12	11860000	11861000
chr12	11861000	11862000
chr12	11862000	11863000
chr12	11863000	11864000
chr12	11864000	11865000
chr12	11865000	11866000
chr12	11866000	11867000
chr12	11867000	11868000
chr12	11868000	11869000
chr12	11869000	11870000
chr12	11870000	11871000
chr12	11871000	11872000
chr12	11872000	11873000
chr12	11873000	11874000
chr12	11874000	11875000
chr12	11875000	11876000
chr12	11876000	11877000
chr12	11877000	11878000
chr12	11878000	11879000
chr12	11879000	11880000
chr12	11880000	11881000
chr12	11881000	11882000
chr12	11882000	11883000
chr12	11883000	11884000
chr12	11884000	11885000
chr12	11885000	11886000
chr12	11886000	11887000
chr12	11887000	11888000
chr12	11888000	11889000
chr12	11889000	11890000
chr12	11890000	11891000
chr12	11891000	11892000
chr12	11892000	11893000
chr12	11893000	11894000
chr12	11894000	11895000
chr12	11895000	11896000
chr12	11896000	11897000
chr12	11897000	11898000
chr12	11898000	11899000
chr12	11899000	11900000
chr12	11900000	11901000
chr12	11901000	11902000
chr12	11902000	11903000
chr12	11903000	11904000
chr12	11904000	11905000
chr12	11905000	11906000
chr12	11908000	11909000
chr12	11909000	11910000
chr12	11910000	11911000
chr12	11911000	11912000
chr12	11912000	11913000
chr12	11913000	11914000
chr12	11914000	11915000
chr12	11915000	11916000
chr12	11916000	11917000
chr12	11917000	11918000
chr12	11918000	11919000
chr12	11919000	11920000
chr12	11920000	11921000
chr12	11921000	11922000
chr12	11922000	11923000
chr12	11923000	11924000
chr12	11924000	11925000
chr12	11925000	11926000
chr12	11926000	11927000
chr12	11927000	11928000
chr12	11928000	11929000
chr12	11929000	11930000
chr12	11930000	11931000
chr12	11931000	11932000
chr12	11932000	11933000
chr12	11933000	11934000
chr12	11934000	11935000
chr12	11935000	11936000
chr12	11936000	11937000
chr12	11937000	11938000
chr12	11938000	11939000
chr12	11939000	11940000
chr12	11940000	11941000
chr12	11941000	11942000
chr12	11942000	11943000
chr12	11943000	11944000
chr12	11944000	11945000
chr12	11945000	11946000
chr12	11946000	11947000
chr12	11947000	11948000
chr12	11948000	11949000
chr12	11949000	11950000
chr12	11950000	11951000
chr12	11951000	11952000
chr12	11952000	11953000
chr12	11953000	11954000
chr12	11954000	11955000
chr12	11955000	11956000
chr12	11956000	11957000
chr12	11957000	11958000
chr12	11958000	11959000
chr12	11959000	11960000
chr12	11960000	11961000
chr12	11963000	11964000
chr12	11964000	11965000
chr12	11965000	11966000
chr12	11966000	11967000
chr12	11967000	11968000
chr12	11968000	11969000
chr12	11969000	11970000
chr12	11970000	11971000
chr12	11971000	11972000
chr12	11972000	11973000
chr12	11973000	11974000
chr12	11974000	11975000
chr12	11975000	11976000
chr12	11976000	11977000
chr12	11977000	11978000
chr12	11978000	11979000
chr12	11980000	11981000
chr12	11981000	11982000
chr12	11982000	11983000
chr12	11983000	11984000
chr12	11984000	11985000
chr12	11985000	11986000
chr12	11986000	11987000
chr12	11987000	11988000
chr12	11988000	11989000
chr12	11989000	11990000
chr12	11990000	11991000
chr12	11991000	11992000
chr12	11992000	11993000
chr12	11993000	11994000
chr12	11994000	11995000
chr12	11995000	11996000
chr12	11996000	11997000
chr12	11997000	11998000
chr12	11998000	11999000
chr12	11999000	12000000
chr12	12000000	12001000
chr12	12001000	12002000
chr12	12002000	12003000
chr12	12003000	12004000
chr12	12004000	12005000
chr12	12005000	12006000
chr12	12006000	12007000
chr12	12007000	12008000
chr12	12008000	12009000
chr12	12009000	12010000
chr12	12010000	12011000
chr12	12011000	12012000
chr12	12012000	12013000
chr12	12013000	12014000
chr12	12014000	12015000
chr12	12015000	12016000
chr12	12016000	12017000
chr12	12017000	12018000
chr12	12018000	12019000
chr12	12019000	12020000
chr12	12020000	12021000
chr12	12021000	12022000
chr12	12022000	12023000
chr12	12023000	12024000
chr12	12024000	12025000
chr12	12025000	12026000
chr12	12026000	12027000
chr12	12027000	12028000
chr12	12028000	12029000
chr12	12029000	12030000
chr12	12030000	12031000
chr12	12031000	12032000
chr12	12032000	12033000
chr12	12033000	12034000
chr12	12034000	12035000
chr12	12035000	12036000
chr12	12036000	12037000
chr12	12037000	12038000
chr12	12038000	12039000
chr12	12039000	12040000
chr12	12040000	12041000
chr12	12041000	12042000
chr12	12042000	12043000
chr12	12043000	12044000
chr12	12044000	12045000
chr12	12045000	12046000
chr12	12046000	12047000
chr12	12047000	12048000
chr12	12048000	12049000
chr12	12049000	12050000
chr12	12050000	12051000
chr12	12051000	12052000
chr12	12052000	12053000
chr12	12053000	12054000
chr12	12056000	12057000
chr12	12057000	12058000
chr12	12058000	12059000
chr12	12059000	12060000
chr12	12060000	12061000
chr12	12061000	12062000
chr12	12062000	12063000
chr12	12063000	12064000
chr12	12064000	12065000
chr12	12065000	12066000
chr12	12066000	12067000
chr12	12067000	12068000
chr12	12068000	12069000
chr12	12069000	12070000
chr12	12070000	12071000
chr12	12071000	12072000
chr12	12072000	12073000
chr12	12073000	12074000
chr12	12074000	12075000
chr12	12075000	12076000
chr12	12076000	12077000
chr12	12077000	12078000
chr12	12078000	12079000
chr12	12079000	12080000
chr12	12080000	12081000
chr12	12081000	12082000
chr12	12082000	12083000
chr12	12083000	12084000
chr12	12084000	12085000
chr12	12085000	12086000
chr12	12086000	12087000
chr12	12087000	12088000
chr12	12088000	12089000
chr12	12089000	12090000
chr12	12090000	12091000
chr12	12091000	12092000
chr12	12092000	12093000
chr12	12093000	12094000
chr12	12094000	12095000
chr12	12095000	12096000
chr12	12096000	12097000
chr12	12097000	12098000
chr12	12098000	12099000
chr12	12099000	12100000
chr12	12100000	12101000
chr12	12101000	12102000
chr12	12102000	12103000
chr12	12103000	12104000
chr12	12104000	12105000
chr12	12105000	12106000
chr12	12106000	12107000
chr12	12107000	12108000
chr12	12108000	12109000
chr12	12109000	12110000
chr12	12110000	12111000
chr12	12111000	12112000
chr12	12112000	12113000
chr12	12113000	12114000
chr12	12114000	12115000
chr12	12115000	12116000
chr12	12116000	12117000
chr12	12117000	12118000
chr12	12118000	12119000
chr12	12119000	12120000
chr12	12120000	12121000
chr12	12121000	12122000
chr12	12122000	12123000
chr12	12123000	12124000
chr12	12124000	12125000
chr12	12125000	12126000
chr12	12126000	12127000
chr12	12127000	12128000
chr12	12128000	12129000
chr12	12129000	12130000
chr12	12130000	12131000
chr12	12131000	12132000
chr12	12132000	12133000
chr12	12133000	12134000
chr12	12134000	12135000
chr12	12135000	12136000
chr12	12136000	12137000
chr12	12137000	12138000
chr12	12138000	12139000
chr12	12139000	12140000
chr12	12140000	12141000
chr12	12141000	12142000
chr12	12142000	12143000
chr12	12143000	12144000
chr12	12144000	12145000
chr12	12145000	12146000
chr12	12146000	12147000
chr12	12147000	12148000
chr12	12148000	12149000
chr12	12149000	12150000
chr12	12150000	12151000
chr12	12151000	12152000
chr12	12152000	12153000
chr12	12153000	12154000
chr12	12154000	12155000
chr12	12155000	12156000
chr12	12156000	12157000
chr12	12157000	12158000
chr12	12159000	12160000
chr12	12160000	12161000
chr12	12161000	12162000
chr12	12162000	12163000
chr12	12163000	12164000
chr12	12164000	12165000
chr12	12165000	12166000
chr12	12166000	12167000
chr12	12167000	12168000
chr12	12168000	12169000
chr12	12169000	12170000
chr12	12170000	12171000
chr12	12171000	12172000
chr12	12172000	12173000
chr12	12173000	12174000
chr12	12174000	12175000
chr12	12175000	12176000
chr12	12176000	12177000
chr12	12177000	12178000
chr12	12178000	12179000
chr12	12179000	12180000
chr12	12180000	12181000
chr12	12181000	12182000
chr12	12182000	12183000
chr12	12183000	12184000
chr12	12184000	12185000
chr12	12185000	12186000
chr12	12186000	12187000
chr12	12187000	12188000
chr12	12188000	12189000
chr12	12189000	12190000
chr12	12190000	12191000
chr12	12191000	12192000
chr12	12192000	12193000
chr12	12193000	12194000
chr12	12194000	12195000
chr12	12195000	12196000
chr12	12196000	12197000
chr12	12197000	12198000
chr12	12198000	12199000
chr12	12199000	12200000
chr12	12200000	12201000
chr12	12201000	12202000
chr12	12202000	12203000
chr12	12203000	12204000
chr12	12204000	12205000
chr12	12205000	12206000
chr12	12206000	12207000
chr12	12207000	12208000
chr12	12208000	12209000
chr12	12209000	12210000
chr12	12210000	12211000
chr12	12211000	12212000
chr12	12212000	12213000
chr12	12213000	12214000
chr12	12214000	12215000
chr12	12215000	12216000
chr12	12216000	12217000
chr12	12217000	12218000
chr12	12218000	12219000
chr12	12219000	12220000
chr12	12220000	12221000
chr12	12221000	12222000
chr12	12222000	12223000
chr12	12223000	12224000
chr12	12224000	12225000
chr12	12225000	12226000
chr12	12226000	12227000
chr12	12227000	12228000
chr12	12228000	12229000
chr12	12229000	12230000
chr12	12230000	12231000
chr12	12231000	12232000
chr12	12232000	12233000
chr12	12233000	12234000
chr12	12234000	12235000
chr12	12235000	12236000
chr12	12236000	12237000
chr12	12237000	12238000
chr12	12238000	12239000
chr12	12239000	12240000
chr12	12240000	12241000
chr12	12241000	12242000
chr12	12242000	12243000
chr12	12243000	12244000
chr12	12244000	12245000
chr12	12245000	12246000
chr12	12246000	12247000
chr12	12247000	12248000
chr12	12248000	12249000
chr12	12249000	12250000
chr12	12250000	12251000
chr12	12251000	12252000
chr12	12252000	12253000
chr12	12253000	12254000
chr12	12254000	12255000
chr12	12255000	12256000
chr12	12256000	12257000
chr12	12257000	12258000
chr12	12258000	12259000
chr12	12259000	12260000
chr12	12260000	12261000
chr12	12261000	12262000
chr12	12262000	12263000
chr12	12263000	12264000
chr12	12264000	12265000
chr12	12265000	12266000
chr12	12266000	12267000
chr12	12267000	12268000
chr12	12268000	12269000
chr12	12269000	12270000
chr12	12270000	12271000
chr12	12271000	12272000
chr12	12272000	12273000
chr12	12273000	12274000
chr12	12274000	12275000
chr12	12275000	12276000
chr12	12276000	12277000
chr12	12277000	12278000
chr12	12278000	12279000
chr12	12279000	12280000
chr12	12280000	12281000
chr12	12281000	12282000
chr12	12282000	12283000
chr12	12283000	12284000
chr12	12284000	12285000
chr12	12285000	12286000
chr12	12286000	12287000
chr12	12287000	12288000
chr12	12288000	12289000
chr12	12289000	12290000
chr12	12290000	12291000
chr12	12291000	12292000
chr12	12292000	12293000
chr12	12293000	12294000
chr12	12294000	12295000
chr12	12295000	12296000
chr12	12296000	12297000
chr12	12297000	12298000
chr12	12298000	12299000
chr12	12299000	12300000
chr12	12300000	12301000
chr12	12301000	12302000
chr12	12302000	12303000
chr12	12303000	12304000
chr12	12304000	12305000
chr12	12305000	12306000
chr12	12306000	12307000
chr12	12308000	12309000
chr12	12309000	12310000
chr12	12310000	12311000
chr12	12311000	12312000
chr12	12312000	12313000
chr12	12313000	12314000
chr12	12314000	12315000
chr12	12315000	12316000
chr12	12316000	12317000
chr12	12318000	12319000
chr12	12319000	12320000
chr12	12320000	12321000
chr12	12321000	12322000
chr12	12322000	12323000
chr12	12323000	12324000
chr12	12324000	12325000
chr12	12325000	12326000
chr12	12326000	12327000
chr12	12327000	12328000
chr12	12328000	12329000
chr12	12329000	12330000
chr12	12330000	12331000
chr12	12331000	12332000
chr12	12332000	12333000
chr12	12333000	12334000
chr12	12334000	12335000
chr12	12335000	12336000
chr12	12336000	12337000
chr12	12337000	12338000
chr12	12338000	12339000
chr12	12339000	12340000
chr12	12340000	12341000
chr12	12341000	12342000
chr12	12342000	12343000
chr12	12343000	12344000
chr12	12344000	12345000
chr12	12345000	12346000
chr12	12346000	12347000
chr12	12347000	12348000
chr12	12348000	12349000
chr12	12349000	12350000
chr12	12350000	12351000
chr12	12351000	12352000
chr12	12352000	12353000
chr12	12353000	12354000
chr12	12354000	12355000
chr12	12355000	12356000
chr12	12356000	12357000
chr12	12357000	12358000
chr12	12358000	12359000
chr12	12359000	12360000
chr12	12360000	12361000
chr12	12361000	12362000
chr12	12362000	12363000
chr12	12363000	12364000
chr12	12364000	12365000
chr12	12365000	12366000
chr12	12366000	12367000
chr12	12367000	12368000
chr12	12368000	12369000
chr12	12369000	12370000
chr12	12370000	12371000
chr12	12371000	12372000
chr12	12372000	12373000
chr12	12373000	12374000
chr12	12374000	12375000
chr12	12375000	12376000
chr12	12377000	12378000
chr12	12378000	12379000
chr12	12379000	12380000
chr12	12380000	12381000
chr12	12381000	12382000
chr12	12382000	12383000
chr12	12383000	12384000
chr12	12384000	12385000
chr12	12385000	12386000
chr12	12386000	12387000
chr12	12387000	12388000
chr12	12388000	12389000
chr12	12389000	12390000
chr12	12390000	12391000
chr12	12391000	12392000
chr12	12392000	12393000
chr12	12393000	12394000
chr12	12394000	12395000
chr12	12395000	12396000
chr12	12396000	12397000
chr12	12397000	12398000
chr12	12398000	12399000
chr12	12399000	12400000
chr12	12400000	12401000
chr12	12401000	12402000
chr12	12402000	12403000
chr12	12403000	12404000
chr12	12404000	12405000
chr12	12405000	12406000
chr12	12406000	12407000
chr12	12407000	12408000
chr12	12408000	12409000
chr12	12409000	12410000
chr12	12411000	12412000
chr12	12412000	12413000
chr12	12413000	12414000
chr12	12414000	12415000
chr12	12415000	12416000
chr12	12416000	12417000
chr12	12417000	12418000
chr12	12418000	12419000
chr12	12419000	12420000
chr12	12420000	12421000
chr12	12421000	12422000
chr12	12422000	12423000
chr12	12423000	12424000
chr12	12424000	12425000
chr12	12425000	12426000
chr12	12426000	12427000
chr12	12427000	12428000
chr12	12428000	12429000
chr12	12429000	12430000
chr12	12430000	12431000
chr12	12431000	12432000
chr12	12432000	12433000
chr12	12433000	12434000
chr12	12434000	12435000
chr12	12435000	12436000
chr12	12436000	12437000
chr12	12437000	12438000
chr12	12438000	12439000
chr12	12439000	12440000
chr12	12440000	12441000
chr12	12441000	12442000
chr12	12442000	12443000
chr12	12443000	12444000
chr12	12444000	12445000
chr12	12445000	12446000
chr12	12446000	12447000
chr12	12447000	12448000
chr12	12448000	12449000
chr12	12449000	12450000
chr12	12450000	12451000
chr12	12451000	12452000
chr12	12452000	12453000
chr12	12453000	12454000
chr12	12454000	12455000
chr12	12455000	12456000
chr12	12456000	12457000
chr12	12457000	12458000
chr12	12458000	12459000
chr12	12459000	12460000
chr12	12460000	12461000
chr12	12461000	12462000
chr12	12462000	12463000
chr12	12463000	12464000
chr12	12464000	12465000
chr12	12465000	12466000
chr12	12466000	12467000
chr12	12467000	12468000
chr12	12468000	12469000
chr12	12469000	12470000
chr12	12470000	12471000
chr12	12471000	12472000
chr12	12472000	12473000
chr12	12473000	12474000
chr12	12474000	12475000
chr12	12475000	12476000
chr12	12476000	12477000
chr12	12477000	12478000
chr12	12478000	12479000
chr12	12479000	12480000
chr12	12480000	12481000
chr12	12481000	12482000
chr12	12482000	12483000
chr12	12483000	12484000
chr12	12484000	12485000
chr12	12485000	12486000
chr12	12486000	12487000
chr12	12487000	12488000
chr12	12488000	12489000
chr12	12489000	12490000
chr12	12490000	12491000
chr12	12491000	12492000
chr12	12492000	12493000
chr12	12493000	12494000
chr12	12494000	12495000
chr12	12495000	12496000
chr12	12496000	12497000
chr12	12497000	12498000
chr12	12498000	12499000
chr12	12499000	12500000
chr12	12500000	12501000
chr12	12501000	12502000
chr12	12502000	12503000
chr12	12503000	12504000
chr12	12504000	12505000
chr12	12505000	12506000
chr12	12508000	12509000
chr12	12509000	12510000
chr12	12510000	12511000
chr12	12511000	12512000
chr12	12512000	12513000
chr12	12513000	12514000
chr12	12514000	12515000
chr12	12515000	12516000
chr12	12516000	12517000
chr12	12517000	12518000
chr12	12518000	12519000
chr12	12519000	12520000
chr12	12520000	12521000
chr12	12521000	12522000
chr12	12522000	12523000
chr12	12523000	12524000
chr12	12524000	12525000
chr12	12525000	12526000
chr12	12526000	12527000
chr12	12527000	12528000
chr12	12528000	12529000
chr12	12529000	12530000
chr12	12530000	12531000
chr12	12531000	12532000
chr12	12532000	12533000
chr12	12533000	12534000
chr12	12534000	12535000
chr12	12535000	12536000
chr12	12536000	12537000
chr12	12537000	12538000
chr12	12538000	12539000
chr12	12539000	12540000
chr12	12540000	12541000
chr12	12541000	12542000
chr12	12542000	12543000
chr12	12543000	12544000
chr12	12544000	12545000
chr12	12545000	12546000
chr12	12546000	12547000
chr12	12547000	12548000
chr12	12548000	12549000
chr12	12549000	12550000
chr12	12550000	12551000
chr12	12551000	12552000
chr12	12552000	12553000
chr12	12553000	12554000
chr12	12554000	12555000
chr12	12555000	12556000
chr12	12556000	12557000
chr12	12557000	12558000
chr12	12558000	12559000
chr12	12559000	12560000
chr12	12560000	12561000
chr12	12561000	12562000
chr12	12562000	12563000
chr12	12563000	12564000
chr12	12564000	12565000
chr12	12565000	12566000
chr12	12566000	12567000
chr12	12567000	12568000
chr12	12568000	12569000
chr12	12569000	12570000
chr12	12570000	12571000
chr12	12571000	12572000
chr12	12572000	12573000
chr12	12573000	12574000
chr12	12574000	12575000
chr12	12575000	12576000
chr12	12576000	12577000
chr12	12577000	12578000
chr12	12578000	12579000
chr12	12579000	12580000
chr12	12580000	12581000
chr12	12581000	12582000
chr12	12582000	12583000
chr12	12583000	12584000
chr12	12584000	12585000
chr12	12585000	12586000
chr12	12586000	12587000
chr12	12587000	12588000
chr12	12588000	12589000
chr12	12589000	12590000
chr12	12590000	12591000
chr12	12591000	12592000
chr12	12592000	12593000
chr12	12593000	12594000
chr12	12594000	12595000
chr12	12595000	12596000
chr12	12596000	12597000
chr12	12597000	12598000
chr12	12598000	12599000
chr12	12599000	12600000
chr12	12600000	12601000
chr12	12601000	12602000
chr12	12602000	12603000
chr12	12603000	12604000
chr12	12604000	12605000
chr12	12605000	12606000
chr12	12606000	12607000
chr12	12607000	12608000
chr12	12608000	12609000
chr12	12609000	12610000
chr12	12610000	12611000
chr12	12611000	12612000
chr12	12612000	12613000
chr12	12613000	12614000
chr12	12614000	12615000
chr12	12615000	12616000
chr12	12616000	12617000
chr12	12617000	12618000
chr12	12618000	12619000
chr12	12619000	12620000
chr12	12620000	12621000
chr12	12621000	12622000
chr12	12623000	12624000
chr12	12624000	12625000
chr12	12625000	12626000
chr12	12626000	12627000
chr12	12627000	12628000
chr12	12628000	12629000
chr12	12629000	12630000
chr12	12630000	12631000
chr12	12631000	12632000
chr12	12632000	12633000
chr12	12633000	12634000
chr12	12634000	12635000
chr12	12635000	12636000
chr12	12636000	12637000
chr12	12637000	12638000
chr12	12638000	12639000
chr12	12639000	12640000
chr12	12640000	12641000
chr12	12641000	12642000
chr12	12642000	12643000
chr12	12643000	12644000
chr12	12644000	12645000
chr12	12645000	12646000
chr12	12646000	12647000
chr12	12647000	12648000
chr12	12648000	12649000
chr12	12649000	12650000
chr12	12650000	12651000
chr12	12651000	12652000
chr12	12652000	12653000
chr12	12653000	12654000
chr12	12654000	12655000
chr12	12655000	12656000
chr12	12656000	12657000
chr12	12657000	12658000
chr12	12658000	12659000
chr12	12659000	12660000
chr12	12660000	12661000
chr12	12661000	12662000
chr12	12662000	12663000
chr12	12663000	12664000
chr12	12664000	12665000
chr12	12665000	12666000
chr12	12666000	12667000
chr12	12667000	12668000
chr12	12668000	12669000
chr12	12669000	12670000
chr12	12670000	12671000
chr12	12671000	12672000
chr12	12672000	12673000
chr12	12673000	12674000
chr12	12674000	12675000
chr12	12675000	12676000
chr12	12676000	12677000
chr12	12677000	12678000
chr12	12678000	12679000
chr12	12679000	12680000
chr12	12680000	12681000
chr12	12681000	12682000
chr12	12682000	12683000
chr12	12683000	12684000
chr12	12684000	12685000
chr12	12685000	12686000
chr12	12686000	12687000
chr12	12687000	12688000
chr12	12688000	12689000
chr12	12689000	12690000
chr12	12690000	12691000
chr12	12691000	12692000
chr12	12692000	12693000
chr12	12693000	12694000
chr12	12694000	12695000
chr12	12695000	12696000
chr12	12696000	12697000
chr12	12697000	12698000
chr12	12698000	12699000
chr12	12699000	12700000
chr12	12700000	12701000
chr12	12701000	12702000
chr12	12702000	12703000
chr12	12703000	12704000
chr12	12704000	12705000
chr12	12705000	12706000
chr12	12706000	12707000
chr12	12707000	12708000
chr12	12708000	12709000
chr12	12709000	12710000
chr12	12710000	12711000
chr12	12711000	12712000
chr12	12712000	12713000
chr12	12713000	12714000
chr12	12714000	12715000
chr12	12715000	12716000
chr12	12716000	12717000
chr12	12717000	12718000
chr12	12718000	12719000
chr12	12719000	12720000
chr12	12720000	12721000
chr12	12721000	12722000
chr12	12722000	12723000
chr12	12723000	12724000
chr12	12724000	12725000
chr12	12725000	12726000
chr12	12726000	12727000
chr12	12727000	12728000
chr12	12728000	12729000
chr12	12729000	12730000
chr12	12730000	12731000
chr12	12731000	12732000
chr12	12732000	12733000
chr12	12733000	12734000
chr12	12734000	12735000
chr12	12735000	12736000
chr12	12736000	12737000
chr12	12737000	12738000
chr12	12738000	12739000
chr12	12739000	12740000
chr12	12740000	12741000
chr12	12741000	12742000
chr12	12742000	12743000
chr12	12743000	12744000
chr12	12744000	12745000
chr12	12745000	12746000
chr12	12746000	12747000
chr12	12747000	12748000
chr12	12748000	12749000
chr12	12749000	12750000
chr12	12752000	12753000
chr12	12753000	12754000
chr12	12754000	12755000
chr12	12755000	12756000
chr12	12756000	12757000
chr12	12758000	12759000
chr12	12761000	12762000
chr12	12763000	12764000
chr12	12764000	12765000
chr12	12770000	12771000
chr12	12771000	12772000
chr12	12774000	12775000
chr12	12775000	12776000
chr12	12776000	12777000
chr12	12777000	12778000
chr12	12778000	12779000
chr12	12779000	12780000
chr12	12780000	12781000
chr12	12781000	12782000
chr12	12782000	12783000
chr12	12783000	12784000
chr12	12785000	12786000
chr12	12786000	12787000
chr12	12787000	12788000
chr12	12788000	12789000
chr12	12789000	12790000
chr12	12790000	12791000
chr12	12791000	12792000
chr12	12792000	12793000
chr12	12793000	12794000
chr12	12794000	12795000
chr12	12795000	12796000
chr12	12796000	12797000
chr12	12797000	12798000
chr12	12798000	12799000
chr12	12799000	12800000
chr12	12800000	12801000
chr12	12801000	12802000
chr12	12802000	12803000
chr12	12803000	12804000
chr12	12804000	12805000
chr12	12805000	12806000
chr12	12806000	12807000
chr12	12809000	12810000
chr12	12810000	12811000
chr12	12812000	12813000
chr12	12813000	12814000
chr12	12814000	12815000
chr12	12815000	12816000
chr12	12816000	12817000
chr12	12817000	12818000
chr12	12818000	12819000
chr12	12819000	12820000
chr12	12820000	12821000
chr12	12821000	12822000
chr12	12823000	12824000
chr12	12824000	12825000
chr12	12828000	12829000
chr12	12833000	12834000
chr12	12834000	12835000
chr12	12835000	12836000
chr12	12836000	12837000
chr12	12837000	12838000
chr12	12838000	12839000
chr12	12839000	12840000
chr12	12840000	12841000
chr12	12841000	12842000
chr12	12842000	12843000
chr12	12843000	12844000
chr12	12845000	12846000
chr12	12848000	12849000
chr12	12849000	12850000
chr12	12850000	12851000
chr12	12851000	12852000
chr12	12852000	12853000
chr12	12853000	12854000
chr12	12854000	12855000
chr12	12855000	12856000
chr12	12856000	12857000
chr12	12857000	12858000
chr12	12858000	12859000
chr12	12859000	12860000
chr12	12860000	12861000
chr12	12861000	12862000
chr12	12862000	12863000
chr12	12863000	12864000
chr12	12864000	12865000
chr12	12865000	12866000
chr12	12866000	12867000
chr12	12867000	12868000
chr12	12868000	12869000
chr12	12869000	12870000
chr12	12871000	12872000
chr12	12872000	12873000
chr12	12873000	12874000
chr12	12874000	12875000
chr12	12875000	12876000
chr12	12876000	12877000
chr12	12877000	12878000
chr12	12878000	12879000
chr12	12879000	12880000
chr12	12880000	12881000
chr12	12881000	12882000
chr12	12882000	12883000
chr12	12883000	12884000
chr12	12884000	12885000
chr12	12885000	12886000
chr12	12886000	12887000
chr12	12887000	12888000
chr12	12888000	12889000
chr12	12889000	12890000
chr12	12890000	12891000
chr12	12891000	12892000
chr12	12892000	12893000
chr12	12893000	12894000
chr12	12894000	12895000
chr12	12895000	12896000
chr12	12896000	12897000
chr12	12897000	12898000
chr12	12898000	12899000
chr12	12899000	12900000
chr12	12900000	12901000
chr12	12901000	12902000
chr12	12902000	12903000
chr12	12903000	12904000
chr12	12904000	12905000
chr12	12905000	12906000
chr12	12906000	12907000
chr12	12907000	12908000
chr12	12908000	12909000
chr12	12909000	12910000
chr12	12910000	12911000
chr12	12911000	12912000
chr12	12912000	12913000
chr12	12913000	12914000
chr12	12914000	12915000
chr12	12915000	12916000
chr12	12916000	12917000
chr12	12917000	12918000
chr12	12918000	12919000
chr12	12919000	12920000
chr12	12920000	12921000
chr12	12921000	12922000
chr12	12922000	12923000
chr12	12923000	12924000
chr12	12924000	12925000
chr12	12925000	12926000
chr12	12926000	12927000
chr12	12927000	12928000
chr12	12928000	12929000
chr12	12929000	12930000
chr12	12930000	12931000
chr12	12931000	12932000
chr12	12932000	12933000
chr12	12933000	12934000
chr12	12934000	12935000
chr12	12935000	12936000
chr12	12936000	12937000
chr12	12937000	12938000
chr12	12938000	12939000
chr12	12939000	12940000
chr12	12940000	12941000
chr12	12941000	12942000
chr12	12942000	12943000
chr12	12943000	12944000
chr12	12944000	12945000
chr12	12945000	12946000
chr12	12946000	12947000
chr12	12947000	12948000
chr12	12948000	12949000
chr12	12949000	12950000
chr12	12950000	12951000
chr12	12951000	12952000
chr12	12952000	12953000
chr12	12953000	12954000
chr12	12954000	12955000
chr12	12955000	12956000
chr12	12956000	12957000
chr12	12957000	12958000
chr12	12958000	12959000
chr12	12959000	12960000
chr12	12960000	12961000
chr12	12961000	12962000
chr12	12962000	12963000
chr12	12963000	12964000
chr12	12964000	12965000
chr12	12965000	12966000
chr12	12966000	12967000
chr12	12967000	12968000
chr12	12968000	12969000
chr12	12969000	12970000
chr12	12970000	12971000
chr12	12971000	12972000
chr12	12972000	12973000
chr12	12973000	12974000
chr12	12974000	12975000
chr12	12975000	12976000
chr12	12976000	12977000
chr12	12977000	12978000
chr12	12978000	12979000
chr12	12979000	12980000
chr12	12980000	12981000
chr12	12981000	12982000
chr12	12982000	12983000
chr12	12983000	12984000
chr12	12984000	12985000
chr12	12985000	12986000
chr12	12986000	12987000
chr12	12987000	12988000
chr12	12988000	12989000
chr12	12989000	12990000
chr12	12990000	12991000
chr12	12991000	12992000
chr12	12992000	12993000
chr12	12993000	12994000
chr12	12994000	12995000
chr12	12995000	12996000
chr12	12996000	12997000
chr12	12997000	12998000
chr12	12998000	12999000
chr12	12999000	13000000
chr12	13000000	13001000
chr12	13001000	13002000
chr12	13002000	13003000
chr12	13003000	13004000
chr12	13004000	13005000
chr12	13005000	13006000
chr12	13006000	13007000
chr12	13007000	13008000
chr12	13008000	13009000
chr12	13009000	13010000
chr12	13010000	13011000
chr12	13011000	13012000
chr12	13012000	13013000
chr12	13013000	13014000
chr12	13014000	13015000
chr12	13015000	13016000
chr12	13016000	13017000
chr12	13017000	13018000
chr12	13018000	13019000
chr12	13019000	13020000
chr12	13020000	13021000
chr12	13021000	13022000
chr12	13022000	13023000
chr12	13023000	13024000
chr12	13024000	13025000
chr12	13025000	13026000
chr12	13026000	13027000
chr12	13027000	13028000
chr12	13028000	13029000
chr12	13029000	13030000
chr12	13030000	13031000
chr12	13031000	13032000
chr12	13032000	13033000
chr12	13033000	13034000
chr12	13034000	13035000
chr12	13035000	13036000
chr12	13036000	13037000
chr12	13037000	13038000
chr12	13038000	13039000
chr12	13039000	13040000
chr12	13040000	13041000
chr12	13041000	13042000
chr12	13042000	13043000
chr12	13043000	13044000
chr12	13044000	13045000
chr12	13045000	13046000
chr12	13046000	13047000
chr12	13047000	13048000
chr12	13048000	13049000
chr12	13049000	13050000
chr12	13050000	13051000
chr12	13051000	13052000
chr12	13052000	13053000
chr12	13053000	13054000
chr12	13054000	13055000
chr12	13055000	13056000
chr12	13056000	13057000
chr12	13057000	13058000
chr12	13058000	13059000
chr12	13059000	13060000
chr12	13060000	13061000
chr12	13061000	13062000
chr12	13062000	13063000
chr12	13063000	13064000
chr12	13064000	13065000
chr12	13065000	13066000
chr12	13066000	13067000
chr12	13067000	13068000
chr12	13068000	13069000
chr12	13069000	13070000
chr12	13071000	13072000
chr12	13072000	13073000
chr12	13073000	13074000
chr12	13074000	13075000
chr12	13075000	13076000
chr12	13076000	13077000
chr12	13077000	13078000
chr12	13078000	13079000
chr12	13079000	13080000
chr12	13080000	13081000
chr12	13081000	13082000
chr12	13082000	13083000
chr12	13083000	13084000
chr12	13084000	13085000
chr12	13085000	13086000
chr12	13086000	13087000
chr12	13087000	13088000
chr12	13088000	13089000
chr12	13089000	13090000
chr12	13090000	13091000
chr12	13091000	13092000
chr12	13092000	13093000
chr12	13093000	13094000
chr12	13094000	13095000
chr12	13095000	13096000
chr12	13096000	13097000
chr12	13097000	13098000
chr12	13098000	13099000
chr12	13099000	13100000
chr12	13100000	13101000
chr12	13101000	13102000
chr12	13102000	13103000
chr12	13103000	13104000
chr12	13104000	13105000
chr12	13105000	13106000
chr12	13106000	13107000
chr12	13107000	13108000
chr12	13108000	13109000
chr12	13114000	13115000
chr12	13115000	13116000
chr12	13116000	13117000
chr12	13117000	13118000
chr12	13118000	13119000
chr12	13119000	13120000
chr12	13120000	13121000
chr12	13121000	13122000
chr12	13122000	13123000
chr12	13123000	13124000
chr12	13124000	13125000
chr12	13125000	13126000
chr12	13126000	13127000
chr12	13127000	13128000
chr12	13128000	13129000
chr12	13129000	13130000
chr12	13130000	13131000
chr12	13131000	13132000
chr12	13132000	13133000
chr12	13133000	13134000
chr12	13134000	13135000
chr12	13135000	13136000
chr12	13136000	13137000
chr12	13137000	13138000
chr12	13138000	13139000
chr12	13139000	13140000
chr12	13142000	13143000
chr12	13143000	13144000
chr12	13144000	13145000
chr12	13145000	13146000
chr12	13146000	13147000
chr12	13147000	13148000
chr12	13148000	13149000
chr12	13149000	13150000
chr12	13150000	13151000
chr12	13151000	13152000
chr12	13152000	13153000
chr12	13153000	13154000
chr12	13154000	13155000
chr12	13155000	13156000
chr12	13156000	13157000
chr12	13157000	13158000
chr12	13158000	13159000
chr12	13159000	13160000
chr12	13160000	13161000
chr12	13161000	13162000
chr12	13162000	13163000
chr12	13163000	13164000
chr12	13164000	13165000
chr12	13165000	13166000
chr12	13166000	13167000
chr12	13167000	13168000
chr12	13168000	13169000
chr12	13169000	13170000
chr12	13170000	13171000
chr12	13171000	13172000
chr12	13172000	13173000
chr12	13173000	13174000
chr12	13174000	13175000
chr12	13175000	13176000
chr12	13176000	13177000
chr12	13177000	13178000
chr12	13178000	13179000
chr12	13179000	13180000
chr12	13180000	13181000
chr12	13181000	13182000
chr12	13182000	13183000
chr12	13183000	13184000
chr12	13184000	13185000
chr12	13185000	13186000
chr12	13186000	13187000
chr12	13187000	13188000
chr12	13189000	13190000
chr12	13190000	13191000
chr12	13191000	13192000
chr12	13192000	13193000
chr12	13193000	13194000
chr12	13194000	13195000
chr12	13195000	13196000
chr12	13196000	13197000
chr12	13197000	13198000
chr12	13198000	13199000
chr12	13199000	13200000
chr12	13200000	13201000
chr12	13201000	13202000
chr12	13202000	13203000
chr12	13205000	13206000
chr12	13208000	13209000
chr12	13209000	13210000
chr12	13210000	13211000
chr12	13211000	13212000
chr12	13212000	13213000
chr12	13214000	13215000
chr12	13216000	13217000
chr12	13217000	13218000
chr12	13219000	13220000
chr12	13221000	13222000
chr12	13222000	13223000
chr12	13223000	13224000
chr12	13224000	13225000
chr12	13225000	13226000
chr12	13227000	13228000
chr12	13228000	13229000
chr12	13230000	13231000
chr12	13231000	13232000
chr12	13232000	13233000
chr12	13233000	13234000
chr12	13234000	13235000
chr12	13235000	13236000
chr12	13237000	13238000
chr12	13238000	13239000
chr12	13239000	13240000
chr12	13240000	13241000
chr12	13241000	13242000
chr12	13242000	13243000
chr12	13243000	13244000
chr12	13244000	13245000
chr12	13245000	13246000
chr12	13246000	13247000
chr12	13247000	13248000
chr12	13248000	13249000
chr12	13249000	13250000
chr12	13250000	13251000
chr12	13251000	13252000
chr12	13252000	13253000
chr12	13253000	13254000
chr12	13254000	13255000
chr12	13255000	13256000
chr12	13256000	13257000
chr12	13257000	13258000
chr12	13258000	13259000
chr12	13259000	13260000
chr12	13260000	13261000
chr12	13261000	13262000
chr12	13262000	13263000
chr12	13263000	13264000
chr12	13264000	13265000
chr12	13265000	13266000
chr12	13266000	13267000
chr12	13268000	13269000
chr12	13269000	13270000
chr12	13270000	13271000
chr12	13271000	13272000
chr12	13272000	13273000
chr12	13273000	13274000
chr12	13274000	13275000
chr12	13275000	13276000
chr12	13276000	13277000
chr12	13277000	13278000
chr12	13278000	13279000
chr12	13279000	13280000
chr12	13280000	13281000
chr12	13281000	13282000
chr12	13282000	13283000
chr12	13283000	13284000
chr12	13284000	13285000
chr12	13285000	13286000
chr12	13286000	13287000
chr12	13287000	13288000
chr12	13288000	13289000
chr12	13289000	13290000
chr12	13290000	13291000
chr12	13291000	13292000
chr12	13292000	13293000
chr12	13293000	13294000
chr12	13294000	13295000
chr12	13295000	13296000
chr12	13296000	13297000
chr12	13297000	13298000
chr12	13298000	13299000
chr12	13299000	13300000
chr12	13300000	13301000
chr12	13301000	13302000
chr12	13302000	13303000
chr12	13303000	13304000
chr12	13304000	13305000
chr12	13305000	13306000
chr12	13306000	13307000
chr12	13307000	13308000
chr12	13308000	13309000
chr12	13309000	13310000
chr12	13310000	13311000
chr12	13311000	13312000
chr12	13312000	13313000
chr12	13313000	13314000
chr12	13314000	13315000
chr12	13315000	13316000
chr12	13316000	13317000
chr12	13317000	13318000
chr12	13318000	13319000
chr12	13319000	13320000
chr12	13321000	13322000
chr12	13322000	13323000
chr12	13323000	13324000
chr12	13324000	13325000
chr12	13325000	13326000
chr12	13326000	13327000
chr12	13327000	13328000
chr12	13328000	13329000
chr12	13329000	13330000
chr12	13330000	13331000
chr12	13331000	13332000
chr12	13332000	13333000
chr12	13333000	13334000
chr12	13334000	13335000
chr12	13335000	13336000
chr12	13337000	13338000
chr12	13338000	13339000
chr12	13339000	13340000
chr12	13340000	13341000
chr12	13341000	13342000
chr12	13342000	13343000
chr12	13343000	13344000
chr12	13344000	13345000
chr12	13345000	13346000
chr12	13347000	13348000
chr12	13348000	13349000
chr12	13349000	13350000
chr12	13350000	13351000
chr12	13351000	13352000
chr12	13352000	13353000
chr12	13353000	13354000
chr12	13354000	13355000
chr12	13355000	13356000
chr12	13356000	13357000
chr12	13357000	13358000
chr12	13358000	13359000
chr12	13359000	13360000
chr12	13360000	13361000
chr12	13361000	13362000
chr12	13362000	13363000
chr12	13363000	13364000
chr12	13364000	13365000
chr12	13365000	13366000
chr12	13366000	13367000
chr12	13367000	13368000
chr12	13368000	13369000
chr12	13369000	13370000
chr12	13370000	13371000
chr12	13371000	13372000
chr12	13372000	13373000
chr12	13373000	13374000
chr12	13374000	13375000
chr12	13375000	13376000
chr12	13376000	13377000
chr12	13377000	13378000
chr12	13378000	13379000
chr12	13379000	13380000
chr12	13380000	13381000
chr12	13381000	13382000
chr12	13382000	13383000
chr12	13383000	13384000
chr12	13384000	13385000
chr12	13385000	13386000
chr12	13386000	13387000
chr12	13387000	13388000
chr12	13388000	13389000
chr12	13389000	13390000
chr12	13390000	13391000
chr12	13391000	13392000
chr12	13392000	13393000
chr12	13393000	13394000
chr12	13394000	13395000
chr12	13395000	13396000
chr12	13396000	13397000
chr12	13397000	13398000
chr12	13398000	13399000
chr12	13399000	13400000
chr12	13400000	13401000
chr12	13401000	13402000
chr12	13402000	13403000
chr12	13403000	13404000
chr12	13404000	13405000
chr12	13405000	13406000
chr12	13406000	13407000
chr12	13407000	13408000
chr12	13408000	13409000
chr12	13409000	13410000
chr12	13410000	13411000
chr12	13411000	13412000
chr12	13412000	13413000
chr12	13413000	13414000
chr12	13414000	13415000
chr12	13415000	13416000
chr12	13416000	13417000
chr12	13417000	13418000
chr12	13418000	13419000
chr12	13419000	13420000
chr12	13420000	13421000
chr12	13421000	13422000
chr12	13422000	13423000
chr12	13423000	13424000
chr12	13424000	13425000
chr12	13425000	13426000
chr12	13426000	13427000
chr12	13427000	13428000
chr12	13428000	13429000
chr12	13429000	13430000
chr12	13430000	13431000
chr12	13431000	13432000
chr12	13432000	13433000
chr12	13433000	13434000
chr12	13434000	13435000
chr12	13435000	13436000
chr12	13436000	13437000
chr12	13437000	13438000
chr12	13438000	13439000
chr12	13439000	13440000
chr12	13440000	13441000
chr12	13441000	13442000
chr12	13442000	13443000
chr12	13443000	13444000
chr12	13444000	13445000
chr12	13445000	13446000
chr12	13446000	13447000
chr12	13447000	13448000
chr12	13448000	13449000
chr12	13449000	13450000
chr12	13450000	13451000
chr12	13451000	13452000
chr12	13452000	13453000
chr12	13453000	13454000
chr12	13454000	13455000
chr12	13455000	13456000
chr12	13456000	13457000
chr12	13457000	13458000
chr12	13458000	13459000
chr12	13459000	13460000
chr12	13460000	13461000
chr12	13461000	13462000
chr12	13462000	13463000
chr12	13463000	13464000
chr12	13464000	13465000
chr12	13465000	13466000
chr12	13466000	13467000
chr12	13467000	13468000
chr12	13468000	13469000
chr12	13469000	13470000
chr12	13470000	13471000
chr12	13471000	13472000
chr12	13472000	13473000
chr12	13473000	13474000
chr12	13474000	13475000
chr12	13475000	13476000
chr12	13476000	13477000
chr12	13477000	13478000
chr12	13478000	13479000
chr12	13479000	13480000
chr12	13480000	13481000
chr12	13481000	13482000
chr12	13482000	13483000
chr12	13483000	13484000
chr12	13484000	13485000
chr12	13485000	13486000
chr12	13486000	13487000
chr12	13487000	13488000
chr12	13488000	13489000
chr12	13489000	13490000
chr12	13490000	13491000
chr12	13491000	13492000
chr12	13492000	13493000
chr12	13493000	13494000
chr12	13494000	13495000
chr12	13495000	13496000
chr12	13496000	13497000
chr12	13497000	13498000
chr12	13498000	13499000
chr12	13499000	13500000
chr12	13500000	13501000
chr12	13501000	13502000
chr12	13502000	13503000
chr12	13503000	13504000
chr12	13504000	13505000
chr12	13505000	13506000
chr12	13506000	13507000
chr12	13507000	13508000
chr12	13508000	13509000
chr12	13509000	13510000
chr12	13510000	13511000
chr12	13511000	13512000
chr12	13512000	13513000
chr12	13513000	13514000
chr12	13514000	13515000
chr12	13515000	13516000
chr12	13516000	13517000
chr12	13517000	13518000
chr12	13518000	13519000
chr12	13519000	13520000
chr12	13520000	13521000
chr12	13521000	13522000
chr12	13522000	13523000
chr12	13523000	13524000
chr12	13524000	13525000
chr12	13525000	13526000
chr12	13526000	13527000
chr12	13527000	13528000
chr12	13528000	13529000
chr12	13529000	13530000
chr12	13530000	13531000
chr12	13531000	13532000
chr12	13532000	13533000
chr12	13533000	13534000
chr12	13534000	13535000
chr12	13535000	13536000
chr12	13536000	13537000
chr12	13537000	13538000
chr12	13538000	13539000
chr12	13539000	13540000
chr12	13540000	13541000
chr12	13541000	13542000
chr12	13542000	13543000
chr12	13543000	13544000
chr12	13544000	13545000
chr12	13545000	13546000
chr12	13546000	13547000
chr12	13547000	13548000
chr12	13548000	13549000
chr12	13550000	13551000
chr12	13551000	13552000
chr12	13552000	13553000
chr12	13553000	13554000
chr12	13554000	13555000
chr12	13555000	13556000
chr12	13556000	13557000
chr12	13557000	13558000
chr12	13558000	13559000
chr12	13559000	13560000
chr12	13560000	13561000
chr12	13561000	13562000
chr12	13562000	13563000
chr12	13563000	13564000
chr12	13564000	13565000
chr12	13565000	13566000
chr12	13566000	13567000
chr12	13567000	13568000
chr12	13568000	13569000
chr12	13569000	13570000
chr12	13570000	13571000
chr12	13571000	13572000
chr12	13572000	13573000
chr12	13573000	13574000
chr12	13574000	13575000
chr12	13575000	13576000
chr12	13576000	13577000
chr12	13577000	13578000
chr12	13578000	13579000
chr12	13579000	13580000
chr12	13580000	13581000
chr12	13581000	13582000
chr12	13582000	13583000
chr12	13583000	13584000
chr12	13584000	13585000
chr12	13585000	13586000
chr12	13586000	13587000
chr12	13587000	13588000
chr12	13588000	13589000
chr12	13589000	13590000
chr12	13590000	13591000
chr12	13591000	13592000
chr12	13592000	13593000
chr12	13593000	13594000
chr12	13594000	13595000
chr12	13595000	13596000
chr12	13596000	13597000
chr12	13597000	13598000
chr12	13598000	13599000
chr12	13599000	13600000
chr12	13600000	13601000
chr12	13601000	13602000
chr12	13602000	13603000
chr12	13603000	13604000
chr12	13604000	13605000
chr12	13605000	13606000
chr12	13606000	13607000
chr12	13607000	13608000
chr12	13608000	13609000
chr12	13609000	13610000
chr12	13610000	13611000
chr12	13611000	13612000
chr12	13612000	13613000
chr12	13613000	13614000
chr12	13614000	13615000
chr12	13615000	13616000
chr12	13616000	13617000
chr12	13617000	13618000
chr12	13618000	13619000
chr12	13619000	13620000
chr12	13620000	13621000
chr12	13621000	13622000
chr12	13622000	13623000
chr12	13623000	13624000
chr12	13624000	13625000
chr12	13625000	13626000
chr12	13626000	13627000
chr12	13627000	13628000
chr12	13628000	13629000
chr12	13629000	13630000
chr12	13630000	13631000
chr12	13631000	13632000
chr12	13632000	13633000
chr12	13634000	13635000
chr12	13635000	13636000
chr12	13636000	13637000
chr12	13637000	13638000
chr12	13638000	13639000
chr12	13639000	13640000
chr12	13640000	13641000
chr12	13641000	13642000
chr12	13642000	13643000
chr12	13643000	13644000
chr12	13644000	13645000
chr12	13645000	13646000
chr12	13646000	13647000
chr12	13647000	13648000
chr12	13648000	13649000
chr12	13649000	13650000
chr12	13650000	13651000
chr12	13651000	13652000
chr12	13652000	13653000
chr12	13653000	13654000
chr12	13654000	13655000
chr12	13655000	13656000
chr12	13656000	13657000
chr12	13657000	13658000
chr12	13658000	13659000
chr12	13659000	13660000
chr12	13660000	13661000
chr12	13661000	13662000
chr12	13662000	13663000
chr12	13663000	13664000
chr12	13664000	13665000
chr12	13665000	13666000
chr12	13666000	13667000
chr12	13667000	13668000
chr12	13668000	13669000
chr12	13669000	13670000
chr12	13670000	13671000
chr12	13671000	13672000
chr12	13672000	13673000
chr12	13673000	13674000
chr12	13674000	13675000
chr12	13675000	13676000
chr12	13676000	13677000
chr12	13677000	13678000
chr12	13678000	13679000
chr12	13679000	13680000
chr12	13680000	13681000
chr12	13681000	13682000
chr12	13682000	13683000
chr12	13683000	13684000
chr12	13684000	13685000
chr12	13685000	13686000
chr12	13686000	13687000
chr12	13687000	13688000
chr12	13688000	13689000
chr12	13689000	13690000
chr12	13690000	13691000
chr12	13691000	13692000
chr12	13692000	13693000
chr12	13693000	13694000
chr12	13694000	13695000
chr12	13695000	13696000
chr12	13696000	13697000
chr12	13697000	13698000
chr12	13698000	13699000
chr12	13699000	13700000
chr12	13700000	13701000
chr12	13701000	13702000
chr12	13702000	13703000
chr12	13703000	13704000
chr12	13704000	13705000
chr12	13705000	13706000
chr12	13706000	13707000
chr12	13707000	13708000
chr12	13708000	13709000
chr12	13709000	13710000
chr12	13710000	13711000
chr12	13711000	13712000
chr12	13712000	13713000
chr12	13713000	13714000
chr12	13714000	13715000
chr12	13715000	13716000
chr12	13716000	13717000
chr12	13717000	13718000
chr12	13718000	13719000
chr12	13719000	13720000
chr12	13720000	13721000
chr12	13721000	13722000
chr12	13722000	13723000
chr12	13723000	13724000
chr12	13724000	13725000
chr12	13725000	13726000
chr12	13726000	13727000
chr12	13727000	13728000
chr12	13728000	13729000
chr12	13729000	13730000
chr12	13730000	13731000
chr12	13731000	13732000
chr12	13732000	13733000
chr12	13733000	13734000
chr12	13734000	13735000
chr12	13735000	13736000
chr12	13736000	13737000
chr12	13737000	13738000
chr12	13738000	13739000
chr12	13739000	13740000
chr12	13740000	13741000
chr12	13741000	13742000
chr12	13742000	13743000
chr12	13743000	13744000
chr12	13744000	13745000
chr12	13745000	13746000
chr12	13746000	13747000
chr12	13747000	13748000
chr12	13748000	13749000
chr12	13749000	13750000
chr12	13750000	13751000
chr12	13751000	13752000
chr12	13752000	13753000
chr12	13754000	13755000
chr12	13755000	13756000
chr12	13756000	13757000
chr12	13757000	13758000
chr12	13758000	13759000
chr12	13759000	13760000
chr12	13760000	13761000
chr12	13761000	13762000
chr12	13762000	13763000
chr12	13763000	13764000
chr12	13764000	13765000
chr12	13765000	13766000
chr12	13766000	13767000
chr12	13767000	13768000
chr12	13768000	13769000
chr12	13769000	13770000
chr12	13770000	13771000
chr12	13771000	13772000
chr12	13772000	13773000
chr12	13773000	13774000
chr12	13774000	13775000
chr12	13775000	13776000
chr12	13776000	13777000
chr12	13777000	13778000
chr12	13778000	13779000
chr12	13779000	13780000
chr12	13780000	13781000
chr12	13781000	13782000
chr12	13782000	13783000
chr12	13783000	13784000
chr12	13784000	13785000
chr12	13785000	13786000
chr12	13786000	13787000
chr12	13787000	13788000
chr12	13788000	13789000
chr12	13789000	13790000
chr12	13790000	13791000
chr12	13791000	13792000
chr12	13792000	13793000
chr12	13793000	13794000
chr12	13794000	13795000
chr12	13795000	13796000
chr12	13796000	13797000
chr12	13797000	13798000
chr12	13798000	13799000
chr12	13799000	13800000
chr12	13800000	13801000
chr12	13801000	13802000
chr12	13802000	13803000
chr12	13803000	13804000
chr12	13804000	13805000
chr12	13805000	13806000
chr12	13806000	13807000
chr12	13807000	13808000
chr12	13808000	13809000
chr12	13809000	13810000
chr12	13810000	13811000
chr12	13811000	13812000
chr12	13812000	13813000
chr12	13813000	13814000
chr12	13814000	13815000
chr12	13815000	13816000
chr12	13816000	13817000
chr12	13817000	13818000
chr12	13818000	13819000
chr12	13819000	13820000
chr12	13820000	13821000
chr12	13821000	13822000
chr12	13822000	13823000
chr12	13823000	13824000
chr12	13824000	13825000
chr12	13825000	13826000
chr12	13826000	13827000
chr12	13827000	13828000
chr12	13828000	13829000
chr12	13829000	13830000
chr12	13830000	13831000
chr12	13831000	13832000
chr12	13832000	13833000
chr12	13833000	13834000
chr12	13834000	13835000
chr12	13835000	13836000
chr12	13837000	13838000
chr12	13838000	13839000
chr12	13839000	13840000
chr12	13840000	13841000
chr12	13842000	13843000
chr12	13843000	13844000
chr12	13844000	13845000
chr12	13845000	13846000
chr12	13846000	13847000
chr12	13847000	13848000
chr12	13848000	13849000
chr12	13849000	13850000
chr12	13850000	13851000
chr12	13851000	13852000
chr12	13852000	13853000
chr12	13853000	13854000
chr12	13854000	13855000
chr12	13855000	13856000
chr12	13856000	13857000
chr12	13857000	13858000
chr12	13858000	13859000
chr12	13859000	13860000
chr12	13860000	13861000
chr12	13861000	13862000
chr12	13862000	13863000
chr12	13863000	13864000
chr12	13864000	13865000
chr12	13865000	13866000
chr12	13866000	13867000
chr12	13867000	13868000
chr12	13868000	13869000
chr12	13869000	13870000
chr12	13870000	13871000
chr12	13871000	13872000
chr12	13872000	13873000
chr12	13873000	13874000
chr12	13874000	13875000
chr12	13875000	13876000
chr12	13876000	13877000
chr12	13877000	13878000
chr12	13878000	13879000
chr12	13879000	13880000
chr12	13880000	13881000
chr12	13881000	13882000
chr12	13882000	13883000
chr12	13883000	13884000
chr12	13884000	13885000
chr12	13885000	13886000
chr12	13886000	13887000
chr12	13887000	13888000
chr12	13888000	13889000
chr12	13889000	13890000
chr12	13890000	13891000
chr12	13891000	13892000
chr12	13892000	13893000
chr12	13893000	13894000
chr12	13894000	13895000
chr12	13895000	13896000
chr12	13896000	13897000
chr12	13897000	13898000
chr12	13898000	13899000
chr12	13899000	13900000
chr12	13900000	13901000
chr12	13901000	13902000
chr12	13902000	13903000
chr12	13903000	13904000
chr12	13904000	13905000
chr12	13905000	13906000
chr12	13906000	13907000
chr12	13907000	13908000
chr12	13908000	13909000
chr12	13909000	13910000
chr12	13910000	13911000
chr12	13911000	13912000
chr12	13912000	13913000
chr12	13913000	13914000
chr12	13914000	13915000
chr12	13915000	13916000
chr12	13916000	13917000
chr12	13917000	13918000
chr12	13918000	13919000
chr12	13919000	13920000
chr12	13920000	13921000
chr12	13921000	13922000
chr12	13922000	13923000
chr12	13923000	13924000
chr12	13924000	13925000
chr12	13925000	13926000
chr12	13926000	13927000
chr12	13927000	13928000
chr12	13928000	13929000
chr12	13929000	13930000
chr12	13930000	13931000
chr12	13931000	13932000
chr12	13932000	13933000
chr12	13933000	13934000
chr12	13934000	13935000
chr12	13935000	13936000
chr12	13936000	13937000
chr12	13937000	13938000
chr12	13938000	13939000
chr12	13939000	13940000
chr12	13940000	13941000
chr12	13941000	13942000
chr12	13942000	13943000
chr12	13943000	13944000
chr12	13944000	13945000
chr12	13945000	13946000
chr12	13946000	13947000
chr12	13947000	13948000
chr12	13948000	13949000
chr12	13949000	13950000
chr12	13950000	13951000
chr12	13951000	13952000
chr12	13952000	13953000
chr12	13953000	13954000
chr12	13954000	13955000
chr12	13955000	13956000
chr12	13956000	13957000
chr12	13957000	13958000
chr12	13958000	13959000
chr12	13959000	13960000
chr12	13960000	13961000
chr12	13961000	13962000
chr12	13962000	13963000
chr12	13963000	13964000
chr12	13964000	13965000
chr12	13965000	13966000
chr12	13966000	13967000
chr12	13967000	13968000
chr12	13968000	13969000
chr12	13969000	13970000
chr12	13970000	13971000
chr12	13971000	13972000
chr12	13972000	13973000
chr12	13973000	13974000
chr12	13974000	13975000
chr12	13975000	13976000
chr12	13976000	13977000
chr12	13977000	13978000
chr12	13978000	13979000
chr12	13979000	13980000
chr12	13980000	13981000
chr12	13981000	13982000
chr12	13982000	13983000
chr12	13983000	13984000
chr12	13984000	13985000
chr12	13985000	13986000
chr12	13986000	13987000
chr12	13987000	13988000
chr12	13988000	13989000
chr12	13989000	13990000
chr12	13990000	13991000
chr12	13991000	13992000
chr12	13992000	13993000
chr12	13993000	13994000
chr12	13994000	13995000
chr12	13995000	13996000
chr12	13996000	13997000
chr12	13997000	13998000
chr12	13998000	13999000
chr12	13999000	14000000
chr12	14000000	14001000
chr12	14001000	14002000
chr12	14002000	14003000
chr12	14003000	14004000
chr12	14004000	14005000
chr12	14005000	14006000
chr12	14006000	14007000
chr12	14007000	14008000
chr12	14008000	14009000
chr12	14009000	14010000
chr12	14010000	14011000
chr12	14011000	14012000
chr12	14012000	14013000
chr12	14013000	14014000
chr12	14014000	14015000
chr12	14016000	14017000
chr12	14017000	14018000
chr12	14018000	14019000
chr12	14019000	14020000
chr12	14020000	14021000
chr12	14021000	14022000
chr12	14022000	14023000
chr12	14023000	14024000
chr12	14024000	14025000
chr12	14025000	14026000
chr12	14026000	14027000
chr12	14027000	14028000
chr12	14028000	14029000
chr12	14029000	14030000
chr12	14030000	14031000
chr12	14031000	14032000
chr12	14032000	14033000
chr12	14033000	14034000
chr12	14034000	14035000
chr12	14035000	14036000
chr12	14036000	14037000
chr12	14037000	14038000
chr12	14038000	14039000
chr12	14039000	14040000
chr12	14040000	14041000
chr12	14041000	14042000
chr12	14042000	14043000
chr12	14043000	14044000
chr12	14044000	14045000
chr12	14045000	14046000
chr12	14046000	14047000
chr12	14047000	14048000
chr12	14048000	14049000
chr12	14049000	14050000
chr12	14050000	14051000
chr12	14051000	14052000
chr12	14052000	14053000
chr12	14053000	14054000
chr12	14054000	14055000
chr12	14055000	14056000
chr12	14056000	14057000
chr12	14057000	14058000
chr12	14059000	14060000
chr12	14060000	14061000
chr12	14061000	14062000
chr12	14062000	14063000
chr12	14063000	14064000
chr12	14064000	14065000
chr12	14065000	14066000
chr12	14066000	14067000
chr12	14067000	14068000
chr12	14068000	14069000
chr12	14069000	14070000
chr12	14070000	14071000
chr12	14071000	14072000
chr12	14072000	14073000
chr12	14073000	14074000
chr12	14074000	14075000
chr12	14075000	14076000
chr12	14076000	14077000
chr12	14077000	14078000
chr12	14078000	14079000
chr12	14079000	14080000
chr12	14080000	14081000
chr12	14081000	14082000
chr12	14082000	14083000
chr12	14083000	14084000
chr12	14084000	14085000
chr12	14085000	14086000
chr12	14086000	14087000
chr12	14087000	14088000
chr12	14088000	14089000
chr12	14089000	14090000
chr12	14090000	14091000
chr12	14091000	14092000
chr12	14092000	14093000
chr12	14093000	14094000
chr12	14094000	14095000
chr12	14095000	14096000
chr12	14096000	14097000
chr12	14097000	14098000
chr12	14098000	14099000
chr12	14099000	14100000
chr12	14100000	14101000
chr12	14101000	14102000
chr12	14102000	14103000
chr12	14103000	14104000
chr12	14104000	14105000
chr12	14105000	14106000
chr12	14106000	14107000
chr12	14107000	14108000
chr12	14108000	14109000
chr12	14109000	14110000
chr12	14110000	14111000
chr12	14111000	14112000
chr12	14112000	14113000
chr12	14113000	14114000
chr12	14114000	14115000
chr12	14115000	14116000
chr12	14116000	14117000
chr12	14117000	14118000
chr12	14118000	14119000
chr12	14119000	14120000
chr12	14120000	14121000
chr12	14121000	14122000
chr12	14122000	14123000
chr12	14123000	14124000
chr12	14124000	14125000
chr12	14125000	14126000
chr12	14126000	14127000
chr12	14127000	14128000
chr12	14128000	14129000
chr12	14129000	14130000
chr12	14130000	14131000
chr12	14131000	14132000
chr12	14132000	14133000
chr12	14133000	14134000
chr12	14134000	14135000
chr12	14135000	14136000
chr12	14136000	14137000
chr12	14137000	14138000
chr12	14138000	14139000
chr12	14139000	14140000
chr12	14140000	14141000
chr12	14141000	14142000
chr12	14142000	14143000
chr12	14143000	14144000
chr12	14144000	14145000
chr12	14145000	14146000
chr12	14146000	14147000
chr12	14147000	14148000
chr12	14148000	14149000
chr12	14149000	14150000
chr12	14150000	14151000
chr12	14152000	14153000
chr12	14154000	14155000
chr12	14155000	14156000
chr12	14156000	14157000
chr12	14157000	14158000
chr12	14158000	14159000
chr12	14159000	14160000
chr12	14160000	14161000
chr12	14161000	14162000
chr12	14162000	14163000
chr12	14163000	14164000
chr12	14164000	14165000
chr12	14165000	14166000
chr12	14166000	14167000
chr12	14167000	14168000
chr12	14168000	14169000
chr12	14169000	14170000
chr12	14171000	14172000
chr12	14172000	14173000
chr12	14173000	14174000
chr12	14174000	14175000
chr12	14175000	14176000
chr12	14176000	14177000
chr12	14177000	14178000
chr12	14178000	14179000
chr12	14179000	14180000
chr12	14181000	14182000
chr12	14182000	14183000
chr12	14183000	14184000
chr12	14184000	14185000
chr12	14185000	14186000
chr12	14186000	14187000
chr12	14187000	14188000
chr12	14189000	14190000
chr12	14190000	14191000
chr12	14191000	14192000
chr12	14192000	14193000
chr12	14193000	14194000
chr12	14194000	14195000
chr12	14195000	14196000
chr12	14196000	14197000
chr12	14197000	14198000
chr12	14198000	14199000
chr12	14199000	14200000
chr12	14200000	14201000
chr12	14201000	14202000
chr12	14202000	14203000
chr12	14203000	14204000
chr12	14204000	14205000
chr12	14205000	14206000
chr12	14206000	14207000
chr12	14207000	14208000
chr12	14208000	14209000
chr12	14209000	14210000
chr12	14210000	14211000
chr12	14211000	14212000
chr12	14212000	14213000
chr12	14213000	14214000
chr12	14214000	14215000
chr12	14215000	14216000
chr12	14216000	14217000
chr12	14217000	14218000
chr12	14218000	14219000
chr12	14219000	14220000
chr12	14220000	14221000
chr12	14221000	14222000
chr12	14222000	14223000
chr12	14223000	14224000
chr12	14225000	14226000
chr12	14226000	14227000
chr12	14227000	14228000
chr12	14228000	14229000
chr12	14229000	14230000
chr12	14230000	14231000
chr12	14231000	14232000
chr12	14232000	14233000
chr12	14233000	14234000
chr12	14234000	14235000
chr12	14235000	14236000
chr12	14236000	14237000
chr12	14237000	14238000
chr12	14238000	14239000
chr12	14239000	14240000
chr12	14240000	14241000
chr12	14241000	14242000
chr12	14242000	14243000
chr12	14243000	14244000
chr12	14244000	14245000
chr12	14245000	14246000
chr12	14246000	14247000
chr12	14247000	14248000
chr12	14248000	14249000
chr12	14249000	14250000
chr12	14250000	14251000
chr12	14251000	14252000
chr12	14252000	14253000
chr12	14253000	14254000
chr12	14255000	14256000
chr12	14256000	14257000
chr12	14257000	14258000
chr12	14258000	14259000
chr12	14259000	14260000
chr12	14260000	14261000
chr12	14261000	14262000
chr12	14262000	14263000
chr12	14263000	14264000
chr12	14264000	14265000
chr12	14265000	14266000
chr12	14266000	14267000
chr12	14267000	14268000
chr12	14268000	14269000
chr12	14269000	14270000
chr12	14270000	14271000
chr12	14271000	14272000
chr12	14272000	14273000
chr12	14273000	14274000
chr12	14274000	14275000
chr12	14275000	14276000
chr12	14276000	14277000
chr12	14277000	14278000
chr12	14278000	14279000
chr12	14279000	14280000
chr12	14280000	14281000
chr12	14281000	14282000
chr12	14282000	14283000
chr12	14285000	14286000
chr12	14286000	14287000
chr12	14287000	14288000
chr12	14288000	14289000
chr12	14289000	14290000
chr12	14290000	14291000
chr12	14291000	14292000
chr12	14292000	14293000
chr12	14293000	14294000
chr12	14294000	14295000
chr12	14295000	14296000
chr12	14296000	14297000
chr12	14297000	14298000
chr12	14298000	14299000
chr12	14299000	14300000
chr12	14300000	14301000
chr12	14301000	14302000
chr12	14302000	14303000
chr12	14303000	14304000
chr12	14304000	14305000
chr12	14305000	14306000
chr12	14306000	14307000
chr12	14307000	14308000
chr12	14308000	14309000
chr12	14309000	14310000
chr12	14310000	14311000
chr12	14311000	14312000
chr12	14312000	14313000
chr12	14313000	14314000
chr12	14314000	14315000
chr12	14315000	14316000
chr12	14316000	14317000
chr12	14317000	14318000
chr12	14318000	14319000
chr12	14319000	14320000
chr12	14320000	14321000
chr12	14321000	14322000
chr12	14322000	14323000
chr12	14323000	14324000
chr12	14324000	14325000
chr12	14325000	14326000
chr12	14326000	14327000
chr12	14327000	14328000
chr12	14328000	14329000
chr12	14329000	14330000
chr12	14330000	14331000
chr12	14331000	14332000
chr12	14332000	14333000
chr12	14333000	14334000
chr12	14334000	14335000
chr12	14335000	14336000
chr12	14336000	14337000
chr12	14337000	14338000
chr12	14338000	14339000
chr12	14339000	14340000
chr12	14340000	14341000
chr12	14341000	14342000
chr12	14342000	14343000
chr12	14343000	14344000
chr12	14344000	14345000
chr12	14345000	14346000
chr12	14346000	14347000
chr12	14347000	14348000
chr12	14348000	14349000
chr12	14349000	14350000
chr12	14351000	14352000
chr12	14352000	14353000
chr12	14353000	14354000
chr12	14354000	14355000
chr12	14355000	14356000
chr12	14356000	14357000
chr12	14357000	14358000
chr12	14358000	14359000
chr12	14359000	14360000
chr12	14360000	14361000
chr12	14361000	14362000
chr12	14362000	14363000
chr12	14363000	14364000
chr12	14364000	14365000
chr12	14365000	14366000
chr12	14366000	14367000
chr12	14367000	14368000
chr12	14368000	14369000
chr12	14369000	14370000
chr12	14370000	14371000
chr12	14371000	14372000
chr12	14372000	14373000
chr12	14373000	14374000
chr12	14374000	14375000
chr12	14375000	14376000
chr12	14376000	14377000
chr12	14377000	14378000
chr12	14378000	14379000
chr12	14379000	14380000
chr12	14380000	14381000
chr12	14381000	14382000
chr12	14382000	14383000
chr12	14383000	14384000
chr12	14384000	14385000
chr12	14385000	14386000
chr12	14386000	14387000
chr12	14387000	14388000
chr12	14388000	14389000
chr12	14389000	14390000
chr12	14390000	14391000
chr12	14391000	14392000
chr12	14392000	14393000
chr12	14393000	14394000
chr12	14394000	14395000
chr12	14395000	14396000
chr12	14397000	14398000
chr12	14398000	14399000
chr12	14399000	14400000
chr12	14400000	14401000
chr12	14401000	14402000
chr12	14402000	14403000
chr12	14403000	14404000
chr12	14404000	14405000
chr12	14405000	14406000
chr12	14406000	14407000
chr12	14407000	14408000
chr12	14408000	14409000
chr12	14409000	14410000
chr12	14410000	14411000
chr12	14411000	14412000
chr12	14412000	14413000
chr12	14413000	14414000
chr12	14414000	14415000
chr12	14415000	14416000
chr12	14416000	14417000
chr12	14417000	14418000
chr12	14418000	14419000
chr12	14419000	14420000
chr12	14420000	14421000
chr12	14421000	14422000
chr12	14422000	14423000
chr12	14423000	14424000
chr12	14424000	14425000
chr12	14425000	14426000
chr12	14426000	14427000
chr12	14427000	14428000
chr12	14428000	14429000
chr12	14429000	14430000
chr12	14430000	14431000
chr12	14431000	14432000
chr12	14432000	14433000
chr12	14433000	14434000
chr12	14434000	14435000
chr12	14435000	14436000
chr12	14436000	14437000
chr12	14437000	14438000
chr12	14438000	14439000
chr12	14439000	14440000
chr12	14440000	14441000
chr12	14441000	14442000
chr12	14442000	14443000
chr12	14443000	14444000
chr12	14444000	14445000
chr12	14445000	14446000
chr12	14446000	14447000
chr12	14447000	14448000
chr12	14448000	14449000
chr12	14449000	14450000
chr12	14450000	14451000
chr12	14451000	14452000
chr12	14452000	14453000
chr12	14453000	14454000
chr12	14454000	14455000
chr12	14455000	14456000
chr12	14456000	14457000
chr12	14457000	14458000
chr12	14458000	14459000
chr12	14459000	14460000
chr12	14460000	14461000
chr12	14461000	14462000
chr12	14462000	14463000
chr12	14463000	14464000
chr12	14464000	14465000
chr12	14465000	14466000
chr12	14466000	14467000
chr12	14467000	14468000
chr12	14468000	14469000
chr12	14469000	14470000
chr12	14470000	14471000
chr12	14471000	14472000
chr12	14472000	14473000
chr12	14473000	14474000
chr12	14474000	14475000
chr12	14475000	14476000
chr12	14476000	14477000
chr12	14477000	14478000
chr12	14478000	14479000
chr12	14479000	14480000
chr12	14480000	14481000
chr12	14481000	14482000
chr12	14482000	14483000
chr12	14483000	14484000
chr12	14484000	14485000
chr12	14485000	14486000
chr12	14486000	14487000
chr12	14488000	14489000
chr12	14489000	14490000
chr12	14490000	14491000
chr12	14491000	14492000
chr12	14492000	14493000
chr12	14493000	14494000
chr12	14494000	14495000
chr12	14495000	14496000
chr12	14496000	14497000
chr12	14497000	14498000
chr12	14498000	14499000
chr12	14500000	14501000
chr12	14501000	14502000
chr12	14502000	14503000
chr12	14504000	14505000
chr12	14505000	14506000
chr12	14506000	14507000
chr12	14507000	14508000
chr12	14508000	14509000
chr12	14509000	14510000
chr12	14510000	14511000
chr12	14511000	14512000
chr12	14512000	14513000
chr12	14513000	14514000
chr12	14514000	14515000
chr12	14515000	14516000
chr12	14516000	14517000
chr12	14517000	14518000
chr12	14518000	14519000
chr12	14519000	14520000
chr12	14520000	14521000
chr12	14521000	14522000
chr12	14522000	14523000
chr12	14523000	14524000
chr12	14524000	14525000
chr12	14525000	14526000
chr12	14526000	14527000
chr12	14527000	14528000
chr12	14528000	14529000
chr12	14529000	14530000
chr12	14530000	14531000
chr12	14531000	14532000
chr12	14532000	14533000
chr12	14533000	14534000
chr12	14534000	14535000
chr12	14535000	14536000
chr12	14536000	14537000
chr12	14537000	14538000
chr12	14538000	14539000
chr12	14540000	14541000
chr12	14541000	14542000
chr12	14542000	14543000
chr12	14543000	14544000
chr12	14544000	14545000
chr12	14545000	14546000
chr12	14546000	14547000
chr12	14547000	14548000
chr12	14548000	14549000
chr12	14549000	14550000
chr12	14550000	14551000
chr12	14551000	14552000
chr12	14552000	14553000
chr12	14553000	14554000
chr12	14554000	14555000
chr12	14555000	14556000
chr12	14556000	14557000
chr12	14557000	14558000
chr12	14558000	14559000
chr12	14559000	14560000
chr12	14560000	14561000
chr12	14561000	14562000
chr12	14562000	14563000
chr12	14563000	14564000
chr12	14564000	14565000
chr12	14565000	14566000
chr12	14566000	14567000
chr12	14567000	14568000
chr12	14568000	14569000
chr12	14569000	14570000
chr12	14570000	14571000
chr12	14571000	14572000
chr12	14572000	14573000
chr12	14573000	14574000
chr12	14574000	14575000
chr12	14575000	14576000
chr12	14576000	14577000
chr12	14577000	14578000
chr12	14578000	14579000
chr12	14579000	14580000
chr12	14580000	14581000
chr12	14581000	14582000
chr12	14582000	14583000
chr12	14583000	14584000
chr12	14584000	14585000
chr12	14585000	14586000
chr12	14586000	14587000
chr12	14587000	14588000
chr12	14588000	14589000
chr12	14589000	14590000
chr12	14590000	14591000
chr12	14591000	14592000
chr12	14592000	14593000
chr12	14593000	14594000
chr12	14594000	14595000
chr12	14595000	14596000
chr12	14596000	14597000
chr12	14597000	14598000
chr12	14598000	14599000
chr12	14599000	14600000
chr12	14600000	14601000
chr12	14601000	14602000
chr12	14602000	14603000
chr12	14603000	14604000
chr12	14604000	14605000
chr12	14605000	14606000
chr12	14606000	14607000
chr12	14607000	14608000
chr12	14608000	14609000
chr12	14609000	14610000
chr12	14610000	14611000
chr12	14612000	14613000
chr12	14613000	14614000
chr12	14614000	14615000
chr12	14615000	14616000
chr12	14616000	14617000
chr12	14617000	14618000
chr12	14618000	14619000
chr12	14619000	14620000
chr12	14620000	14621000
chr12	14622000	14623000
chr12	14623000	14624000
chr12	14624000	14625000
chr12	14625000	14626000
chr12	14626000	14627000
chr12	14627000	14628000
chr12	14628000	14629000
chr12	14629000	14630000
chr12	14630000	14631000
chr12	14631000	14632000
chr12	14632000	14633000
chr12	14633000	14634000
chr12	14634000	14635000
chr12	14635000	14636000
chr12	14636000	14637000
chr12	14638000	14639000
chr12	14639000	14640000
chr12	14640000	14641000
chr12	14641000	14642000
chr12	14642000	14643000
chr12	14643000	14644000
chr12	14644000	14645000
chr12	14645000	14646000
chr12	14646000	14647000
chr12	14647000	14648000
chr12	14648000	14649000
chr12	14649000	14650000
chr12	14650000	14651000
chr12	14651000	14652000
chr12	14652000	14653000
chr12	14653000	14654000
chr12	14654000	14655000
chr12	14655000	14656000
chr12	14656000	14657000
chr12	14657000	14658000
chr12	14658000	14659000
chr12	14659000	14660000
chr12	14660000	14661000
chr12	14661000	14662000
chr12	14662000	14663000
chr12	14663000	14664000
chr12	14664000	14665000
chr12	14665000	14666000
chr12	14666000	14667000
chr12	14667000	14668000
chr12	14668000	14669000
chr12	14669000	14670000
chr12	14670000	14671000
chr12	14671000	14672000
chr12	14672000	14673000
chr12	14673000	14674000
chr12	14674000	14675000
chr12	14675000	14676000
chr12	14676000	14677000
chr12	14677000	14678000
chr12	14678000	14679000
chr12	14679000	14680000
chr12	14680000	14681000
chr12	14681000	14682000
chr12	14682000	14683000
chr12	14683000	14684000
chr12	14684000	14685000
chr12	14685000	14686000
chr12	14686000	14687000
chr12	14687000	14688000
chr12	14688000	14689000
chr12	14689000	14690000
chr12	14690000	14691000
chr12	14691000	14692000
chr12	14692000	14693000
chr12	14693000	14694000
chr12	14694000	14695000
chr12	14695000	14696000
chr12	14696000	14697000
chr12	14697000	14698000
chr12	14698000	14699000
chr12	14699000	14700000
chr12	14700000	14701000
chr12	14701000	14702000
chr12	14702000	14703000
chr12	14703000	14704000
chr12	14704000	14705000
chr12	14705000	14706000
chr12	14706000	14707000
chr12	14707000	14708000
chr12	14708000	14709000
chr12	14709000	14710000
chr12	14710000	14711000
chr12	14711000	14712000
chr12	14712000	14713000
chr12	14713000	14714000
chr12	14714000	14715000
chr12	14715000	14716000
chr12	14716000	14717000
chr12	14717000	14718000
chr12	14718000	14719000
chr12	14719000	14720000
chr12	14720000	14721000
chr12	14721000	14722000
chr12	14722000	14723000
chr12	14723000	14724000
chr12	14724000	14725000
chr12	14725000	14726000
chr12	14726000	14727000
chr12	14727000	14728000
chr12	14728000	14729000
chr12	14729000	14730000
chr12	14730000	14731000
chr12	14731000	14732000
chr12	14732000	14733000
chr12	14733000	14734000
chr12	14734000	14735000
chr12	14735000	14736000
chr12	14736000	14737000
chr12	14737000	14738000
chr12	14738000	14739000
chr12	14740000	14741000
chr12	14741000	14742000
chr12	14742000	14743000
chr12	14743000	14744000
chr12	14744000	14745000
chr12	14745000	14746000
chr12	14746000	14747000
chr12	14747000	14748000
chr12	14748000	14749000
chr12	14749000	14750000
chr12	14750000	14751000
chr12	14751000	14752000
chr12	14752000	14753000
chr12	14753000	14754000
chr12	14754000	14755000
chr12	14755000	14756000
chr12	14756000	14757000
chr12	14757000	14758000
chr12	14758000	14759000
chr12	14759000	14760000
chr12	14760000	14761000
chr12	14761000	14762000
chr12	14762000	14763000
chr12	14763000	14764000
chr12	14764000	14765000
chr12	14765000	14766000
chr12	14766000	14767000
chr12	14767000	14768000
chr12	14768000	14769000
chr12	14769000	14770000
chr12	14770000	14771000
chr12	14771000	14772000
chr12	14772000	14773000
chr12	14773000	14774000
chr12	14774000	14775000
chr12	14775000	14776000
chr12	14776000	14777000
chr12	14777000	14778000
chr12	14778000	14779000
chr12	14779000	14780000
chr12	14780000	14781000
chr12	14781000	14782000
chr12	14782000	14783000
chr12	14783000	14784000
chr12	14784000	14785000
chr12	14785000	14786000
chr12	14786000	14787000
chr12	14787000	14788000
chr12	14788000	14789000
chr12	14789000	14790000
chr12	14790000	14791000
chr12	14791000	14792000
chr12	14792000	14793000
chr12	14793000	14794000
chr12	14794000	14795000
chr12	14795000	14796000
chr12	14796000	14797000
chr12	14797000	14798000
chr12	14798000	14799000
chr12	14799000	14800000
chr12	14800000	14801000
chr12	14801000	14802000
chr12	14802000	14803000
chr12	14803000	14804000
chr12	14804000	14805000
chr12	14805000	14806000
chr12	14806000	14807000
chr12	14807000	14808000
chr12	14808000	14809000
chr12	14809000	14810000
chr12	14810000	14811000
chr12	14811000	14812000
chr12	14812000	14813000
chr12	14813000	14814000
chr12	14814000	14815000
chr12	14815000	14816000
chr12	14816000	14817000
chr12	14817000	14818000
chr12	14818000	14819000
chr12	14819000	14820000
chr12	14820000	14821000
chr12	14821000	14822000
chr12	14822000	14823000
chr12	14823000	14824000
chr12	14824000	14825000
chr12	14825000	14826000
chr12	14826000	14827000
chr12	14827000	14828000
chr12	14828000	14829000
chr12	14829000	14830000
chr12	14830000	14831000
chr12	14832000	14833000
chr12	14833000	14834000
chr12	14834000	14835000
chr12	14835000	14836000
chr12	14836000	14837000
chr12	14837000	14838000
chr12	14838000	14839000
chr12	14839000	14840000
chr12	14840000	14841000
chr12	14841000	14842000
chr12	14842000	14843000
chr12	14843000	14844000
chr12	14844000	14845000
chr12	14845000	14846000
chr12	14847000	14848000
chr12	14848000	14849000
chr12	14849000	14850000
chr12	14850000	14851000
chr12	14851000	14852000
chr12	14852000	14853000
chr12	14853000	14854000
chr12	14854000	14855000
chr12	14855000	14856000
chr12	14856000	14857000
chr12	14857000	14858000
chr12	14858000	14859000
chr12	14859000	14860000
chr12	14860000	14861000
chr12	14861000	14862000
chr12	14862000	14863000
chr12	14863000	14864000
chr12	14864000	14865000
chr12	14865000	14866000
chr12	14866000	14867000
chr12	14867000	14868000
chr12	14868000	14869000
chr12	14869000	14870000
chr12	14870000	14871000
chr12	14871000	14872000
chr12	14872000	14873000
chr12	14873000	14874000
chr12	14874000	14875000
chr12	14875000	14876000
chr12	14876000	14877000
chr12	14877000	14878000
chr12	14878000	14879000
chr12	14879000	14880000
chr12	14880000	14881000
chr12	14881000	14882000
chr12	14882000	14883000
chr12	14883000	14884000
chr12	14884000	14885000
chr12	14885000	14886000
chr12	14886000	14887000
chr12	14887000	14888000
chr12	14888000	14889000
chr12	14889000	14890000
chr12	14890000	14891000
chr12	14891000	14892000
chr12	14892000	14893000
chr12	14893000	14894000
chr12	14894000	14895000
chr12	14895000	14896000
chr12	14896000	14897000
chr12	14897000	14898000
chr12	14898000	14899000
chr12	14899000	14900000
chr12	14901000	14902000
chr12	14902000	14903000
chr12	14903000	14904000
chr12	14904000	14905000
chr12	14905000	14906000
chr12	14906000	14907000
chr12	14907000	14908000
chr12	14908000	14909000
chr12	14909000	14910000
chr12	14910000	14911000
chr12	14911000	14912000
chr12	14912000	14913000
chr12	14913000	14914000
chr12	14914000	14915000
chr12	14915000	14916000
chr12	14916000	14917000
chr12	14917000	14918000
chr12	14918000	14919000
chr12	14919000	14920000
chr12	14920000	14921000
chr12	14921000	14922000
chr12	14922000	14923000
chr12	14923000	14924000
chr12	14924000	14925000
chr12	14925000	14926000
chr12	14926000	14927000
chr12	14927000	14928000
chr12	14928000	14929000
chr12	14929000	14930000
chr12	14930000	14931000
chr12	14931000	14932000
chr12	14932000	14933000
chr12	14933000	14934000
chr12	14934000	14935000
chr12	14935000	14936000
chr12	14936000	14937000
chr12	14937000	14938000
chr12	14938000	14939000
chr12	14939000	14940000
chr12	14940000	14941000
chr12	14941000	14942000
chr12	14942000	14943000
chr12	14943000	14944000
chr12	14944000	14945000
chr12	14945000	14946000
chr12	14946000	14947000
chr12	14947000	14948000
chr12	14948000	14949000
chr12	14949000	14950000
chr12	14950000	14951000
chr12	14951000	14952000
chr12	14952000	14953000
chr12	14953000	14954000
chr12	14954000	14955000
chr12	14955000	14956000
chr12	14956000	14957000
chr12	14957000	14958000
chr12	14958000	14959000
chr12	14959000	14960000
chr12	14960000	14961000
chr12	14961000	14962000
chr12	14962000	14963000
chr12	14963000	14964000
chr12	14964000	14965000
chr12	14965000	14966000
chr12	14966000	14967000
chr12	14967000	14968000
chr12	14968000	14969000
chr12	14969000	14970000
chr12	14970000	14971000
chr12	14971000	14972000
chr12	14972000	14973000
chr12	14973000	14974000
chr12	14974000	14975000
chr12	14975000	14976000
chr12	14976000	14977000
chr12	14977000	14978000
chr12	14978000	14979000
chr12	14979000	14980000
chr12	14980000	14981000
chr12	14981000	14982000
chr12	14983000	14984000
chr12	14984000	14985000
chr12	14985000	14986000
chr12	14986000	14987000
chr12	14987000	14988000
chr12	14988000	14989000
chr12	14989000	14990000
chr12	14990000	14991000
chr12	14991000	14992000
chr12	14992000	14993000
chr12	14993000	14994000
chr12	14994000	14995000
chr12	14995000	14996000
chr12	14996000	14997000
chr12	14997000	14998000
chr12	14998000	14999000
chr12	14999000	15000000
chr12	15000000	15001000
chr12	15001000	15002000
chr12	15002000	15003000
chr12	15003000	15004000
chr12	15004000	15005000
chr12	15005000	15006000
chr12	15006000	15007000
chr12	15007000	15008000
chr12	15008000	15009000
chr12	15009000	15010000
chr12	15010000	15011000
chr12	15011000	15012000
chr12	15012000	15013000
chr12	15013000	15014000
chr12	15014000	15015000
chr12	15015000	15016000
chr12	15016000	15017000
chr12	15017000	15018000
chr12	15018000	15019000
chr12	15019000	15020000
chr12	15020000	15021000
chr12	15021000	15022000
chr12	15022000	15023000
chr12	15023000	15024000
chr12	15024000	15025000
chr12	15025000	15026000
chr12	15026000	15027000
chr12	15027000	15028000
chr12	15029000	15030000
chr12	15030000	15031000
chr12	15031000	15032000
chr12	15032000	15033000
chr12	15033000	15034000
chr12	15034000	15035000
chr12	15035000	15036000
chr12	15036000	15037000
chr12	15037000	15038000
chr12	15038000	15039000
chr12	15039000	15040000
chr12	15040000	15041000
chr12	15041000	15042000
chr12	15043000	15044000
chr12	15044000	15045000
chr12	15045000	15046000
chr12	15046000	15047000
chr12	15047000	15048000
chr12	15048000	15049000
chr12	15049000	15050000
chr12	15050000	15051000
chr12	15051000	15052000
chr12	15052000	15053000
chr12	15053000	15054000
chr12	15054000	15055000
chr12	15060000	15061000
chr12	15062000	15063000
chr12	15065000	15066000
chr12	15071000	15072000
chr12	15074000	15075000
chr12	15083000	15084000
chr12	15084000	15085000
chr12	15085000	15086000
chr12	15086000	15087000
chr12	15087000	15088000
chr12	15088000	15089000
chr12	15089000	15090000
chr12	15090000	15091000
chr12	15091000	15092000
chr12	15092000	15093000
chr12	15093000	15094000
chr12	15094000	15095000
chr12	15095000	15096000
chr12	15096000	15097000
chr12	15097000	15098000
chr12	15098000	15099000
chr12	15099000	15100000
chr12	15100000	15101000
chr12	15101000	15102000
chr12	15102000	15103000
chr12	15103000	15104000
chr12	15104000	15105000
chr12	15105000	15106000
chr12	15106000	15107000
chr12	15107000	15108000
chr12	15108000	15109000
chr12	15109000	15110000
chr12	15110000	15111000
chr12	15111000	15112000
chr12	15112000	15113000
chr12	15115000	15116000
chr12	15116000	15117000
chr12	15117000	15118000
chr12	15118000	15119000
chr12	15120000	15121000
chr12	15121000	15122000
chr12	15122000	15123000
chr12	15123000	15124000
chr12	15124000	15125000
chr12	15125000	15126000
chr12	15126000	15127000
chr12	15127000	15128000
chr12	15128000	15129000
chr12	15129000	15130000
chr12	15130000	15131000
chr12	15131000	15132000
chr12	15132000	15133000
chr12	15133000	15134000
chr12	15134000	15135000
chr12	15135000	15136000
chr12	15136000	15137000
chr12	15137000	15138000
chr12	15138000	15139000
chr12	15139000	15140000
chr12	15140000	15141000
chr12	15141000	15142000
chr12	15142000	15143000
chr12	15143000	15144000
chr12	15144000	15145000
chr12	15145000	15146000
chr12	15146000	15147000
chr12	15147000	15148000
chr12	15148000	15149000
chr12	15150000	15151000
chr12	15151000	15152000
chr12	15152000	15153000
chr12	15153000	15154000
chr12	15154000	15155000
chr12	15158000	15159000
chr12	15159000	15160000
chr12	15160000	15161000
chr12	15161000	15162000
chr12	15162000	15163000
chr12	15163000	15164000
chr12	15164000	15165000
chr12	15165000	15166000
chr12	15166000	15167000
chr12	15167000	15168000
chr12	15168000	15169000
chr12	15169000	15170000
chr12	15170000	15171000
chr12	15171000	15172000
chr12	15172000	15173000
chr12	15173000	15174000
chr12	15174000	15175000
chr12	15175000	15176000
chr12	15176000	15177000
chr12	15177000	15178000
chr12	15178000	15179000
chr12	15179000	15180000
chr12	15180000	15181000
chr12	15181000	15182000
chr12	15182000	15183000
chr12	15183000	15184000
chr12	15184000	15185000
chr12	15185000	15186000
chr12	15186000	15187000
chr12	15187000	15188000
chr12	15188000	15189000
chr12	15189000	15190000
chr12	15191000	15192000
chr12	15192000	15193000
chr12	15193000	15194000
chr12	15194000	15195000
chr12	15195000	15196000
chr12	15208000	15209000
chr12	15209000	15210000
chr12	15210000	15211000
chr12	15211000	15212000
chr12	15212000	15213000
chr12	15213000	15214000
chr12	15214000	15215000
chr12	15215000	15216000
chr12	15216000	15217000
chr12	15217000	15218000
chr12	15218000	15219000
chr12	15219000	15220000
chr12	15220000	15221000
chr12	15221000	15222000
chr12	15222000	15223000
chr12	15223000	15224000
chr12	15224000	15225000
chr12	15225000	15226000
chr12	15226000	15227000
chr12	15227000	15228000
chr12	15228000	15229000
chr12	15229000	15230000
chr12	15230000	15231000
chr12	15231000	15232000
chr12	15232000	15233000
chr12	15233000	15234000
chr12	15234000	15235000
chr12	15235000	15236000
chr12	15236000	15237000
chr12	15237000	15238000
chr12	15238000	15239000
chr12	15239000	15240000
chr12	15240000	15241000
chr12	15241000	15242000
chr12	15242000	15243000
chr12	15243000	15244000
chr12	15244000	15245000
chr12	15245000	15246000
chr12	15246000	15247000
chr12	15247000	15248000
chr12	15248000	15249000
chr12	15249000	15250000
chr12	15250000	15251000
chr12	15251000	15252000
chr12	15252000	15253000
chr12	15253000	15254000
chr12	15254000	15255000
chr12	15255000	15256000
chr12	15256000	15257000
chr12	15257000	15258000
chr12	15258000	15259000
chr12	15259000	15260000
chr12	15260000	15261000
chr12	15261000	15262000
chr12	15262000	15263000
chr12	15263000	15264000
chr12	15264000	15265000
chr12	15265000	15266000
chr12	15266000	15267000
chr12	15267000	15268000
chr12	15268000	15269000
chr12	15269000	15270000
chr12	15270000	15271000
chr12	15271000	15272000
chr12	15272000	15273000
chr12	15273000	15274000
chr12	15274000	15275000
chr12	15275000	15276000
chr12	15276000	15277000
chr12	15277000	15278000
chr12	15278000	15279000
chr12	15279000	15280000
chr12	15280000	15281000
chr12	15281000	15282000
chr12	15282000	15283000
chr12	15283000	15284000
chr12	15284000	15285000
chr12	15285000	15286000
chr12	15286000	15287000
chr12	15287000	15288000
chr12	15288000	15289000
chr12	15289000	15290000
chr12	15290000	15291000
chr12	15291000	15292000
chr12	15292000	15293000
chr12	15293000	15294000
chr12	15294000	15295000
chr12	15295000	15296000
chr12	15296000	15297000
chr12	15297000	15298000
chr12	15298000	15299000
chr12	15299000	15300000
chr12	15300000	15301000
chr12	15301000	15302000
chr12	15302000	15303000
chr12	15303000	15304000
chr12	15304000	15305000
chr12	15305000	15306000
chr12	15306000	15307000
chr12	15307000	15308000
chr12	15308000	15309000
chr12	15309000	15310000
chr12	15310000	15311000
chr12	15311000	15312000
chr12	15312000	15313000
chr12	15313000	15314000
chr12	15314000	15315000
chr12	15315000	15316000
chr12	15316000	15317000
chr12	15317000	15318000
chr12	15318000	15319000
chr12	15319000	15320000
chr12	15320000	15321000
chr12	15321000	15322000
chr12	15322000	15323000
chr12	15323000	15324000
chr12	15324000	15325000
chr12	15325000	15326000
chr12	15326000	15327000
chr12	15327000	15328000
chr12	15328000	15329000
chr12	15329000	15330000
chr12	15330000	15331000
chr12	15331000	15332000
chr12	15332000	15333000
chr12	15333000	15334000
chr12	15334000	15335000
chr12	15335000	15336000
chr12	15336000	15337000
chr12	15337000	15338000
chr12	15338000	15339000
chr12	15339000	15340000
chr12	15340000	15341000
chr12	15341000	15342000
chr12	15342000	15343000
chr12	15343000	15344000
chr12	15344000	15345000
chr12	15345000	15346000
chr12	15346000	15347000
chr12	15347000	15348000
chr12	15348000	15349000
chr12	15349000	15350000
chr12	15350000	15351000
chr12	15351000	15352000
chr12	15352000	15353000
chr12	15353000	15354000
chr12	15354000	15355000
chr12	15355000	15356000
chr12	15356000	15357000
chr12	15357000	15358000
chr12	15358000	15359000
chr12	15359000	15360000
chr12	15360000	15361000
chr12	15361000	15362000
chr12	15362000	15363000
chr12	15363000	15364000
chr12	15364000	15365000
chr12	15365000	15366000
chr12	15366000	15367000
chr12	15367000	15368000
chr12	15368000	15369000
chr12	15369000	15370000
chr12	15370000	15371000
chr12	15371000	15372000
chr12	15372000	15373000
chr12	15373000	15374000
chr12	15374000	15375000
chr12	15375000	15376000
chr12	15376000	15377000
chr12	15377000	15378000
chr12	15378000	15379000
chr12	15379000	15380000
chr12	15380000	15381000
chr12	15381000	15382000
chr12	15382000	15383000
chr12	15383000	15384000
chr12	15384000	15385000
chr12	15385000	15386000
chr12	15386000	15387000
chr12	15387000	15388000
chr12	15389000	15390000
chr12	15390000	15391000
chr12	15391000	15392000
chr12	15395000	15396000
chr12	15396000	15397000
chr12	15397000	15398000
chr12	15398000	15399000
chr12	15399000	15400000
chr12	15400000	15401000
chr12	15401000	15402000
chr12	15402000	15403000
chr12	15403000	15404000
chr12	15404000	15405000
chr12	15405000	15406000
chr12	15406000	15407000
chr12	15408000	15409000
chr12	15410000	15411000
chr12	15411000	15412000
chr12	15412000	15413000
chr12	15413000	15414000
chr12	15414000	15415000
chr12	15415000	15416000
chr12	15416000	15417000
chr12	15417000	15418000
chr12	15418000	15419000
chr12	15419000	15420000
chr12	15420000	15421000
chr12	15421000	15422000
chr12	15422000	15423000
chr12	15423000	15424000
chr12	15424000	15425000
chr12	15425000	15426000
chr12	15426000	15427000
chr12	15427000	15428000
chr12	15428000	15429000
chr12	15429000	15430000
chr12	15430000	15431000
chr12	15431000	15432000
chr12	15432000	15433000
chr12	15433000	15434000
chr12	15434000	15435000
chr12	15435000	15436000
chr12	15436000	15437000
chr12	15437000	15438000
chr12	15438000	15439000
chr12	15439000	15440000
chr12	15440000	15441000
chr12	15441000	15442000
chr12	15442000	15443000
chr12	15443000	15444000
chr12	15444000	15445000
chr12	15445000	15446000
chr12	15446000	15447000
chr12	15447000	15448000
chr12	15448000	15449000
chr12	15449000	15450000
chr12	15450000	15451000
chr12	15451000	15452000
chr12	15452000	15453000
chr12	15453000	15454000
chr12	15454000	15455000
chr12	15458000	15459000
chr12	15459000	15460000
chr12	15460000	15461000
chr12	15461000	15462000
chr12	15462000	15463000
chr12	15463000	15464000
chr12	15464000	15465000
chr12	15465000	15466000
chr12	15466000	15467000
chr12	15467000	15468000
chr12	15468000	15469000
chr12	15469000	15470000
chr12	15470000	15471000
chr12	15471000	15472000
chr12	15472000	15473000
chr12	15473000	15474000
chr12	15474000	15475000
chr12	15475000	15476000
chr12	15476000	15477000
chr12	15477000	15478000
chr12	15478000	15479000
chr12	15479000	15480000
chr12	15480000	15481000
chr12	15481000	15482000
chr12	15482000	15483000
chr12	15483000	15484000
chr12	15484000	15485000
chr12	15485000	15486000
chr12	15486000	15487000
chr12	15487000	15488000
chr12	15488000	15489000
chr12	15489000	15490000
chr12	15490000	15491000
chr12	15491000	15492000
chr12	15492000	15493000
chr12	15493000	15494000
chr12	15494000	15495000
chr12	15495000	15496000
chr12	15496000	15497000
chr12	15497000	15498000
chr12	15498000	15499000
chr12	15499000	15500000
chr12	15500000	15501000
chr12	15501000	15502000
chr12	15502000	15503000
chr12	15503000	15504000
chr12	15504000	15505000
chr12	15505000	15506000
chr12	15506000	15507000
chr12	15507000	15508000
chr12	15508000	15509000
chr12	15509000	15510000
chr12	15510000	15511000
chr12	15511000	15512000
chr12	15512000	15513000
chr12	15513000	15514000
chr12	15514000	15515000
chr12	15515000	15516000
chr12	15516000	15517000
chr12	15517000	15518000
chr12	15518000	15519000
chr12	15519000	15520000
chr12	15520000	15521000
chr12	15521000	15522000
chr12	15522000	15523000
chr12	15523000	15524000
chr12	15524000	15525000
chr12	15525000	15526000
chr12	15526000	15527000
chr12	15527000	15528000
chr12	15528000	15529000
chr12	15529000	15530000
chr12	15530000	15531000
chr12	15531000	15532000
chr12	15532000	15533000
chr12	15533000	15534000
chr12	15534000	15535000
chr12	15535000	15536000
chr12	15536000	15537000
chr12	15537000	15538000
chr12	15538000	15539000
chr12	15539000	15540000
chr12	15540000	15541000
chr12	15541000	15542000
chr12	15542000	15543000
chr12	15543000	15544000
chr12	15544000	15545000
chr12	15545000	15546000
chr12	15546000	15547000
chr12	15547000	15548000
chr12	15548000	15549000
chr12	15549000	15550000
chr12	15550000	15551000
chr12	15551000	15552000
chr12	15552000	15553000
chr12	15553000	15554000
chr12	15554000	15555000
chr12	15555000	15556000
chr12	15556000	15557000
chr12	15557000	15558000
chr12	15558000	15559000
chr12	15559000	15560000
chr12	15560000	15561000
chr12	15561000	15562000
chr12	15562000	15563000
chr12	15563000	15564000
chr12	15564000	15565000
chr12	15565000	15566000
chr12	15566000	15567000
chr12	15567000	15568000
chr12	15568000	15569000
chr12	15569000	15570000
chr12	15570000	15571000
chr12	15571000	15572000
chr12	15572000	15573000
chr12	15573000	15574000
chr12	15574000	15575000
chr12	15575000	15576000
chr12	15576000	15577000
chr12	15577000	15578000
chr12	15578000	15579000
chr12	15579000	15580000
chr12	15580000	15581000
chr12	15581000	15582000
chr12	15582000	15583000
chr12	15583000	15584000
chr12	15584000	15585000
chr12	15585000	15586000
chr12	15586000	15587000
chr12	15587000	15588000
chr12	15588000	15589000
chr12	15589000	15590000
chr12	15590000	15591000
chr12	15591000	15592000
chr12	15592000	15593000
chr12	15593000	15594000
chr12	15594000	15595000
chr12	15595000	15596000
chr12	15596000	15597000
chr12	15597000	15598000
chr12	15598000	15599000
chr12	15599000	15600000
chr12	15600000	15601000
chr12	15601000	15602000
chr12	15602000	15603000
chr12	15603000	15604000
chr12	15604000	15605000
chr12	15605000	15606000
chr12	15606000	15607000
chr12	15607000	15608000
chr12	15608000	15609000
chr12	15609000	15610000
chr12	15610000	15611000
chr12	15611000	15612000
chr12	15612000	15613000
chr12	15613000	15614000
chr12	15614000	15615000
chr12	15615000	15616000
chr12	15616000	15617000
chr12	15617000	15618000
chr12	15618000	15619000
chr12	15619000	15620000
chr12	15620000	15621000
chr12	15621000	15622000
chr12	15622000	15623000
chr12	15623000	15624000
chr12	15624000	15625000
chr12	15625000	15626000
chr12	15626000	15627000
chr12	15627000	15628000
chr12	15628000	15629000
chr12	15629000	15630000
chr12	15630000	15631000
chr12	15631000	15632000
chr12	15632000	15633000
chr12	15633000	15634000
chr12	15634000	15635000
chr12	15635000	15636000
chr12	15636000	15637000
chr12	15637000	15638000
chr12	15638000	15639000
chr12	15639000	15640000
chr12	15640000	15641000
chr12	15641000	15642000
chr12	15642000	15643000
chr12	15643000	15644000
chr12	15644000	15645000
chr12	15645000	15646000
chr12	15646000	15647000
chr12	15647000	15648000
chr12	15648000	15649000
chr12	15649000	15650000
chr12	15650000	15651000
chr12	15651000	15652000
chr12	15652000	15653000
chr12	15653000	15654000
chr12	15654000	15655000
chr12	15655000	15656000
chr12	15656000	15657000
chr12	15657000	15658000
chr12	15658000	15659000
chr12	15659000	15660000
chr12	15660000	15661000
chr12	15661000	15662000
chr12	15662000	15663000
chr12	15663000	15664000
chr12	15664000	15665000
chr12	15665000	15666000
chr12	15666000	15667000
chr12	15667000	15668000
chr12	15668000	15669000
chr12	15669000	15670000
chr12	15670000	15671000
chr12	15671000	15672000
chr12	15672000	15673000
chr12	15673000	15674000
chr12	15674000	15675000
chr12	15675000	15676000
chr12	15676000	15677000
chr12	15677000	15678000
chr12	15685000	15686000
chr12	15686000	15687000
chr12	15687000	15688000
chr12	15688000	15689000
chr12	15689000	15690000
chr12	15690000	15691000
chr12	15691000	15692000
chr12	15692000	15693000
chr12	15693000	15694000
chr12	15694000	15695000
chr12	15695000	15696000
chr12	15696000	15697000
chr12	15697000	15698000
chr12	15698000	15699000
chr12	15699000	15700000
chr12	15700000	15701000
chr12	15703000	15704000
chr12	15705000	15706000
chr12	15706000	15707000
chr12	15707000	15708000
chr12	15708000	15709000
chr12	15709000	15710000
chr12	15710000	15711000
chr12	15711000	15712000
chr12	15712000	15713000
chr12	15713000	15714000
chr12	15714000	15715000
chr12	15715000	15716000
chr12	15716000	15717000
chr12	15717000	15718000
chr12	15718000	15719000
chr12	15719000	15720000
chr12	15720000	15721000
chr12	15721000	15722000
chr12	15722000	15723000
chr12	15724000	15725000
chr12	15725000	15726000
chr12	15726000	15727000
chr12	15727000	15728000
chr12	15728000	15729000
chr12	15729000	15730000
chr12	15730000	15731000
chr12	15731000	15732000
chr12	15732000	15733000
chr12	15734000	15735000
chr12	15735000	15736000
chr12	15736000	15737000
chr12	15737000	15738000
chr12	15738000	15739000
chr12	15739000	15740000
chr12	15740000	15741000
chr12	15741000	15742000
chr12	15742000	15743000
chr12	15743000	15744000
chr12	15744000	15745000
chr12	15745000	15746000
chr12	15746000	15747000
chr12	15747000	15748000
chr12	15748000	15749000
chr12	15749000	15750000
chr12	15750000	15751000
chr12	15751000	15752000
chr12	15752000	15753000
chr12	15753000	15754000
chr12	15754000	15755000
chr12	15755000	15756000
chr12	15756000	15757000
chr12	15757000	15758000
chr12	15758000	15759000
chr12	15759000	15760000
chr12	15760000	15761000
chr12	15761000	15762000
chr12	15762000	15763000
chr12	15763000	15764000
chr12	15764000	15765000
chr12	15765000	15766000
chr12	15766000	15767000
chr12	15767000	15768000
chr12	15768000	15769000
chr12	15769000	15770000
chr12	15770000	15771000
chr12	15771000	15772000
chr12	15772000	15773000
chr12	15773000	15774000
chr12	15774000	15775000
chr12	15775000	15776000
chr12	15776000	15777000
chr12	15777000	15778000
chr12	15778000	15779000
chr12	15779000	15780000
chr12	15780000	15781000
chr12	15781000	15782000
chr12	15782000	15783000
chr12	15783000	15784000
chr12	15784000	15785000
chr12	15785000	15786000
chr12	15786000	15787000
chr12	15787000	15788000
chr12	15788000	15789000
chr12	15789000	15790000
chr12	15790000	15791000
chr12	15791000	15792000
chr12	15793000	15794000
chr12	15794000	15795000
chr12	15795000	15796000
chr12	15796000	15797000
chr12	15797000	15798000
chr12	15798000	15799000
chr12	15799000	15800000
chr12	15800000	15801000
chr12	15801000	15802000
chr12	15802000	15803000
chr12	15803000	15804000
chr12	15804000	15805000
chr12	15805000	15806000
chr12	15806000	15807000
chr12	15807000	15808000
chr12	15808000	15809000
chr12	15809000	15810000
chr12	15810000	15811000
chr12	15811000	15812000
chr12	15812000	15813000
chr12	15813000	15814000
chr12	15814000	15815000
chr12	15815000	15816000
chr12	15816000	15817000
chr12	15818000	15819000
chr12	15819000	15820000
chr12	15820000	15821000
chr12	15821000	15822000
chr12	15822000	15823000
chr12	15823000	15824000
chr12	15824000	15825000
chr12	15825000	15826000
chr12	15826000	15827000
chr12	15827000	15828000
chr12	15828000	15829000
chr12	15829000	15830000
chr12	15830000	15831000
chr12	15831000	15832000
chr12	15832000	15833000
chr12	15833000	15834000
chr12	15834000	15835000
chr12	15835000	15836000
chr12	15836000	15837000
chr12	15837000	15838000
chr12	15838000	15839000
chr12	15839000	15840000
chr12	15840000	15841000
chr12	15841000	15842000
chr12	15842000	15843000
chr12	15843000	15844000
chr12	15844000	15845000
chr12	15845000	15846000
chr12	15846000	15847000
chr12	15847000	15848000
chr12	15848000	15849000
chr12	15849000	15850000
chr12	15850000	15851000
chr12	15851000	15852000
chr12	15852000	15853000
chr12	15853000	15854000
chr12	15854000	15855000
chr12	15855000	15856000
chr12	15856000	15857000
chr12	15857000	15858000
chr12	15858000	15859000
chr12	15859000	15860000
chr12	15860000	15861000
chr12	15861000	15862000
chr12	15862000	15863000
chr12	15863000	15864000
chr12	15864000	15865000
chr12	15865000	15866000
chr12	15866000	15867000
chr12	15867000	15868000
chr12	15868000	15869000
chr12	15869000	15870000
chr12	15870000	15871000
chr12	15871000	15872000
chr12	15872000	15873000
chr12	15873000	15874000
chr12	15874000	15875000
chr12	15875000	15876000
chr12	15876000	15877000
chr12	15877000	15878000
chr12	15878000	15879000
chr12	15879000	15880000
chr12	15880000	15881000
chr12	15881000	15882000
chr12	15882000	15883000
chr12	15883000	15884000
chr12	15884000	15885000
chr12	15885000	15886000
chr12	15886000	15887000
chr12	15887000	15888000
chr12	15888000	15889000
chr12	15889000	15890000
chr12	15890000	15891000
chr12	15891000	15892000
chr12	15892000	15893000
chr12	15893000	15894000
chr12	15894000	15895000
chr12	15895000	15896000
chr12	15896000	15897000
chr12	15897000	15898000
chr12	15898000	15899000
chr12	15899000	15900000
chr12	15900000	15901000
chr12	15901000	15902000
chr12	15902000	15903000
chr12	15903000	15904000
chr12	15904000	15905000
chr12	15905000	15906000
chr12	15906000	15907000
chr12	15907000	15908000
chr12	15908000	15909000
chr12	15909000	15910000
chr12	15911000	15912000
chr12	15912000	15913000
chr12	15913000	15914000
chr12	15914000	15915000
chr12	15915000	15916000
chr12	15918000	15919000
chr12	15919000	15920000
chr12	15920000	15921000
chr12	15921000	15922000
chr12	15922000	15923000
chr12	15923000	15924000
chr12	15924000	15925000
chr12	15925000	15926000
chr12	15926000	15927000
chr12	15927000	15928000
chr12	15928000	15929000
chr12	15929000	15930000
chr12	15930000	15931000
chr12	15931000	15932000
chr12	15932000	15933000
chr12	15933000	15934000
chr12	15934000	15935000
chr12	15935000	15936000
chr12	15936000	15937000
chr12	15937000	15938000
chr12	15938000	15939000
chr12	15939000	15940000
chr12	15940000	15941000
chr12	15941000	15942000
chr12	15942000	15943000
chr12	15943000	15944000
chr12	15944000	15945000
chr12	15945000	15946000
chr12	15946000	15947000
chr12	15947000	15948000
chr12	15948000	15949000
chr12	15949000	15950000
chr12	15950000	15951000
chr12	15951000	15952000
chr12	15952000	15953000
chr12	15953000	15954000
chr12	15954000	15955000
chr12	15955000	15956000
chr12	15956000	15957000
chr12	15957000	15958000
chr12	15958000	15959000
chr12	15959000	15960000
chr12	15960000	15961000
chr12	15961000	15962000
chr12	15962000	15963000
chr12	15963000	15964000
chr12	15964000	15965000
chr12	15965000	15966000
chr12	15966000	15967000
chr12	15967000	15968000
chr12	15968000	15969000
chr12	15969000	15970000
chr12	15970000	15971000
chr12	15971000	15972000
chr12	15972000	15973000
chr12	15973000	15974000
chr12	15974000	15975000
chr12	15975000	15976000
chr12	15976000	15977000
chr12	15977000	15978000
chr12	15978000	15979000
chr12	15979000	15980000
chr12	15980000	15981000
chr12	15981000	15982000
chr12	15982000	15983000
chr12	15983000	15984000
chr12	15984000	15985000
chr12	15985000	15986000
chr12	15986000	15987000
chr12	15987000	15988000
chr12	15988000	15989000
chr12	15989000	15990000
chr12	15990000	15991000
chr12	15991000	15992000
chr12	15992000	15993000
chr12	15993000	15994000
chr12	15994000	15995000
chr12	15995000	15996000
chr12	15996000	15997000
chr12	15997000	15998000
chr12	15998000	15999000
chr12	15999000	16000000
chr12	16000000	16001000
chr12	16001000	16002000
chr12	16002000	16003000
chr12	16003000	16004000
chr12	16004000	16005000
chr12	16005000	16006000
chr12	16006000	16007000
chr12	16007000	16008000
chr12	16008000	16009000
chr12	16009000	16010000
chr12	16010000	16011000
chr12	16011000	16012000
chr12	16012000	16013000
chr12	16013000	16014000
chr12	16014000	16015000
chr12	16015000	16016000
chr12	16016000	16017000
chr12	16017000	16018000
chr12	16018000	16019000
chr12	16019000	16020000
chr12	16020000	16021000
chr12	16021000	16022000
chr12	16022000	16023000
chr12	16023000	16024000
chr12	16024000	16025000
chr12	16025000	16026000
chr12	16026000	16027000
chr12	16027000	16028000
chr12	16028000	16029000
chr12	16029000	16030000
chr12	16030000	16031000
chr12	16031000	16032000
chr12	16032000	16033000
chr12	16033000	16034000
chr12	16034000	16035000
chr12	16035000	16036000
chr12	16036000	16037000
chr12	16037000	16038000
chr12	16038000	16039000
chr12	16039000	16040000
chr12	16040000	16041000
chr12	16041000	16042000
chr12	16042000	16043000
chr12	16043000	16044000
chr12	16044000	16045000
chr12	16046000	16047000
chr12	16047000	16048000
chr12	16048000	16049000
chr12	16049000	16050000
chr12	16050000	16051000
chr12	16051000	16052000
chr12	16052000	16053000
chr12	16053000	16054000
chr12	16054000	16055000
chr12	16055000	16056000
chr12	16056000	16057000
chr12	16059000	16060000
chr12	16060000	16061000
chr12	16061000	16062000
chr12	16062000	16063000
chr12	16063000	16064000
chr12	16064000	16065000
chr12	16065000	16066000
chr12	16066000	16067000
chr12	16067000	16068000
chr12	16068000	16069000
chr12	16069000	16070000
chr12	16070000	16071000
chr12	16071000	16072000
chr12	16072000	16073000
chr12	16073000	16074000
chr12	16074000	16075000
chr12	16075000	16076000
chr12	16076000	16077000
chr12	16077000	16078000
chr12	16078000	16079000
chr12	16079000	16080000
chr12	16080000	16081000
chr12	16081000	16082000
chr12	16082000	16083000
chr12	16083000	16084000
chr12	16084000	16085000
chr12	16085000	16086000
chr12	16086000	16087000
chr12	16087000	16088000
chr12	16088000	16089000
chr12	16089000	16090000
chr12	16090000	16091000
chr12	16091000	16092000
chr12	16092000	16093000
chr12	16093000	16094000
chr12	16094000	16095000
chr12	16095000	16096000
chr12	16096000	16097000
chr12	16098000	16099000
chr12	16099000	16100000
chr12	16100000	16101000
chr12	16101000	16102000
chr12	16102000	16103000
chr12	16103000	16104000
chr12	16104000	16105000
chr12	16105000	16106000
chr12	16106000	16107000
chr12	16107000	16108000
chr12	16108000	16109000
chr12	16109000	16110000
chr12	16110000	16111000
chr12	16111000	16112000
chr12	16112000	16113000
chr12	16113000	16114000
chr12	16114000	16115000
chr12	16115000	16116000
chr12	16116000	16117000
chr12	16117000	16118000
chr12	16118000	16119000
chr12	16119000	16120000
chr12	16120000	16121000
chr12	16121000	16122000
chr12	16122000	16123000
chr12	16123000	16124000
chr12	16124000	16125000
chr12	16125000	16126000
chr12	16126000	16127000
chr12	16127000	16128000
chr12	16128000	16129000
chr12	16129000	16130000
chr12	16130000	16131000
chr12	16131000	16132000
chr12	16132000	16133000
chr12	16133000	16134000
chr12	16134000	16135000
chr12	16135000	16136000
chr12	16136000	16137000
chr12	16137000	16138000
chr12	16138000	16139000
chr12	16139000	16140000
chr12	16140000	16141000
chr12	16141000	16142000
chr12	16142000	16143000
chr12	16143000	16144000
chr12	16144000	16145000
chr12	16145000	16146000
chr12	16146000	16147000
chr12	16147000	16148000
chr12	16148000	16149000
chr12	16149000	16150000
chr12	16150000	16151000
chr12	16151000	16152000
chr12	16152000	16153000
chr12	16153000	16154000
chr12	16154000	16155000
chr12	16155000	16156000
chr12	16156000	16157000
chr12	16157000	16158000
chr12	16158000	16159000
chr12	16159000	16160000
chr12	16160000	16161000
chr12	16161000	16162000
chr12	16162000	16163000
chr12	16163000	16164000
chr12	16164000	16165000
chr12	16165000	16166000
chr12	16166000	16167000
chr12	16167000	16168000
chr12	16168000	16169000
chr12	16169000	16170000
chr12	16172000	16173000
chr12	16173000	16174000
chr12	16174000	16175000
chr12	16175000	16176000
chr12	16176000	16177000
chr12	16177000	16178000
chr12	16178000	16179000
chr12	16179000	16180000
chr12	16180000	16181000
chr12	16181000	16182000
chr12	16182000	16183000
chr12	16183000	16184000
chr12	16184000	16185000
chr12	16185000	16186000
chr12	16186000	16187000
chr12	16187000	16188000
chr12	16188000	16189000
chr12	16189000	16190000
chr12	16190000	16191000
chr12	16191000	16192000
chr12	16192000	16193000
chr12	16193000	16194000
chr12	16194000	16195000
chr12	16195000	16196000
chr12	16196000	16197000
chr12	16197000	16198000
chr12	16198000	16199000
chr12	16199000	16200000
chr12	16200000	16201000
chr12	16201000	16202000
chr12	16202000	16203000
chr12	16203000	16204000
chr12	16204000	16205000
chr12	16205000	16206000
chr12	16206000	16207000
chr12	16207000	16208000
chr12	16208000	16209000
chr12	16209000	16210000
chr12	16210000	16211000
chr12	16211000	16212000
chr12	16212000	16213000
chr12	16213000	16214000
chr12	16214000	16215000
chr12	16216000	16217000
chr12	16217000	16218000
chr12	16218000	16219000
chr12	16219000	16220000
chr12	16220000	16221000
chr12	16221000	16222000
chr12	16222000	16223000
chr12	16223000	16224000
chr12	16224000	16225000
chr12	16225000	16226000
chr12	16226000	16227000
chr12	16227000	16228000
chr12	16228000	16229000
chr12	16229000	16230000
chr12	16230000	16231000
chr12	16231000	16232000
chr12	16232000	16233000
chr12	16233000	16234000
chr12	16234000	16235000
chr12	16235000	16236000
chr12	16236000	16237000
chr12	16237000	16238000
chr12	16238000	16239000
chr12	16239000	16240000
chr12	16240000	16241000
chr12	16241000	16242000
chr12	16242000	16243000
chr12	16243000	16244000
chr12	16244000	16245000
chr12	16245000	16246000
chr12	16246000	16247000
chr12	16247000	16248000
chr12	16248000	16249000
chr12	16249000	16250000
chr12	16250000	16251000
chr12	16251000	16252000
chr12	16252000	16253000
chr12	16253000	16254000
chr12	16254000	16255000
chr12	16255000	16256000
chr12	16256000	16257000
chr12	16257000	16258000
chr12	16258000	16259000
chr12	16259000	16260000
chr12	16260000	16261000
chr12	16261000	16262000
chr12	16262000	16263000
chr12	16263000	16264000
chr12	16264000	16265000
chr12	16265000	16266000
chr12	16266000	16267000
chr12	16267000	16268000
chr12	16268000	16269000
chr12	16269000	16270000
chr12	16270000	16271000
chr12	16271000	16272000
chr12	16272000	16273000
chr12	16273000	16274000
chr12	16274000	16275000
chr12	16275000	16276000
chr12	16276000	16277000
chr12	16277000	16278000
chr12	16278000	16279000
chr12	16279000	16280000
chr12	16280000	16281000
chr12	16281000	16282000
chr12	16282000	16283000
chr12	16283000	16284000
chr12	16284000	16285000
chr12	16285000	16286000
chr12	16286000	16287000
chr12	16287000	16288000
chr12	16288000	16289000
chr12	16289000	16290000
chr12	16290000	16291000
chr12	16291000	16292000
chr12	16292000	16293000
chr12	16293000	16294000
chr12	16294000	16295000
chr12	16295000	16296000
chr12	16296000	16297000
chr12	16297000	16298000
chr12	16298000	16299000
chr12	16299000	16300000
chr12	16300000	16301000
chr12	16301000	16302000
chr12	16302000	16303000
chr12	16303000	16304000
chr12	16304000	16305000
chr12	16305000	16306000
chr12	16306000	16307000
chr12	16307000	16308000
chr12	16308000	16309000
chr12	16309000	16310000
chr12	16310000	16311000
chr12	16311000	16312000
chr12	16312000	16313000
chr12	16313000	16314000
chr12	16314000	16315000
chr12	16315000	16316000
chr12	16316000	16317000
chr12	16317000	16318000
chr12	16318000	16319000
chr12	16319000	16320000
chr12	16320000	16321000
chr12	16321000	16322000
chr12	16322000	16323000
chr12	16323000	16324000
chr12	16324000	16325000
chr12	16325000	16326000
chr12	16326000	16327000
chr12	16327000	16328000
chr12	16328000	16329000
chr12	16329000	16330000
chr12	16330000	16331000
chr12	16331000	16332000
chr12	16332000	16333000
chr12	16333000	16334000
chr12	16334000	16335000
chr12	16335000	16336000
chr12	16336000	16337000
chr12	16337000	16338000
chr12	16338000	16339000
chr12	16339000	16340000
chr12	16340000	16341000
chr12	16341000	16342000
chr12	16342000	16343000
chr12	16343000	16344000
chr12	16344000	16345000
chr12	16345000	16346000
chr12	16346000	16347000
chr12	16347000	16348000
chr12	16348000	16349000
chr12	16349000	16350000
chr12	16350000	16351000
chr12	16351000	16352000
chr12	16352000	16353000
chr12	16353000	16354000
chr12	16354000	16355000
chr12	16355000	16356000
chr12	16356000	16357000
chr12	16357000	16358000
chr12	16358000	16359000
chr12	16359000	16360000
chr12	16360000	16361000
chr12	16361000	16362000
chr12	16362000	16363000
chr12	16363000	16364000
chr12	16364000	16365000
chr12	16365000	16366000
chr12	16366000	16367000
chr12	16367000	16368000
chr12	16368000	16369000
chr12	16369000	16370000
chr12	16370000	16371000
chr12	16371000	16372000
chr12	16372000	16373000
chr12	16373000	16374000
chr12	16374000	16375000
chr12	16375000	16376000
chr12	16376000	16377000
chr12	16377000	16378000
chr12	16378000	16379000
chr12	16379000	16380000
chr12	16380000	16381000
chr12	16381000	16382000
chr12	16382000	16383000
chr12	16383000	16384000
chr12	16384000	16385000
chr12	16385000	16386000
chr12	16386000	16387000
chr12	16387000	16388000
chr12	16388000	16389000
chr12	16389000	16390000
chr12	16390000	16391000
chr12	16391000	16392000
chr12	16392000	16393000
chr12	16393000	16394000
chr12	16394000	16395000
chr12	16395000	16396000
chr12	16396000	16397000
chr12	16397000	16398000
chr12	16398000	16399000
chr12	16400000	16401000
chr12	16401000	16402000
chr12	16402000	16403000
chr12	16403000	16404000
chr12	16404000	16405000
chr12	16405000	16406000
chr12	16406000	16407000
chr12	16407000	16408000
chr12	16408000	16409000
chr12	16409000	16410000
chr12	16410000	16411000
chr12	16411000	16412000
chr12	16412000	16413000
chr12	16413000	16414000
chr12	16414000	16415000
chr12	16415000	16416000
chr12	16416000	16417000
chr12	16417000	16418000
chr12	16418000	16419000
chr12	16419000	16420000
chr12	16420000	16421000
chr12	16421000	16422000
chr12	16422000	16423000
chr12	16423000	16424000
chr12	16424000	16425000
chr12	16425000	16426000
chr12	16426000	16427000
chr12	16427000	16428000
chr12	16428000	16429000
chr12	16429000	16430000
chr12	16430000	16431000
chr12	16431000	16432000
chr12	16432000	16433000
chr12	16433000	16434000
chr12	16434000	16435000
chr12	16435000	16436000
chr12	16436000	16437000
chr12	16437000	16438000
chr12	16438000	16439000
chr12	16439000	16440000
chr12	16440000	16441000
chr12	16441000	16442000
chr12	16442000	16443000
chr12	16443000	16444000
chr12	16444000	16445000
chr12	16445000	16446000
chr12	16446000	16447000
chr12	16447000	16448000
chr12	16448000	16449000
chr12	16449000	16450000
chr12	16450000	16451000
chr12	16451000	16452000
chr12	16452000	16453000
chr12	16453000	16454000
chr12	16454000	16455000
chr12	16455000	16456000
chr12	16456000	16457000
chr12	16457000	16458000
chr12	16458000	16459000
chr12	16459000	16460000
chr12	16460000	16461000
chr12	16461000	16462000
chr12	16462000	16463000
chr12	16463000	16464000
chr12	16464000	16465000
chr12	16465000	16466000
chr12	16466000	16467000
chr12	16467000	16468000
chr12	16468000	16469000
chr12	16469000	16470000
chr12	16470000	16471000
chr12	16471000	16472000
chr12	16472000	16473000
chr12	16473000	16474000
chr12	16474000	16475000
chr12	16475000	16476000
chr12	16476000	16477000
chr12	16477000	16478000
chr12	16478000	16479000
chr12	16479000	16480000
chr12	16480000	16481000
chr12	16481000	16482000
chr12	16482000	16483000
chr12	16483000	16484000
chr12	16484000	16485000
chr12	16485000	16486000
chr12	16486000	16487000
chr12	16487000	16488000
chr12	16488000	16489000
chr12	16489000	16490000
chr12	16490000	16491000
chr12	16491000	16492000
chr12	16492000	16493000
chr12	16493000	16494000
chr12	16494000	16495000
chr12	16495000	16496000
chr12	16496000	16497000
chr12	16497000	16498000
chr12	16498000	16499000
chr12	16499000	16500000
chr12	16500000	16501000
chr12	16501000	16502000
chr12	16502000	16503000
chr12	16503000	16504000
chr12	16504000	16505000
chr12	16505000	16506000
chr12	16506000	16507000
chr12	16507000	16508000
chr12	16508000	16509000
chr12	16509000	16510000
chr12	16510000	16511000
chr12	16511000	16512000
chr12	16512000	16513000
chr12	16513000	16514000
chr12	16514000	16515000
chr12	16515000	16516000
chr12	16516000	16517000
chr12	16517000	16518000
chr12	16518000	16519000
chr12	16519000	16520000
chr12	16520000	16521000
chr12	16521000	16522000
chr12	16522000	16523000
chr12	16523000	16524000
chr12	16524000	16525000
chr12	16525000	16526000
chr12	16526000	16527000
chr12	16527000	16528000
chr12	16528000	16529000
chr12	16529000	16530000
chr12	16530000	16531000
chr12	16531000	16532000
chr12	16532000	16533000
chr12	16533000	16534000
chr12	16534000	16535000
chr12	16535000	16536000
chr12	16536000	16537000
chr12	16537000	16538000
chr12	16538000	16539000
chr12	16539000	16540000
chr12	16540000	16541000
chr12	16541000	16542000
chr12	16542000	16543000
chr12	16543000	16544000
chr12	16544000	16545000
chr12	16545000	16546000
chr12	16546000	16547000
chr12	16547000	16548000
chr12	16548000	16549000
chr12	16549000	16550000
chr12	16550000	16551000
chr12	16551000	16552000
chr12	16552000	16553000
chr12	16553000	16554000
chr12	16554000	16555000
chr12	16555000	16556000
chr12	16556000	16557000
chr12	16557000	16558000
chr12	16558000	16559000
chr12	16559000	16560000
chr12	16560000	16561000
chr12	16561000	16562000
chr12	16562000	16563000
chr12	16563000	16564000
chr12	16564000	16565000
chr12	16565000	16566000
chr12	16566000	16567000
chr12	16567000	16568000
chr12	16568000	16569000
chr12	16569000	16570000
chr12	16570000	16571000
chr12	16571000	16572000
chr12	16572000	16573000
chr12	16573000	16574000
chr12	16574000	16575000
chr12	16575000	16576000
chr12	16576000	16577000
chr12	16577000	16578000
chr12	16578000	16579000
chr12	16579000	16580000
chr12	16580000	16581000
chr12	16581000	16582000
chr12	16582000	16583000
chr12	16583000	16584000
chr12	16584000	16585000
chr12	16585000	16586000
chr12	16586000	16587000
chr12	16587000	16588000
chr12	16588000	16589000
chr12	16589000	16590000
chr12	16590000	16591000
chr12	16591000	16592000
chr12	16592000	16593000
chr12	16593000	16594000
chr12	16594000	16595000
chr12	16595000	16596000
chr12	16596000	16597000
chr12	16597000	16598000
chr12	16598000	16599000
chr12	16599000	16600000
chr12	16600000	16601000
chr12	16601000	16602000
chr12	16602000	16603000
chr12	16603000	16604000
chr12	16604000	16605000
chr12	16605000	16606000
chr12	16606000	16607000
chr12	16607000	16608000
chr12	16608000	16609000
chr12	16609000	16610000
chr12	16610000	16611000
chr12	16611000	16612000
chr12	16612000	16613000
chr12	16613000	16614000
chr12	16614000	16615000
chr12	16615000	16616000
chr12	16616000	16617000
chr12	16617000	16618000
chr12	16618000	16619000
chr12	16619000	16620000
chr12	16620000	16621000
chr12	16621000	16622000
chr12	16622000	16623000
chr12	16624000	16625000
chr12	16625000	16626000
chr12	16626000	16627000
chr12	16627000	16628000
chr12	16628000	16629000
chr12	16629000	16630000
chr12	16630000	16631000
chr12	16631000	16632000
chr12	16632000	16633000
chr12	16633000	16634000
chr12	16634000	16635000
chr12	16635000	16636000
chr12	16636000	16637000
chr12	16637000	16638000
chr12	16638000	16639000
chr12	16639000	16640000
chr12	16640000	16641000
chr12	16641000	16642000
chr12	16642000	16643000
chr12	16643000	16644000
chr12	16644000	16645000
chr12	16645000	16646000
chr12	16646000	16647000
chr12	16647000	16648000
chr12	16648000	16649000
chr12	16649000	16650000
chr12	16650000	16651000
chr12	16651000	16652000
chr12	16652000	16653000
chr12	16653000	16654000
chr12	16654000	16655000
chr12	16655000	16656000
chr12	16656000	16657000
chr12	16657000	16658000
chr12	16658000	16659000
chr12	16659000	16660000
chr12	16660000	16661000
chr12	16661000	16662000
chr12	16662000	16663000
chr12	16663000	16664000
chr12	16664000	16665000
chr12	16665000	16666000
chr12	16667000	16668000
chr12	16668000	16669000
chr12	16669000	16670000
chr12	16670000	16671000
chr12	16671000	16672000
chr12	16672000	16673000
chr12	16673000	16674000
chr12	16674000	16675000
chr12	16675000	16676000
chr12	16676000	16677000
chr12	16677000	16678000
chr12	16678000	16679000
chr12	16679000	16680000
chr12	16680000	16681000
chr12	16681000	16682000
chr12	16682000	16683000
chr12	16683000	16684000
chr12	16684000	16685000
chr12	16685000	16686000
chr12	16686000	16687000
chr12	16687000	16688000
chr12	16689000	16690000
chr12	16690000	16691000
chr12	16691000	16692000
chr12	16692000	16693000
chr12	16693000	16694000
chr12	16694000	16695000
chr12	16695000	16696000
chr12	16696000	16697000
chr12	16697000	16698000
chr12	16698000	16699000
chr12	16699000	16700000
chr12	16700000	16701000
chr12	16701000	16702000
chr12	16702000	16703000
chr12	16703000	16704000
chr12	16704000	16705000
chr12	16705000	16706000
chr12	16706000	16707000
chr12	16707000	16708000
chr12	16708000	16709000
chr12	16709000	16710000
chr12	16710000	16711000
chr12	16711000	16712000
chr12	16712000	16713000
chr12	16713000	16714000
chr12	16714000	16715000
chr12	16715000	16716000
chr12	16716000	16717000
chr12	16717000	16718000
chr12	16718000	16719000
chr12	16719000	16720000
chr12	16720000	16721000
chr12	16721000	16722000
chr12	16722000	16723000
chr12	16723000	16724000
chr12	16724000	16725000
chr12	16725000	16726000
chr12	16726000	16727000
chr12	16727000	16728000
chr12	16728000	16729000
chr12	16729000	16730000
chr12	16730000	16731000
chr12	16731000	16732000
chr12	16732000	16733000
chr12	16733000	16734000
chr12	16734000	16735000
chr12	16735000	16736000
chr12	16736000	16737000
chr12	16737000	16738000
chr12	16738000	16739000
chr12	16739000	16740000
chr12	16740000	16741000
chr12	16741000	16742000
chr12	16742000	16743000
chr12	16743000	16744000
chr12	16745000	16746000
chr12	16746000	16747000
chr12	16747000	16748000
chr12	16748000	16749000
chr12	16750000	16751000
chr12	16751000	16752000
chr12	16752000	16753000
chr12	16753000	16754000
chr12	16754000	16755000
chr12	16755000	16756000
chr12	16757000	16758000
chr12	16758000	16759000
chr12	16759000	16760000
chr12	16760000	16761000
chr12	16761000	16762000
chr12	16762000	16763000
chr12	16763000	16764000
chr12	16764000	16765000
chr12	16765000	16766000
chr12	16766000	16767000
chr12	16767000	16768000
chr12	16768000	16769000
chr12	16769000	16770000
chr12	16770000	16771000
chr12	16771000	16772000
chr12	16772000	16773000
chr12	16773000	16774000
chr12	16774000	16775000
chr12	16775000	16776000
chr12	16776000	16777000
chr12	16777000	16778000
chr12	16778000	16779000
chr12	16779000	16780000
chr12	16780000	16781000
chr12	16781000	16782000
chr12	16782000	16783000
chr12	16783000	16784000
chr12	16784000	16785000
chr12	16785000	16786000
chr12	16786000	16787000
chr12	16787000	16788000
chr12	16788000	16789000
chr12	16789000	16790000
chr12	16790000	16791000
chr12	16791000	16792000
chr12	16792000	16793000
chr12	16793000	16794000
chr12	16794000	16795000
chr12	16795000	16796000
chr12	16796000	16797000
chr12	16797000	16798000
chr12	16798000	16799000
chr12	16799000	16800000
chr12	16800000	16801000
chr12	16801000	16802000
chr12	16802000	16803000
chr12	16804000	16805000
chr12	16805000	16806000
chr12	16806000	16807000
chr12	16807000	16808000
chr12	16808000	16809000
chr12	16809000	16810000
chr12	16810000	16811000
chr12	16811000	16812000
chr12	16812000	16813000
chr12	16813000	16814000
chr12	16814000	16815000
chr12	16815000	16816000
chr12	16816000	16817000
chr12	16817000	16818000
chr12	16818000	16819000
chr12	16819000	16820000
chr12	16820000	16821000
chr12	16821000	16822000
chr12	16822000	16823000
chr12	16823000	16824000
chr12	16824000	16825000
chr12	16825000	16826000
chr12	16826000	16827000
chr12	16827000	16828000
chr12	16828000	16829000
chr12	16829000	16830000
chr12	16830000	16831000
chr12	16831000	16832000
chr12	16833000	16834000
chr12	16834000	16835000
chr12	16835000	16836000
chr12	16836000	16837000
chr12	16837000	16838000
chr12	16838000	16839000
chr12	16839000	16840000
chr12	16840000	16841000
chr12	16841000	16842000
chr12	16842000	16843000
chr12	16843000	16844000
chr12	16844000	16845000
chr12	16845000	16846000
chr12	16846000	16847000
chr12	16847000	16848000
chr12	16848000	16849000
chr12	16849000	16850000
chr12	16850000	16851000
chr12	16851000	16852000
chr12	16852000	16853000
chr12	16853000	16854000
chr12	16854000	16855000
chr12	16855000	16856000
chr12	16856000	16857000
chr12	16857000	16858000
chr12	16858000	16859000
chr12	16859000	16860000
chr12	16860000	16861000
chr12	16861000	16862000
chr12	16862000	16863000
chr12	16863000	16864000
chr12	16864000	16865000
chr12	16865000	16866000
chr12	16866000	16867000
chr12	16867000	16868000
chr12	16868000	16869000
chr12	16869000	16870000
chr12	16870000	16871000
chr12	16871000	16872000
chr12	16872000	16873000
chr12	16873000	16874000
chr12	16874000	16875000
chr12	16875000	16876000
chr12	16876000	16877000
chr12	16877000	16878000
chr12	16878000	16879000
chr12	16879000	16880000
chr12	16880000	16881000
chr12	16881000	16882000
chr12	16882000	16883000
chr12	16883000	16884000
chr12	16884000	16885000
chr12	16885000	16886000
chr12	16886000	16887000
chr12	16887000	16888000
chr12	16888000	16889000
chr12	16889000	16890000
chr12	16890000	16891000
chr12	16891000	16892000
chr12	16892000	16893000
chr12	16893000	16894000
chr12	16894000	16895000
chr12	16895000	16896000
chr12	16896000	16897000
chr12	16897000	16898000
chr12	16898000	16899000
chr12	16899000	16900000
chr12	16900000	16901000
chr12	16901000	16902000
chr12	16902000	16903000
chr12	16903000	16904000
chr12	16904000	16905000
chr12	16905000	16906000
chr12	16906000	16907000
chr12	16907000	16908000
chr12	16908000	16909000
chr12	16909000	16910000
chr12	16910000	16911000
chr12	16911000	16912000
chr12	16912000	16913000
chr12	16913000	16914000
chr12	16914000	16915000
chr12	16915000	16916000
chr12	16916000	16917000
chr12	16917000	16918000
chr12	16918000	16919000
chr12	16919000	16920000
chr12	16920000	16921000
chr12	16921000	16922000
chr12	16922000	16923000
chr12	16923000	16924000
chr12	16924000	16925000
chr12	16925000	16926000
chr12	16926000	16927000
chr12	16927000	16928000
chr12	16928000	16929000
chr12	16929000	16930000
chr12	16931000	16932000
chr12	16932000	16933000
chr12	16933000	16934000
chr12	16934000	16935000
chr12	16935000	16936000
chr12	16936000	16937000
chr12	16937000	16938000
chr12	16938000	16939000
chr12	16939000	16940000
chr12	16940000	16941000
chr12	16941000	16942000
chr12	16942000	16943000
chr12	16943000	16944000
chr12	16944000	16945000
chr12	16945000	16946000
chr12	16946000	16947000
chr12	16947000	16948000
chr12	16948000	16949000
chr12	16949000	16950000
chr12	16950000	16951000
chr12	16951000	16952000
chr12	16952000	16953000
chr12	16953000	16954000
chr12	16954000	16955000
chr12	16955000	16956000
chr12	16956000	16957000
chr12	16957000	16958000
chr12	16958000	16959000
chr12	16959000	16960000
chr12	16960000	16961000
chr12	16961000	16962000
chr12	16962000	16963000
chr12	16963000	16964000
chr12	16964000	16965000
chr12	16965000	16966000
chr12	16966000	16967000
chr12	16967000	16968000
chr12	16968000	16969000
chr12	16969000	16970000
chr12	16970000	16971000
chr12	16971000	16972000
chr12	16972000	16973000
chr12	16974000	16975000
chr12	16975000	16976000
chr12	16976000	16977000
chr12	16977000	16978000
chr12	16978000	16979000
chr12	16979000	16980000
chr12	16980000	16981000
chr12	16981000	16982000
chr12	16982000	16983000
chr12	16983000	16984000
chr12	16984000	16985000
chr12	16985000	16986000
chr12	16987000	16988000
chr12	16988000	16989000
chr12	16989000	16990000
chr12	16990000	16991000
chr12	16991000	16992000
chr12	16992000	16993000
chr12	16993000	16994000
chr12	16994000	16995000
chr12	16995000	16996000
chr12	16996000	16997000
chr12	16997000	16998000
chr12	16998000	16999000
chr12	16999000	17000000
chr12	17000000	17001000
chr12	17001000	17002000
chr12	17002000	17003000
chr12	17003000	17004000
chr12	17004000	17005000
chr12	17005000	17006000
chr12	17006000	17007000
chr12	17007000	17008000
chr12	17008000	17009000
chr12	17009000	17010000
chr12	17010000	17011000
chr12	17011000	17012000
chr12	17012000	17013000
chr12	17013000	17014000
chr12	17014000	17015000
chr12	17015000	17016000
chr12	17016000	17017000
chr12	17017000	17018000
chr12	17018000	17019000
chr12	17019000	17020000
chr12	17020000	17021000
chr12	17021000	17022000
chr12	17022000	17023000
chr12	17023000	17024000
chr12	17024000	17025000
chr12	17025000	17026000
chr12	17026000	17027000
chr12	17027000	17028000
chr12	17028000	17029000
chr12	17029000	17030000
chr12	17030000	17031000
chr12	17031000	17032000
chr12	17032000	17033000
chr12	17033000	17034000
chr12	17034000	17035000
chr12	17035000	17036000
chr12	17036000	17037000
chr12	17037000	17038000
chr12	17038000	17039000
chr12	17039000	17040000
chr12	17040000	17041000
chr12	17041000	17042000
chr12	17042000	17043000
chr12	17043000	17044000
chr12	17044000	17045000
chr12	17045000	17046000
chr12	17046000	17047000
chr12	17047000	17048000
chr12	17048000	17049000
chr12	17049000	17050000
chr12	17050000	17051000
chr12	17051000	17052000
chr12	17052000	17053000
chr12	17053000	17054000
chr12	17054000	17055000
chr12	17055000	17056000
chr12	17056000	17057000
chr12	17057000	17058000
chr12	17058000	17059000
chr12	17060000	17061000
chr12	17061000	17062000
chr12	17063000	17064000
chr12	17064000	17065000
chr12	17065000	17066000
chr12	17066000	17067000
chr12	17067000	17068000
chr12	17068000	17069000
chr12	17069000	17070000
chr12	17070000	17071000
chr12	17071000	17072000
chr12	17073000	17074000
chr12	17076000	17077000
chr12	17077000	17078000
chr12	17078000	17079000
chr12	17079000	17080000
chr12	17080000	17081000
chr12	17081000	17082000
chr12	17082000	17083000
chr12	17083000	17084000
chr12	17084000	17085000
chr12	17085000	17086000
chr12	17086000	17087000
chr12	17087000	17088000
chr12	17088000	17089000
chr12	17089000	17090000
chr12	17090000	17091000
chr12	17091000	17092000
chr12	17092000	17093000
chr12	17093000	17094000
chr12	17094000	17095000
chr12	17095000	17096000
chr12	17096000	17097000
chr12	17097000	17098000
chr12	17098000	17099000
chr12	17099000	17100000
chr12	17100000	17101000
chr12	17101000	17102000
chr12	17102000	17103000
chr12	17103000	17104000
chr12	17104000	17105000
chr12	17105000	17106000
chr12	17108000	17109000
chr12	17109000	17110000
chr12	17110000	17111000
chr12	17113000	17114000
chr12	17114000	17115000
chr12	17115000	17116000
chr12	17117000	17118000
chr12	17119000	17120000
chr12	17120000	17121000
chr12	17121000	17122000
chr12	17122000	17123000
chr12	17123000	17124000
chr12	17124000	17125000
chr12	17125000	17126000
chr12	17126000	17127000
chr12	17127000	17128000
chr12	17128000	17129000
chr12	17129000	17130000
chr12	17130000	17131000
chr12	17131000	17132000
chr12	17132000	17133000
chr12	17133000	17134000
chr12	17134000	17135000
chr12	17135000	17136000
chr12	17136000	17137000
chr12	17137000	17138000
chr12	17138000	17139000
chr12	17139000	17140000
chr12	17140000	17141000
chr12	17141000	17142000
chr12	17142000	17143000
chr12	17143000	17144000
chr12	17144000	17145000
chr12	17145000	17146000
chr12	17146000	17147000
chr12	17147000	17148000
chr12	17148000	17149000
chr12	17149000	17150000
chr12	17150000	17151000
chr12	17151000	17152000
chr12	17152000	17153000
chr12	17153000	17154000
chr12	17154000	17155000
chr12	17155000	17156000
chr12	17156000	17157000
chr12	17157000	17158000
chr12	17158000	17159000
chr12	17159000	17160000
chr12	17160000	17161000
chr12	17161000	17162000
chr12	17162000	17163000
chr12	17163000	17164000
chr12	17164000	17165000
chr12	17165000	17166000
chr12	17166000	17167000
chr12	17167000	17168000
chr12	17168000	17169000
chr12	17169000	17170000
chr12	17170000	17171000
chr12	17171000	17172000
chr12	17172000	17173000
chr12	17173000	17174000
chr12	17174000	17175000
chr12	17177000	17178000
chr12	17178000	17179000
chr12	17179000	17180000
chr12	17180000	17181000
chr12	17181000	17182000
chr12	17182000	17183000
chr12	17183000	17184000
chr12	17184000	17185000
chr12	17185000	17186000
chr12	17186000	17187000
chr12	17187000	17188000
chr12	17188000	17189000
chr12	17189000	17190000
chr12	17190000	17191000
chr12	17191000	17192000
chr12	17194000	17195000
chr12	17195000	17196000
chr12	17196000	17197000
chr12	17197000	17198000
chr12	17198000	17199000
chr12	17199000	17200000
chr12	17200000	17201000
chr12	17201000	17202000
chr12	17202000	17203000
chr12	17203000	17204000
chr12	17204000	17205000
chr12	17205000	17206000
chr12	17206000	17207000
chr12	17207000	17208000
chr12	17208000	17209000
chr12	17209000	17210000
chr12	17210000	17211000
chr12	17211000	17212000
chr12	17212000	17213000
chr12	17213000	17214000
chr12	17214000	17215000
chr12	17215000	17216000
chr12	17216000	17217000
chr12	17217000	17218000
chr12	17218000	17219000
chr12	17219000	17220000
chr12	17220000	17221000
chr12	17221000	17222000
chr12	17222000	17223000
chr12	17223000	17224000
chr12	17224000	17225000
chr12	17225000	17226000
chr12	17226000	17227000
chr12	17227000	17228000
chr12	17228000	17229000
chr12	17229000	17230000
chr12	17230000	17231000
chr12	17231000	17232000
chr12	17232000	17233000
chr12	17233000	17234000
chr12	17234000	17235000
chr12	17235000	17236000
chr12	17237000	17238000
chr12	17238000	17239000
chr12	17241000	17242000
chr12	17242000	17243000
chr12	17243000	17244000
chr12	17244000	17245000
chr12	17245000	17246000
chr12	17246000	17247000
chr12	17247000	17248000
chr12	17248000	17249000
chr12	17249000	17250000
chr12	17250000	17251000
chr12	17251000	17252000
chr12	17252000	17253000
chr12	17253000	17254000
chr12	17254000	17255000
chr12	17255000	17256000
chr12	17259000	17260000
chr12	17260000	17261000
chr12	17261000	17262000
chr12	17262000	17263000
chr12	17263000	17264000
chr12	17264000	17265000
chr12	17265000	17266000
chr12	17266000	17267000
chr12	17267000	17268000
chr12	17268000	17269000
chr12	17269000	17270000
chr12	17270000	17271000
chr12	17271000	17272000
chr12	17272000	17273000
chr12	17273000	17274000
chr12	17274000	17275000
chr12	17275000	17276000
chr12	17276000	17277000
chr12	17277000	17278000
chr12	17278000	17279000
chr12	17279000	17280000
chr12	17280000	17281000
chr12	17281000	17282000
chr12	17282000	17283000
chr12	17283000	17284000
chr12	17284000	17285000
chr12	17286000	17287000
chr12	17287000	17288000
chr12	17288000	17289000
chr12	17289000	17290000
chr12	17290000	17291000
chr12	17291000	17292000
chr12	17292000	17293000
chr12	17293000	17294000
chr12	17294000	17295000
chr12	17295000	17296000
chr12	17296000	17297000
chr12	17297000	17298000
chr12	17299000	17300000
chr12	17300000	17301000
chr12	17301000	17302000
chr12	17302000	17303000
chr12	17303000	17304000
chr12	17304000	17305000
chr12	17305000	17306000
chr12	17306000	17307000
chr12	17307000	17308000
chr12	17308000	17309000
chr12	17309000	17310000
chr12	17310000	17311000
chr12	17311000	17312000
chr12	17312000	17313000
chr12	17313000	17314000
chr12	17314000	17315000
chr12	17315000	17316000
chr12	17316000	17317000
chr12	17317000	17318000
chr12	17318000	17319000
chr12	17319000	17320000
chr12	17320000	17321000
chr12	17321000	17322000
chr12	17323000	17324000
chr12	17324000	17325000
chr12	17325000	17326000
chr12	17326000	17327000
chr12	17327000	17328000
chr12	17328000	17329000
chr12	17329000	17330000
chr12	17330000	17331000
chr12	17331000	17332000
chr12	17332000	17333000
chr12	17333000	17334000
chr12	17334000	17335000
chr12	17337000	17338000
chr12	17338000	17339000
chr12	17339000	17340000
chr12	17340000	17341000
chr12	17341000	17342000
chr12	17342000	17343000
chr12	17343000	17344000
chr12	17344000	17345000
chr12	17345000	17346000
chr12	17346000	17347000
chr12	17347000	17348000
chr12	17348000	17349000
chr12	17349000	17350000
chr12	17350000	17351000
chr12	17351000	17352000
chr12	17352000	17353000
chr12	17353000	17354000
chr12	17354000	17355000
chr12	17355000	17356000
chr12	17356000	17357000
chr12	17357000	17358000
chr12	17358000	17359000
chr12	17359000	17360000
chr12	17360000	17361000
chr12	17361000	17362000
chr12	17363000	17364000
chr12	17364000	17365000
chr12	17365000	17366000
chr12	17366000	17367000
chr12	17367000	17368000
chr12	17368000	17369000
chr12	17369000	17370000
chr12	17370000	17371000
chr12	17371000	17372000
chr12	17372000	17373000
chr12	17373000	17374000
chr12	17374000	17375000
chr12	17375000	17376000
chr12	17376000	17377000
chr12	17377000	17378000
chr12	17378000	17379000
chr12	17379000	17380000
chr12	17380000	17381000
chr12	17381000	17382000
chr12	17382000	17383000
chr12	17383000	17384000
chr12	17384000	17385000
chr12	17385000	17386000
chr12	17386000	17387000
chr12	17387000	17388000
chr12	17388000	17389000
chr12	17389000	17390000
chr12	17390000	17391000
chr12	17391000	17392000
chr12	17392000	17393000
chr12	17393000	17394000
chr12	17394000	17395000
chr12	17395000	17396000
chr12	17396000	17397000
chr12	17397000	17398000
chr12	17398000	17399000
chr12	17399000	17400000
chr12	17400000	17401000
chr12	17401000	17402000
chr12	17402000	17403000
chr12	17403000	17404000
chr12	17404000	17405000
chr12	17405000	17406000
chr12	17406000	17407000
chr12	17407000	17408000
chr12	17408000	17409000
chr12	17409000	17410000
chr12	17410000	17411000
chr12	17411000	17412000
chr12	17412000	17413000
chr12	17413000	17414000
chr12	17414000	17415000
chr12	17415000	17416000
chr12	17416000	17417000
chr12	17417000	17418000
chr12	17418000	17419000
chr12	17419000	17420000
chr12	17420000	17421000
chr12	17421000	17422000
chr12	17422000	17423000
chr12	17423000	17424000
chr12	17424000	17425000
chr12	17425000	17426000
chr12	17426000	17427000
chr12	17427000	17428000
chr12	17428000	17429000
chr12	17429000	17430000
chr12	17430000	17431000
chr12	17431000	17432000
chr12	17432000	17433000
chr12	17433000	17434000
chr12	17434000	17435000
chr12	17435000	17436000
chr12	17436000	17437000
chr12	17437000	17438000
chr12	17438000	17439000
chr12	17439000	17440000
chr12	17440000	17441000
chr12	17441000	17442000
chr12	17442000	17443000
chr12	17443000	17444000
chr12	17444000	17445000
chr12	17445000	17446000
chr12	17447000	17448000
chr12	17448000	17449000
chr12	17449000	17450000
chr12	17450000	17451000
chr12	17451000	17452000
chr12	17452000	17453000
chr12	17453000	17454000
chr12	17454000	17455000
chr12	17455000	17456000
chr12	17456000	17457000
chr12	17457000	17458000
chr12	17458000	17459000
chr12	17459000	17460000
chr12	17460000	17461000
chr12	17461000	17462000
chr12	17462000	17463000
chr12	17463000	17464000
chr12	17465000	17466000
chr12	17466000	17467000
chr12	17467000	17468000
chr12	17468000	17469000
chr12	17469000	17470000
chr12	17470000	17471000
chr12	17471000	17472000
chr12	17472000	17473000
chr12	17473000	17474000
chr12	17474000	17475000
chr12	17475000	17476000
chr12	17476000	17477000
chr12	17477000	17478000
chr12	17478000	17479000
chr12	17479000	17480000
chr12	17480000	17481000
chr12	17481000	17482000
chr12	17482000	17483000
chr12	17483000	17484000
chr12	17484000	17485000
chr12	17485000	17486000
chr12	17486000	17487000
chr12	17487000	17488000
chr12	17488000	17489000
chr12	17489000	17490000
chr12	17490000	17491000
chr12	17491000	17492000
chr12	17492000	17493000
chr12	17493000	17494000
chr12	17494000	17495000
chr12	17495000	17496000
chr12	17496000	17497000
chr12	17497000	17498000
chr12	17498000	17499000
chr12	17499000	17500000
chr12	17500000	17501000
chr12	17501000	17502000
chr12	17502000	17503000
chr12	17504000	17505000
chr12	17505000	17506000
chr12	17506000	17507000
chr12	17507000	17508000
chr12	17508000	17509000
chr12	17509000	17510000
chr12	17510000	17511000
chr12	17511000	17512000
chr12	17512000	17513000
chr12	17513000	17514000
chr12	17514000	17515000
chr12	17515000	17516000
chr12	17517000	17518000
chr12	17518000	17519000
chr12	17519000	17520000
chr12	17521000	17522000
chr12	17522000	17523000
chr12	17523000	17524000
chr12	17524000	17525000
chr12	17525000	17526000
chr12	17526000	17527000
chr12	17527000	17528000
chr12	17528000	17529000
chr12	17529000	17530000
chr12	17530000	17531000
chr12	17531000	17532000
chr12	17532000	17533000
chr12	17533000	17534000
chr12	17534000	17535000
chr12	17535000	17536000
chr12	17536000	17537000
chr12	17537000	17538000
chr12	17539000	17540000
chr12	17540000	17541000
chr12	17541000	17542000
chr12	17542000	17543000
chr12	17543000	17544000
chr12	17544000	17545000
chr12	17545000	17546000
chr12	17546000	17547000
chr12	17547000	17548000
chr12	17548000	17549000
chr12	17549000	17550000
chr12	17550000	17551000
chr12	17551000	17552000
chr12	17552000	17553000
chr12	17553000	17554000
chr12	17554000	17555000
chr12	17555000	17556000
chr12	17556000	17557000
chr12	17557000	17558000
chr12	17558000	17559000
chr12	17559000	17560000
chr12	17560000	17561000
chr12	17561000	17562000
chr12	17562000	17563000
chr12	17563000	17564000
chr12	17564000	17565000
chr12	17565000	17566000
chr12	17566000	17567000
chr12	17567000	17568000
chr12	17568000	17569000
chr12	17569000	17570000
chr12	17570000	17571000
chr12	17571000	17572000
chr12	17572000	17573000
chr12	17573000	17574000
chr12	17574000	17575000
chr12	17575000	17576000
chr12	17576000	17577000
chr12	17577000	17578000
chr12	17578000	17579000
chr12	17579000	17580000
chr12	17580000	17581000
chr12	17581000	17582000
chr12	17582000	17583000
chr12	17583000	17584000
chr12	17584000	17585000
chr12	17585000	17586000
chr12	17586000	17587000
chr12	17587000	17588000
chr12	17588000	17589000
chr12	17589000	17590000
chr12	17590000	17591000
chr12	17591000	17592000
chr12	17592000	17593000
chr12	17593000	17594000
chr12	17594000	17595000
chr12	17595000	17596000
chr12	17596000	17597000
chr12	17597000	17598000
chr12	17598000	17599000
chr12	17600000	17601000
chr12	17606000	17607000
chr12	17608000	17609000
chr12	17609000	17610000
chr12	17610000	17611000
chr12	17611000	17612000
chr12	17617000	17618000
chr12	17618000	17619000
chr12	17619000	17620000
chr12	17620000	17621000
chr12	17621000	17622000
chr12	17622000	17623000
chr12	17623000	17624000
chr12	17624000	17625000
chr12	17625000	17626000
chr12	17626000	17627000
chr12	17627000	17628000
chr12	17628000	17629000
chr12	17629000	17630000
chr12	17630000	17631000
chr12	17631000	17632000
chr12	17632000	17633000
chr12	17633000	17634000
chr12	17634000	17635000
chr12	17635000	17636000
chr12	17636000	17637000
chr12	17637000	17638000
chr12	17638000	17639000
chr12	17639000	17640000
chr12	17640000	17641000
chr12	17641000	17642000
chr12	17642000	17643000
chr12	17643000	17644000
chr12	17644000	17645000
chr12	17645000	17646000
chr12	17646000	17647000
chr12	17647000	17648000
chr12	17648000	17649000
chr12	17649000	17650000
chr12	17650000	17651000
chr12	17651000	17652000
chr12	17652000	17653000
chr12	17653000	17654000
chr12	17654000	17655000
chr12	17655000	17656000
chr12	17656000	17657000
chr12	17657000	17658000
chr12	17658000	17659000
chr12	17659000	17660000
chr12	17660000	17661000
chr12	17661000	17662000
chr12	17662000	17663000
chr12	17663000	17664000
chr12	17664000	17665000
chr12	17665000	17666000
chr12	17666000	17667000
chr12	17667000	17668000
chr12	17668000	17669000
chr12	17669000	17670000
chr12	17670000	17671000
chr12	17671000	17672000
chr12	17673000	17674000
chr12	17674000	17675000
chr12	17675000	17676000
chr12	17676000	17677000
chr12	17677000	17678000
chr12	17678000	17679000
chr12	17679000	17680000
chr12	17680000	17681000
chr12	17681000	17682000
chr12	17682000	17683000
chr12	17683000	17684000
chr12	17684000	17685000
chr12	17685000	17686000
chr12	17686000	17687000
chr12	17687000	17688000
chr12	17688000	17689000
chr12	17689000	17690000
chr12	17690000	17691000
chr12	17691000	17692000
chr12	17692000	17693000
chr12	17693000	17694000
chr12	17694000	17695000
chr12	17695000	17696000
chr12	17696000	17697000
chr12	17697000	17698000
chr12	17698000	17699000
chr12	17699000	17700000
chr12	17700000	17701000
chr12	17701000	17702000
chr12	17702000	17703000
chr12	17703000	17704000
chr12	17704000	17705000
chr12	17705000	17706000
chr12	17706000	17707000
chr12	17707000	17708000
chr12	17708000	17709000
chr12	17709000	17710000
chr12	17710000	17711000
chr12	17711000	17712000
chr12	17712000	17713000
chr12	17713000	17714000
chr12	17714000	17715000
chr12	17715000	17716000
chr12	17716000	17717000
chr12	17717000	17718000
chr12	17718000	17719000
chr12	17719000	17720000
chr12	17720000	17721000
chr12	17721000	17722000
chr12	17722000	17723000
chr12	17723000	17724000
chr12	17724000	17725000
chr12	17725000	17726000
chr12	17726000	17727000
chr12	17728000	17729000
chr12	17729000	17730000
chr12	17730000	17731000
chr12	17731000	17732000
chr12	17732000	17733000
chr12	17733000	17734000
chr12	17734000	17735000
chr12	17735000	17736000
chr12	17736000	17737000
chr12	17737000	17738000
chr12	17738000	17739000
chr12	17739000	17740000
chr12	17740000	17741000
chr12	17741000	17742000
chr12	17742000	17743000
chr12	17743000	17744000
chr12	17744000	17745000
chr12	17745000	17746000
chr12	17746000	17747000
chr12	17747000	17748000
chr12	17748000	17749000
chr12	17750000	17751000
chr12	17751000	17752000
chr12	17752000	17753000
chr12	17753000	17754000
chr12	17754000	17755000
chr12	17755000	17756000
chr12	17756000	17757000
chr12	17757000	17758000
chr12	17758000	17759000
chr12	17759000	17760000
chr12	17760000	17761000
chr12	17761000	17762000
chr12	17762000	17763000
chr12	17763000	17764000
chr12	17764000	17765000
chr12	17765000	17766000
chr12	17766000	17767000
chr12	17767000	17768000
chr12	17768000	17769000
chr12	17769000	17770000
chr12	17770000	17771000
chr12	17771000	17772000
chr12	17772000	17773000
chr12	17773000	17774000
chr12	17774000	17775000
chr12	17775000	17776000
chr12	17776000	17777000
chr12	17777000	17778000
chr12	17778000	17779000
chr12	17779000	17780000
chr12	17780000	17781000
chr12	17781000	17782000
chr12	17782000	17783000
chr12	17783000	17784000
chr12	17784000	17785000
chr12	17785000	17786000
chr12	17786000	17787000
chr12	17787000	17788000
chr12	17788000	17789000
chr12	17789000	17790000
chr12	17790000	17791000
chr12	17791000	17792000
chr12	17792000	17793000
chr12	17793000	17794000
chr12	17794000	17795000
chr12	17795000	17796000
chr12	17796000	17797000
chr12	17797000	17798000
chr12	17798000	17799000
chr12	17799000	17800000
chr12	17800000	17801000
chr12	17801000	17802000
chr12	17802000	17803000
chr12	17803000	17804000
chr12	17804000	17805000
chr12	17805000	17806000
chr12	17806000	17807000
chr12	17807000	17808000
chr12	17808000	17809000
chr12	17809000	17810000
chr12	17810000	17811000
chr12	17811000	17812000
chr12	17812000	17813000
chr12	17813000	17814000
chr12	17814000	17815000
chr12	17817000	17818000
chr12	17818000	17819000
chr12	17819000	17820000
chr12	17820000	17821000
chr12	17821000	17822000
chr12	17822000	17823000
chr12	17823000	17824000
chr12	17824000	17825000
chr12	17825000	17826000
chr12	17827000	17828000
chr12	17828000	17829000
chr12	17829000	17830000
chr12	17830000	17831000
chr12	17831000	17832000
chr12	17832000	17833000
chr12	17833000	17834000
chr12	17834000	17835000
chr12	17835000	17836000
chr12	17836000	17837000
chr12	17837000	17838000
chr12	17838000	17839000
chr12	17839000	17840000
chr12	17840000	17841000
chr12	17841000	17842000
chr12	17842000	17843000
chr12	17843000	17844000
chr12	17844000	17845000
chr12	17845000	17846000
chr12	17846000	17847000
chr12	17847000	17848000
chr12	17848000	17849000
chr12	17849000	17850000
chr12	17850000	17851000
chr12	17851000	17852000
chr12	17852000	17853000
chr12	17853000	17854000
chr12	17854000	17855000
chr12	17855000	17856000
chr12	17856000	17857000
chr12	17857000	17858000
chr12	17858000	17859000
chr12	17859000	17860000
chr12	17860000	17861000
chr12	17861000	17862000
chr12	17862000	17863000
chr12	17863000	17864000
chr12	17864000	17865000
chr12	17865000	17866000
chr12	17866000	17867000
chr12	17867000	17868000
chr12	17868000	17869000
chr12	17869000	17870000
chr12	17870000	17871000
chr12	17871000	17872000
chr12	17872000	17873000
chr12	17873000	17874000
chr12	17874000	17875000
chr12	17875000	17876000
chr12	17876000	17877000
chr12	17877000	17878000
chr12	17878000	17879000
chr12	17879000	17880000
chr12	17880000	17881000
chr12	17882000	17883000
chr12	17883000	17884000
chr12	17884000	17885000
chr12	17885000	17886000
chr12	17886000	17887000
chr12	17887000	17888000
chr12	17888000	17889000
chr12	17889000	17890000
chr12	17890000	17891000
chr12	17891000	17892000
chr12	17892000	17893000
chr12	17893000	17894000
chr12	17897000	17898000
chr12	17898000	17899000
chr12	17899000	17900000
chr12	17900000	17901000
chr12	17901000	17902000
chr12	17902000	17903000
chr12	17903000	17904000
chr12	17904000	17905000
chr12	17905000	17906000
chr12	17906000	17907000
chr12	17907000	17908000
chr12	17908000	17909000
chr12	17909000	17910000
chr12	17910000	17911000
chr12	17911000	17912000
chr12	17912000	17913000
chr12	17913000	17914000
chr12	17914000	17915000
chr12	17916000	17917000
chr12	17917000	17918000
chr12	17918000	17919000
chr12	17919000	17920000
chr12	17920000	17921000
chr12	17921000	17922000
chr12	17922000	17923000
chr12	17923000	17924000
chr12	17924000	17925000
chr12	17925000	17926000
chr12	17926000	17927000
chr12	17927000	17928000
chr12	17928000	17929000
chr12	17929000	17930000
chr12	17930000	17931000
chr12	17931000	17932000
chr12	17932000	17933000
chr12	17933000	17934000
chr12	17934000	17935000
chr12	17935000	17936000
chr12	17936000	17937000
chr12	17937000	17938000
chr12	17938000	17939000
chr12	17939000	17940000
chr12	17940000	17941000
chr12	17941000	17942000
chr12	17942000	17943000
chr12	17943000	17944000
chr12	17944000	17945000
chr12	17945000	17946000
chr12	17946000	17947000
chr12	17947000	17948000
chr12	17948000	17949000
chr12	17949000	17950000
chr12	17950000	17951000
chr12	17951000	17952000
chr12	17952000	17953000
chr12	17953000	17954000
chr12	17954000	17955000
chr12	17955000	17956000
chr12	17956000	17957000
chr12	17957000	17958000
chr12	17958000	17959000
chr12	17959000	17960000
chr12	17960000	17961000
chr12	17962000	17963000
chr12	17963000	17964000
chr12	17964000	17965000
chr12	17965000	17966000
chr12	17966000	17967000
chr12	17967000	17968000
chr12	17968000	17969000
chr12	17969000	17970000
chr12	17970000	17971000
chr12	17971000	17972000
chr12	17972000	17973000
chr12	17973000	17974000
chr12	17974000	17975000
chr12	17975000	17976000
chr12	17976000	17977000
chr12	17977000	17978000
chr12	17978000	17979000
chr12	17979000	17980000
chr12	17980000	17981000
chr12	17981000	17982000
chr12	17982000	17983000
chr12	17983000	17984000
chr12	17984000	17985000
chr12	17985000	17986000
chr12	17986000	17987000
chr12	17987000	17988000
chr12	17988000	17989000
chr12	17989000	17990000
chr12	17990000	17991000
chr12	17991000	17992000
chr12	17992000	17993000
chr12	17993000	17994000
chr12	17994000	17995000
chr12	17995000	17996000
chr12	17996000	17997000
chr12	17997000	17998000
chr12	17998000	17999000
chr12	17999000	18000000
chr12	18000000	18001000
chr12	18001000	18002000
chr12	18002000	18003000
chr12	18003000	18004000
chr12	18004000	18005000
chr12	18005000	18006000
chr12	18006000	18007000
chr12	18007000	18008000
chr12	18008000	18009000
chr12	18009000	18010000
chr12	18010000	18011000
chr12	18011000	18012000
chr12	18012000	18013000
chr12	18013000	18014000
chr12	18014000	18015000
chr12	18015000	18016000
chr12	18016000	18017000
chr12	18017000	18018000
chr12	18018000	18019000
chr12	18019000	18020000
chr12	18020000	18021000
chr12	18021000	18022000
chr12	18022000	18023000
chr12	18023000	18024000
chr12	18024000	18025000
chr12	18025000	18026000
chr12	18026000	18027000
chr12	18027000	18028000
chr12	18028000	18029000
chr12	18029000	18030000
chr12	18030000	18031000
chr12	18031000	18032000
chr12	18032000	18033000
chr12	18033000	18034000
chr12	18034000	18035000
chr12	18035000	18036000
chr12	18036000	18037000
chr12	18037000	18038000
chr12	18038000	18039000
chr12	18039000	18040000
chr12	18040000	18041000
chr12	18041000	18042000
chr12	18042000	18043000
chr12	18043000	18044000
chr12	18046000	18047000
chr12	18047000	18048000
chr12	18048000	18049000
chr12	18049000	18050000
chr12	18050000	18051000
chr12	18051000	18052000
chr12	18052000	18053000
chr12	18053000	18054000
chr12	18054000	18055000
chr12	18055000	18056000
chr12	18056000	18057000
chr12	18057000	18058000
chr12	18058000	18059000
chr12	18059000	18060000
chr12	18060000	18061000
chr12	18061000	18062000
chr12	18062000	18063000
chr12	18063000	18064000
chr12	18064000	18065000
chr12	18065000	18066000
chr12	18066000	18067000
chr12	18067000	18068000
chr12	18068000	18069000
chr12	18069000	18070000
chr12	18070000	18071000
chr12	18071000	18072000
chr12	18072000	18073000
chr12	18073000	18074000
chr12	18074000	18075000
chr12	18075000	18076000
chr12	18076000	18077000
chr12	18077000	18078000
chr12	18078000	18079000
chr12	18079000	18080000
chr12	18080000	18081000
chr12	18081000	18082000
chr12	18082000	18083000
chr12	18083000	18084000
chr12	18084000	18085000
chr12	18085000	18086000
chr12	18086000	18087000
chr12	18087000	18088000
chr12	18089000	18090000
chr12	18090000	18091000
chr12	18091000	18092000
chr12	18092000	18093000
chr12	18093000	18094000
chr12	18094000	18095000
chr12	18095000	18096000
chr12	18096000	18097000
chr12	18097000	18098000
chr12	18098000	18099000
chr12	18099000	18100000
chr12	18100000	18101000
chr12	18101000	18102000
chr12	18102000	18103000
chr12	18103000	18104000
chr12	18104000	18105000
chr12	18105000	18106000
chr12	18106000	18107000
chr12	18107000	18108000
chr12	18108000	18109000
chr12	18109000	18110000
chr12	18110000	18111000
chr12	18111000	18112000
chr12	18112000	18113000
chr12	18113000	18114000
chr12	18114000	18115000
chr12	18115000	18116000
chr12	18116000	18117000
chr12	18117000	18118000
chr12	18118000	18119000
chr12	18122000	18123000
chr12	18123000	18124000
chr12	18124000	18125000
chr12	18125000	18126000
chr12	18126000	18127000
chr12	18127000	18128000
chr12	18128000	18129000
chr12	18129000	18130000
chr12	18130000	18131000
chr12	18131000	18132000
chr12	18132000	18133000
chr12	18133000	18134000
chr12	18134000	18135000
chr12	18135000	18136000
chr12	18136000	18137000
chr12	18137000	18138000
chr12	18138000	18139000
chr12	18139000	18140000
chr12	18140000	18141000
chr12	18141000	18142000
chr12	18143000	18144000
chr12	18160000	18161000
chr12	18161000	18162000
chr12	18162000	18163000
chr12	18163000	18164000
chr12	18164000	18165000
chr12	18165000	18166000
chr12	18166000	18167000
chr12	18167000	18168000
chr12	18168000	18169000
chr12	18169000	18170000
chr12	18170000	18171000
chr12	18171000	18172000
chr12	18172000	18173000
chr12	18173000	18174000
chr12	18174000	18175000
chr12	18175000	18176000
chr12	18176000	18177000
chr12	18177000	18178000
chr12	18178000	18179000
chr12	18179000	18180000
chr12	18180000	18181000
chr12	18181000	18182000
chr12	18182000	18183000
chr12	18183000	18184000
chr12	18184000	18185000
chr12	18185000	18186000
chr12	18186000	18187000
chr12	18187000	18188000
chr12	18188000	18189000
chr12	18189000	18190000
chr12	18190000	18191000
chr12	18191000	18192000
chr12	18192000	18193000
chr12	18193000	18194000
chr12	18194000	18195000
chr12	18195000	18196000
chr12	18196000	18197000
chr12	18197000	18198000
chr12	18198000	18199000
chr12	18199000	18200000
chr12	18200000	18201000
chr12	18201000	18202000
chr12	18202000	18203000
chr12	18203000	18204000
chr12	18204000	18205000
chr12	18205000	18206000
chr12	18206000	18207000
chr12	18207000	18208000
chr12	18208000	18209000
chr12	18209000	18210000
chr12	18210000	18211000
chr12	18211000	18212000
chr12	18212000	18213000
chr12	18213000	18214000
chr12	18214000	18215000
chr12	18215000	18216000
chr12	18216000	18217000
chr12	18217000	18218000
chr12	18218000	18219000
chr12	18219000	18220000
chr12	18220000	18221000
chr12	18221000	18222000
chr12	18222000	18223000
chr12	18225000	18226000
chr12	18226000	18227000
chr12	18227000	18228000
chr12	18228000	18229000
chr12	18229000	18230000
chr12	18230000	18231000
chr12	18231000	18232000
chr12	18232000	18233000
chr12	18233000	18234000
chr12	18234000	18235000
chr12	18235000	18236000
chr12	18236000	18237000
chr12	18237000	18238000
chr12	18238000	18239000
chr12	18239000	18240000
chr12	18240000	18241000
chr12	18241000	18242000
chr12	18242000	18243000
chr12	18243000	18244000
chr12	18244000	18245000
chr12	18245000	18246000
chr12	18246000	18247000
chr12	18247000	18248000
chr12	18248000	18249000
chr12	18249000	18250000
chr12	18250000	18251000
chr12	18251000	18252000
chr12	18252000	18253000
chr12	18253000	18254000
chr12	18254000	18255000
chr12	18255000	18256000
chr12	18256000	18257000
chr12	18257000	18258000
chr12	18258000	18259000
chr12	18259000	18260000
chr12	18260000	18261000
chr12	18261000	18262000
chr12	18262000	18263000
chr12	18263000	18264000
chr12	18264000	18265000
chr12	18265000	18266000
chr12	18266000	18267000
chr12	18267000	18268000
chr12	18276000	18277000
chr12	18277000	18278000
chr12	18278000	18279000
chr12	18279000	18280000
chr12	18280000	18281000
chr12	18281000	18282000
chr12	18282000	18283000
chr12	18283000	18284000
chr12	18284000	18285000
chr12	18285000	18286000
chr12	18286000	18287000
chr12	18287000	18288000
chr12	18288000	18289000
chr12	18289000	18290000
chr12	18290000	18291000
chr12	18291000	18292000
chr12	18292000	18293000
chr12	18293000	18294000
chr12	18295000	18296000
chr12	18296000	18297000
chr12	18297000	18298000
chr12	18298000	18299000
chr12	18299000	18300000
chr12	18300000	18301000
chr12	18301000	18302000
chr12	18302000	18303000
chr12	18303000	18304000
chr12	18304000	18305000
chr12	18305000	18306000
chr12	18307000	18308000
chr12	18308000	18309000
chr12	18309000	18310000
chr12	18310000	18311000
chr12	18311000	18312000
chr12	18315000	18316000
chr12	18316000	18317000
chr12	18317000	18318000
chr12	18318000	18319000
chr12	18319000	18320000
chr12	18320000	18321000
chr12	18321000	18322000
chr12	18322000	18323000
chr12	18323000	18324000
chr12	18324000	18325000
chr12	18325000	18326000
chr12	18326000	18327000
chr12	18327000	18328000
chr12	18328000	18329000
chr12	18329000	18330000
chr12	18330000	18331000
chr12	18331000	18332000
chr12	18332000	18333000
chr12	18333000	18334000
chr12	18334000	18335000
chr12	18335000	18336000
chr12	18336000	18337000
chr12	18337000	18338000
chr12	18338000	18339000
chr12	18339000	18340000
chr12	18340000	18341000
chr12	18341000	18342000
chr12	18342000	18343000
chr12	18343000	18344000
chr12	18344000	18345000
chr12	18345000	18346000
chr12	18346000	18347000
chr12	18347000	18348000
chr12	18348000	18349000
chr12	18349000	18350000
chr12	18350000	18351000
chr12	18351000	18352000
chr12	18352000	18353000
chr12	18353000	18354000
chr12	18354000	18355000
chr12	18355000	18356000
chr12	18356000	18357000
chr12	18357000	18358000
chr12	18358000	18359000
chr12	18359000	18360000
chr12	18360000	18361000
chr12	18361000	18362000
chr12	18362000	18363000
chr12	18363000	18364000
chr12	18364000	18365000
chr12	18365000	18366000
chr12	18366000	18367000
chr12	18367000	18368000
chr12	18368000	18369000
chr12	18369000	18370000
chr12	18370000	18371000
chr12	18371000	18372000
chr12	18372000	18373000
chr12	18373000	18374000
chr12	18375000	18376000
chr12	18376000	18377000
chr12	18377000	18378000
chr12	18378000	18379000
chr12	18379000	18380000
chr12	18380000	18381000
chr12	18381000	18382000
chr12	18382000	18383000
chr12	18383000	18384000
chr12	18384000	18385000
chr12	18385000	18386000
chr12	18386000	18387000
chr12	18387000	18388000
chr12	18388000	18389000
chr12	18389000	18390000
chr12	18390000	18391000
chr12	18391000	18392000
chr12	18392000	18393000
chr12	18393000	18394000
chr12	18394000	18395000
chr12	18395000	18396000
chr12	18396000	18397000
chr12	18397000	18398000
chr12	18398000	18399000
chr12	18399000	18400000
chr12	18401000	18402000
chr12	18402000	18403000
chr12	18403000	18404000
chr12	18406000	18407000
chr12	18408000	18409000
chr12	18409000	18410000
chr12	18410000	18411000
chr12	18411000	18412000
chr12	18412000	18413000
chr12	18413000	18414000
chr12	18414000	18415000
chr12	18415000	18416000
chr12	18416000	18417000
chr12	18417000	18418000
chr12	18418000	18419000
chr12	18419000	18420000
chr12	18420000	18421000
chr12	18421000	18422000
chr12	18422000	18423000
chr12	18423000	18424000
chr12	18424000	18425000
chr12	18425000	18426000
chr12	18426000	18427000
chr12	18427000	18428000
chr12	18428000	18429000
chr12	18430000	18431000
chr12	18431000	18432000
chr12	18432000	18433000
chr12	18433000	18434000
chr12	18434000	18435000
chr12	18435000	18436000
chr12	18436000	18437000
chr12	18437000	18438000
chr12	18438000	18439000
chr12	18439000	18440000
chr12	18440000	18441000
chr12	18441000	18442000
chr12	18442000	18443000
chr12	18443000	18444000
chr12	18444000	18445000
chr12	18445000	18446000
chr12	18446000	18447000
chr12	18447000	18448000
chr12	18448000	18449000
chr12	18449000	18450000
chr12	18450000	18451000
chr12	18451000	18452000
chr12	18452000	18453000
chr12	18453000	18454000
chr12	18454000	18455000
chr12	18455000	18456000
chr12	18456000	18457000
chr12	18457000	18458000
chr12	18458000	18459000
chr12	18459000	18460000
chr12	18460000	18461000
chr12	18461000	18462000
chr12	18462000	18463000
chr12	18463000	18464000
chr12	18464000	18465000
chr12	18465000	18466000
chr12	18466000	18467000
chr12	18467000	18468000
chr12	18468000	18469000
chr12	18469000	18470000
chr12	18470000	18471000
chr12	18471000	18472000
chr12	18472000	18473000
chr12	18473000	18474000
chr12	18474000	18475000
chr12	18475000	18476000
chr12	18476000	18477000
chr12	18477000	18478000
chr12	18478000	18479000
chr12	18479000	18480000
chr12	18480000	18481000
chr12	18481000	18482000
chr12	18482000	18483000
chr12	18483000	18484000
chr12	18484000	18485000
chr12	18485000	18486000
chr12	18486000	18487000
chr12	18488000	18489000
chr12	18489000	18490000
chr12	18490000	18491000
chr12	18491000	18492000
chr12	18492000	18493000
chr12	18493000	18494000
chr12	18494000	18495000
chr12	18495000	18496000
chr12	18496000	18497000
chr12	18497000	18498000
chr12	18498000	18499000
chr12	18499000	18500000
chr12	18500000	18501000
chr12	18501000	18502000
chr12	18502000	18503000
chr12	18503000	18504000
chr12	18504000	18505000
chr12	18505000	18506000
chr12	18506000	18507000
chr12	18507000	18508000
chr12	18508000	18509000
chr12	18509000	18510000
chr12	18510000	18511000
chr12	18511000	18512000
chr12	18512000	18513000
chr12	18513000	18514000
chr12	18514000	18515000
chr12	18515000	18516000
chr12	18516000	18517000
chr12	18517000	18518000
chr12	18518000	18519000
chr12	18519000	18520000
chr12	18520000	18521000
chr12	18521000	18522000
chr12	18522000	18523000
chr12	18523000	18524000
chr12	18524000	18525000
chr12	18525000	18526000
chr12	18527000	18528000
chr12	18528000	18529000
chr12	18529000	18530000
chr12	18530000	18531000
chr12	18531000	18532000
chr12	18532000	18533000
chr12	18533000	18534000
chr12	18534000	18535000
chr12	18535000	18536000
chr12	18536000	18537000
chr12	18537000	18538000
chr12	18538000	18539000
chr12	18539000	18540000
chr12	18540000	18541000
chr12	18541000	18542000
chr12	18542000	18543000
chr12	18543000	18544000
chr12	18544000	18545000
chr12	18545000	18546000
chr12	18546000	18547000
chr12	18547000	18548000
chr12	18548000	18549000
chr12	18549000	18550000
chr12	18550000	18551000
chr12	18551000	18552000
chr12	18552000	18553000
chr12	18553000	18554000
chr12	18554000	18555000
chr12	18555000	18556000
chr12	18556000	18557000
chr12	18557000	18558000
chr12	18558000	18559000
chr12	18559000	18560000
chr12	18560000	18561000
chr12	18561000	18562000
chr12	18562000	18563000
chr12	18563000	18564000
chr12	18564000	18565000
chr12	18565000	18566000
chr12	18566000	18567000
chr12	18567000	18568000
chr12	18568000	18569000
chr12	18569000	18570000
chr12	18570000	18571000
chr12	18571000	18572000
chr12	18572000	18573000
chr12	18573000	18574000
chr12	18574000	18575000
chr12	18575000	18576000
chr12	18576000	18577000
chr12	18577000	18578000
chr12	18578000	18579000
chr12	18579000	18580000
chr12	18580000	18581000
chr12	18581000	18582000
chr12	18582000	18583000
chr12	18583000	18584000
chr12	18584000	18585000
chr12	18585000	18586000
chr12	18586000	18587000
chr12	18587000	18588000
chr12	18588000	18589000
chr12	18589000	18590000
chr12	18590000	18591000
chr12	18591000	18592000
chr12	18592000	18593000
chr12	18593000	18594000
chr12	18594000	18595000
chr12	18595000	18596000
chr12	18596000	18597000
chr12	18597000	18598000
chr12	18598000	18599000
chr12	18599000	18600000
chr12	18600000	18601000
chr12	18601000	18602000
chr12	18602000	18603000
chr12	18603000	18604000
chr12	18604000	18605000
chr12	18605000	18606000
chr12	18606000	18607000
chr12	18607000	18608000
chr12	18608000	18609000
chr12	18609000	18610000
chr12	18610000	18611000
chr12	18611000	18612000
chr12	18612000	18613000
chr12	18613000	18614000
chr12	18614000	18615000
chr12	18615000	18616000
chr12	18616000	18617000
chr12	18617000	18618000
chr12	18618000	18619000
chr12	18619000	18620000
chr12	18620000	18621000
chr12	18621000	18622000
chr12	18622000	18623000
chr12	18623000	18624000
chr12	18624000	18625000
chr12	18625000	18626000
chr12	18626000	18627000
chr12	18627000	18628000
chr12	18628000	18629000
chr12	18629000	18630000
chr12	18630000	18631000
chr12	18631000	18632000
chr12	18632000	18633000
chr12	18633000	18634000
chr12	18634000	18635000
chr12	18635000	18636000
chr12	18636000	18637000
chr12	18637000	18638000
chr12	18638000	18639000
chr12	18639000	18640000
chr12	18640000	18641000
chr12	18641000	18642000
chr12	18642000	18643000
chr12	18643000	18644000
chr12	18644000	18645000
chr12	18645000	18646000
chr12	18646000	18647000
chr12	18647000	18648000
chr12	18648000	18649000
chr12	18649000	18650000
chr12	18650000	18651000
chr12	18651000	18652000
chr12	18652000	18653000
chr12	18653000	18654000
chr12	18654000	18655000
chr12	18655000	18656000
chr12	18658000	18659000
chr12	18659000	18660000
chr12	18660000	18661000
chr12	18661000	18662000
chr12	18662000	18663000
chr12	18663000	18664000
chr12	18664000	18665000
chr12	18665000	18666000
chr12	18666000	18667000
chr12	18667000	18668000
chr12	18668000	18669000
chr12	18669000	18670000
chr12	18670000	18671000
chr12	18671000	18672000
chr12	18672000	18673000
chr12	18673000	18674000
chr12	18674000	18675000
chr12	18676000	18677000
chr12	18677000	18678000
chr12	18678000	18679000
chr12	18680000	18681000
chr12	18681000	18682000
chr12	18682000	18683000
chr12	18683000	18684000
chr12	18684000	18685000
chr12	18686000	18687000
chr12	18687000	18688000
chr12	18688000	18689000
chr12	18689000	18690000
chr12	18690000	18691000
chr12	18691000	18692000
chr12	18692000	18693000
chr12	18693000	18694000
chr12	18694000	18695000
chr12	18695000	18696000
chr12	18696000	18697000
chr12	18697000	18698000
chr12	18698000	18699000
chr12	18699000	18700000
chr12	18700000	18701000
chr12	18701000	18702000
chr12	18702000	18703000
chr12	18703000	18704000
chr12	18704000	18705000
chr12	18705000	18706000
chr12	18706000	18707000
chr12	18707000	18708000
chr12	18708000	18709000
chr12	18709000	18710000
chr12	18710000	18711000
chr12	18711000	18712000
chr12	18712000	18713000
chr12	18713000	18714000
chr12	18714000	18715000
chr12	18715000	18716000
chr12	18716000	18717000
chr12	18717000	18718000
chr12	18718000	18719000
chr12	18719000	18720000
chr12	18720000	18721000
chr12	18721000	18722000
chr12	18722000	18723000
chr12	18723000	18724000
chr12	18724000	18725000
chr12	18725000	18726000
chr12	18726000	18727000
chr12	18727000	18728000
chr12	18728000	18729000
chr12	18729000	18730000
chr12	18730000	18731000
chr12	18731000	18732000
chr12	18732000	18733000
chr12	18733000	18734000
chr12	18734000	18735000
chr12	18735000	18736000
chr12	18736000	18737000
chr12	18737000	18738000
chr12	18738000	18739000
chr12	18739000	18740000
chr12	18740000	18741000
chr12	18741000	18742000
chr12	18742000	18743000
chr12	18743000	18744000
chr12	18744000	18745000
chr12	18745000	18746000
chr12	18746000	18747000
chr12	18747000	18748000
chr12	18748000	18749000
chr12	18749000	18750000
chr12	18750000	18751000
chr12	18751000	18752000
chr12	18752000	18753000
chr12	18753000	18754000
chr12	18754000	18755000
chr12	18755000	18756000
chr12	18756000	18757000
chr12	18757000	18758000
chr12	18758000	18759000
chr12	18759000	18760000
chr12	18760000	18761000
chr12	18761000	18762000
chr12	18762000	18763000
chr12	18763000	18764000
chr12	18764000	18765000
chr12	18765000	18766000
chr12	18766000	18767000
chr12	18767000	18768000
chr12	18768000	18769000
chr12	18769000	18770000
chr12	18770000	18771000
chr12	18771000	18772000
chr12	18772000	18773000
chr12	18773000	18774000
chr12	18774000	18775000
chr12	18775000	18776000
chr12	18776000	18777000
chr12	18777000	18778000
chr12	18778000	18779000
chr12	18779000	18780000
chr12	18780000	18781000
chr12	18781000	18782000
chr12	18782000	18783000
chr12	18783000	18784000
chr12	18784000	18785000
chr12	18785000	18786000
chr12	18786000	18787000
chr12	18787000	18788000
chr12	18788000	18789000
chr12	18789000	18790000
chr12	18790000	18791000
chr12	18791000	18792000
chr12	18792000	18793000
chr12	18793000	18794000
chr12	18794000	18795000
chr12	18795000	18796000
chr12	18796000	18797000
chr12	18797000	18798000
chr12	18798000	18799000
chr12	18799000	18800000
chr12	18800000	18801000
chr12	18801000	18802000
chr12	18802000	18803000
chr12	18803000	18804000
chr12	18804000	18805000
chr12	18805000	18806000
chr12	18806000	18807000
chr12	18807000	18808000
chr12	18808000	18809000
chr12	18809000	18810000
chr12	18810000	18811000
chr12	18811000	18812000
chr12	18812000	18813000
chr12	18813000	18814000
chr12	18814000	18815000
chr12	18815000	18816000
chr12	18816000	18817000
chr12	18817000	18818000
chr12	18818000	18819000
chr12	18819000	18820000
chr12	18820000	18821000
chr12	18821000	18822000
chr12	18822000	18823000
chr12	18823000	18824000
chr12	18824000	18825000
chr12	18825000	18826000
chr12	18826000	18827000
chr12	18827000	18828000
chr12	18828000	18829000
chr12	18829000	18830000
chr12	18830000	18831000
chr12	18831000	18832000
chr12	18832000	18833000
chr12	18833000	18834000
chr12	18834000	18835000
chr12	18835000	18836000
chr12	18836000	18837000
chr12	18837000	18838000
chr12	18838000	18839000
chr12	18839000	18840000
chr12	18840000	18841000
chr12	18841000	18842000
chr12	18842000	18843000
chr12	18843000	18844000
chr12	18844000	18845000
chr12	18845000	18846000
chr12	18846000	18847000
chr12	18847000	18848000
chr12	18848000	18849000
chr12	18849000	18850000
chr12	18850000	18851000
chr12	18851000	18852000
chr12	18852000	18853000
chr12	18853000	18854000
chr12	18854000	18855000
chr12	18855000	18856000
chr12	18856000	18857000
chr12	18857000	18858000
chr12	18858000	18859000
chr12	18859000	18860000
chr12	18860000	18861000
chr12	18861000	18862000
chr12	18862000	18863000
chr12	18863000	18864000
chr12	18864000	18865000
chr12	18865000	18866000
chr12	18866000	18867000
chr12	18867000	18868000
chr12	18868000	18869000
chr12	18869000	18870000
chr12	18870000	18871000
chr12	18871000	18872000
chr12	18872000	18873000
chr12	18873000	18874000
chr12	18874000	18875000
chr12	18875000	18876000
chr12	18876000	18877000
chr12	18877000	18878000
chr12	18878000	18879000
chr12	18879000	18880000
chr12	18880000	18881000
chr12	18881000	18882000
chr12	18882000	18883000
chr12	18883000	18884000
chr12	18884000	18885000
chr12	18885000	18886000
chr12	18886000	18887000
chr12	18887000	18888000
chr12	18888000	18889000
chr12	18889000	18890000
chr12	18890000	18891000
chr12	18891000	18892000
chr12	18892000	18893000
chr12	18893000	18894000
chr12	18894000	18895000
chr12	18895000	18896000
chr12	18896000	18897000
chr12	18897000	18898000
chr12	18898000	18899000
chr12	18899000	18900000
chr12	18900000	18901000
chr12	18901000	18902000
chr12	18902000	18903000
chr12	18903000	18904000
chr12	18904000	18905000
chr12	18905000	18906000
chr12	18906000	18907000
chr12	18907000	18908000
chr12	18908000	18909000
chr12	18909000	18910000
chr12	18910000	18911000
chr12	18911000	18912000
chr12	18912000	18913000
chr12	18913000	18914000
chr12	18914000	18915000
chr12	18915000	18916000
chr12	18916000	18917000
chr12	18917000	18918000
chr12	18918000	18919000
chr12	18919000	18920000
chr12	18920000	18921000
chr12	18921000	18922000
chr12	18922000	18923000
chr12	18923000	18924000
chr12	18924000	18925000
chr12	18925000	18926000
chr12	18926000	18927000
chr12	18927000	18928000
chr12	18928000	18929000
chr12	18929000	18930000
chr12	18930000	18931000
chr12	18931000	18932000
chr12	18932000	18933000
chr12	18933000	18934000
chr12	18934000	18935000
chr12	18935000	18936000
chr12	18936000	18937000
chr12	18937000	18938000
chr12	18938000	18939000
chr12	18939000	18940000
chr12	18940000	18941000
chr12	18941000	18942000
chr12	18942000	18943000
chr12	18943000	18944000
chr12	18944000	18945000
chr12	18945000	18946000
chr12	18946000	18947000
chr12	18947000	18948000
chr12	18948000	18949000
chr12	18949000	18950000
chr12	18950000	18951000
chr12	18951000	18952000
chr12	18952000	18953000
chr12	18953000	18954000
chr12	18955000	18956000
chr12	18956000	18957000
chr12	18957000	18958000
chr12	18958000	18959000
chr12	18959000	18960000
chr12	18960000	18961000
chr12	18961000	18962000
chr12	18962000	18963000
chr12	18963000	18964000
chr12	18964000	18965000
chr12	18965000	18966000
chr12	18966000	18967000
chr12	18967000	18968000
chr12	18968000	18969000
chr12	18969000	18970000
chr12	18970000	18971000
chr12	18971000	18972000
chr12	18972000	18973000
chr12	18973000	18974000
chr12	18974000	18975000
chr12	18975000	18976000
chr12	18976000	18977000
chr12	18977000	18978000
chr12	18978000	18979000
chr12	18979000	18980000
chr12	18980000	18981000
chr12	18981000	18982000
chr12	18982000	18983000
chr12	18983000	18984000
chr12	18984000	18985000
chr12	18985000	18986000
chr12	18986000	18987000
chr12	18987000	18988000
chr12	18988000	18989000
chr12	18989000	18990000
chr12	18990000	18991000
chr12	18991000	18992000
chr12	18992000	18993000
chr12	18993000	18994000
chr12	18994000	18995000
chr12	18995000	18996000
chr12	18996000	18997000
chr12	18997000	18998000
chr12	18998000	18999000
chr12	18999000	19000000
chr12	19000000	19001000
chr12	19001000	19002000
chr12	19002000	19003000
chr12	19003000	19004000
chr12	19004000	19005000
chr12	19005000	19006000
chr12	19006000	19007000
chr12	19007000	19008000
chr12	19008000	19009000
chr12	19009000	19010000
chr12	19010000	19011000
chr12	19011000	19012000
chr12	19012000	19013000
chr12	19013000	19014000
chr12	19014000	19015000
chr12	19015000	19016000
chr12	19017000	19018000
chr12	19018000	19019000
chr12	19019000	19020000
chr12	19020000	19021000
chr12	19021000	19022000
chr12	19022000	19023000
chr12	19023000	19024000
chr12	19024000	19025000
chr12	19025000	19026000
chr12	19026000	19027000
chr12	19027000	19028000
chr12	19028000	19029000
chr12	19029000	19030000
chr12	19030000	19031000
chr12	19031000	19032000
chr12	19032000	19033000
chr12	19033000	19034000
chr12	19034000	19035000
chr12	19035000	19036000
chr12	19036000	19037000
chr12	19037000	19038000
chr12	19038000	19039000
chr12	19039000	19040000
chr12	19040000	19041000
chr12	19041000	19042000
chr12	19042000	19043000
chr12	19043000	19044000
chr12	19044000	19045000
chr12	19045000	19046000
chr12	19046000	19047000
chr12	19047000	19048000
chr12	19048000	19049000
chr12	19049000	19050000
chr12	19050000	19051000
chr12	19051000	19052000
chr12	19052000	19053000
chr12	19053000	19054000
chr12	19054000	19055000
chr12	19055000	19056000
chr12	19056000	19057000
chr12	19057000	19058000
chr12	19058000	19059000
chr12	19059000	19060000
chr12	19060000	19061000
chr12	19061000	19062000
chr12	19062000	19063000
chr12	19063000	19064000
chr12	19064000	19065000
chr12	19065000	19066000
chr12	19066000	19067000
chr12	19067000	19068000
chr12	19068000	19069000
chr12	19069000	19070000
chr12	19070000	19071000
chr12	19071000	19072000
chr12	19072000	19073000
chr12	19073000	19074000
chr12	19074000	19075000
chr12	19075000	19076000
chr12	19076000	19077000
chr12	19077000	19078000
chr12	19078000	19079000
chr12	19079000	19080000
chr12	19080000	19081000
chr12	19081000	19082000
chr12	19082000	19083000
chr12	19083000	19084000
chr12	19084000	19085000
chr12	19085000	19086000
chr12	19086000	19087000
chr12	19087000	19088000
chr12	19088000	19089000
chr12	19089000	19090000
chr12	19090000	19091000
chr12	19091000	19092000
chr12	19092000	19093000
chr12	19093000	19094000
chr12	19094000	19095000
chr12	19095000	19096000
chr12	19096000	19097000
chr12	19097000	19098000
chr12	19098000	19099000
chr12	19099000	19100000
chr12	19100000	19101000
chr12	19101000	19102000
chr12	19102000	19103000
chr12	19103000	19104000
chr12	19104000	19105000
chr12	19105000	19106000
chr12	19106000	19107000
chr12	19107000	19108000
chr12	19108000	19109000
chr12	19109000	19110000
chr12	19110000	19111000
chr12	19111000	19112000
chr12	19112000	19113000
chr12	19113000	19114000
chr12	19114000	19115000
chr12	19115000	19116000
chr12	19116000	19117000
chr12	19117000	19118000
chr12	19118000	19119000
chr12	19119000	19120000
chr12	19120000	19121000
chr12	19121000	19122000
chr12	19125000	19126000
chr12	19128000	19129000
chr12	19130000	19131000
chr12	19133000	19134000
chr12	19134000	19135000
chr12	19135000	19136000
chr12	19136000	19137000
chr12	19139000	19140000
chr12	19140000	19141000
chr12	19141000	19142000
chr12	19142000	19143000
chr12	19143000	19144000
chr12	19144000	19145000
chr12	19145000	19146000
chr12	19146000	19147000
chr12	19147000	19148000
chr12	19148000	19149000
chr12	19150000	19151000
chr12	19151000	19152000
chr12	19152000	19153000
chr12	19153000	19154000
chr12	19154000	19155000
chr12	19155000	19156000
chr12	19156000	19157000
chr12	19157000	19158000
chr12	19161000	19162000
chr12	19162000	19163000
chr12	19163000	19164000
chr12	19164000	19165000
chr12	19165000	19166000
chr12	19166000	19167000
chr12	19167000	19168000
chr12	19168000	19169000
chr12	19169000	19170000
chr12	19170000	19171000
chr12	19171000	19172000
chr12	19172000	19173000
chr12	19173000	19174000
chr12	19174000	19175000
chr12	19175000	19176000
chr12	19177000	19178000
chr12	19178000	19179000
chr12	19179000	19180000
chr12	19180000	19181000
chr12	19181000	19182000
chr12	19182000	19183000
chr12	19183000	19184000
chr12	19184000	19185000
chr12	19185000	19186000
chr12	19186000	19187000
chr12	19187000	19188000
chr12	19188000	19189000
chr12	19189000	19190000
chr12	19190000	19191000
chr12	19191000	19192000
chr12	19192000	19193000
chr12	19193000	19194000
chr12	19194000	19195000
chr12	19195000	19196000
chr12	19196000	19197000
chr12	19197000	19198000
chr12	19198000	19199000
chr12	19199000	19200000
chr12	19200000	19201000
chr12	19201000	19202000
chr12	19202000	19203000
chr12	19203000	19204000
chr12	19204000	19205000
chr12	19205000	19206000
chr12	19206000	19207000
chr12	19207000	19208000
chr12	19208000	19209000
chr12	19209000	19210000
chr12	19210000	19211000
chr12	19211000	19212000
chr12	19212000	19213000
chr12	19213000	19214000
chr12	19214000	19215000
chr12	19215000	19216000
chr12	19216000	19217000
chr12	19217000	19218000
chr12	19218000	19219000
chr12	19219000	19220000
chr12	19220000	19221000
chr12	19221000	19222000
chr12	19222000	19223000
chr12	19223000	19224000
chr12	19224000	19225000
chr12	19225000	19226000
chr12	19226000	19227000
chr12	19227000	19228000
chr12	19228000	19229000
chr12	19229000	19230000
chr12	19230000	19231000
chr12	19231000	19232000
chr12	19232000	19233000
chr12	19233000	19234000
chr12	19234000	19235000
chr12	19235000	19236000
chr12	19236000	19237000
chr12	19237000	19238000
chr12	19238000	19239000
chr12	19239000	19240000
chr12	19240000	19241000
chr12	19241000	19242000
chr12	19242000	19243000
chr12	19243000	19244000
chr12	19244000	19245000
chr12	19245000	19246000
chr12	19246000	19247000
chr12	19247000	19248000
chr12	19248000	19249000
chr12	19249000	19250000
chr12	19250000	19251000
chr12	19251000	19252000
chr12	19252000	19253000
chr12	19253000	19254000
chr12	19254000	19255000
chr12	19255000	19256000
chr12	19256000	19257000
chr12	19257000	19258000
chr12	19258000	19259000
chr12	19259000	19260000
chr12	19260000	19261000
chr12	19261000	19262000
chr12	19262000	19263000
chr12	19263000	19264000
chr12	19264000	19265000
chr12	19265000	19266000
chr12	19266000	19267000
chr12	19267000	19268000
chr12	19268000	19269000
chr12	19269000	19270000
chr12	19270000	19271000
chr12	19271000	19272000
chr12	19272000	19273000
chr12	19273000	19274000
chr12	19274000	19275000
chr12	19275000	19276000
chr12	19276000	19277000
chr12	19277000	19278000
chr12	19278000	19279000
chr12	19279000	19280000
chr12	19280000	19281000
chr12	19283000	19284000
chr12	19284000	19285000
chr12	19285000	19286000
chr12	19286000	19287000
chr12	19287000	19288000
chr12	19288000	19289000
chr12	19289000	19290000
chr12	19290000	19291000
chr12	19291000	19292000
chr12	19292000	19293000
chr12	19293000	19294000
chr12	19294000	19295000
chr12	19295000	19296000
chr12	19296000	19297000
chr12	19297000	19298000
chr12	19298000	19299000
chr12	19299000	19300000
chr12	19300000	19301000
chr12	19301000	19302000
chr12	19302000	19303000
chr12	19303000	19304000
chr12	19304000	19305000
chr12	19305000	19306000
chr12	19306000	19307000
chr12	19307000	19308000
chr12	19308000	19309000
chr12	19309000	19310000
chr12	19310000	19311000
chr12	19311000	19312000
chr12	19312000	19313000
chr12	19313000	19314000
chr12	19314000	19315000
chr12	19315000	19316000
chr12	19316000	19317000
chr12	19317000	19318000
chr12	19318000	19319000
chr12	19319000	19320000
chr12	19320000	19321000
chr12	19321000	19322000
chr12	19322000	19323000
chr12	19323000	19324000
chr12	19324000	19325000
chr12	19325000	19326000
chr12	19326000	19327000
chr12	19327000	19328000
chr12	19328000	19329000
chr12	19329000	19330000
chr12	19330000	19331000
chr12	19331000	19332000
chr12	19332000	19333000
chr12	19333000	19334000
chr12	19334000	19335000
chr12	19335000	19336000
chr12	19336000	19337000
chr12	19337000	19338000
chr12	19338000	19339000
chr12	19339000	19340000
chr12	19340000	19341000
chr12	19341000	19342000
chr12	19342000	19343000
chr12	19343000	19344000
chr12	19344000	19345000
chr12	19345000	19346000
chr12	19346000	19347000
chr12	19347000	19348000
chr12	19348000	19349000
chr12	19349000	19350000
chr12	19350000	19351000
chr12	19351000	19352000
chr12	19352000	19353000
chr12	19353000	19354000
chr12	19354000	19355000
chr12	19355000	19356000
chr12	19356000	19357000
chr12	19357000	19358000
chr12	19358000	19359000
chr12	19359000	19360000
chr12	19360000	19361000
chr12	19361000	19362000
chr12	19362000	19363000
chr12	19363000	19364000
chr12	19364000	19365000
chr12	19365000	19366000
chr12	19366000	19367000
chr12	19367000	19368000
chr12	19368000	19369000
chr12	19369000	19370000
chr12	19370000	19371000
chr12	19371000	19372000
chr12	19372000	19373000
chr12	19373000	19374000
chr12	19374000	19375000
chr12	19375000	19376000
chr12	19376000	19377000
chr12	19377000	19378000
chr12	19378000	19379000
chr12	19379000	19380000
chr12	19380000	19381000
chr12	19381000	19382000
chr12	19382000	19383000
chr12	19383000	19384000
chr12	19384000	19385000
chr12	19385000	19386000
chr12	19386000	19387000
chr12	19387000	19388000
chr12	19388000	19389000
chr12	19392000	19393000
chr12	19393000	19394000
chr12	19397000	19398000
chr12	19398000	19399000
chr12	19399000	19400000
chr12	19400000	19401000
chr12	19401000	19402000
chr12	19402000	19403000
chr12	19403000	19404000
chr12	19404000	19405000
chr12	19405000	19406000
chr12	19406000	19407000
chr12	19407000	19408000
chr12	19408000	19409000
chr12	19409000	19410000
chr12	19410000	19411000
chr12	19411000	19412000
chr12	19412000	19413000
chr12	19414000	19415000
chr12	19415000	19416000
chr12	19419000	19420000
chr12	19420000	19421000
chr12	19421000	19422000
chr12	19422000	19423000
chr12	19423000	19424000
chr12	19424000	19425000
chr12	19425000	19426000
chr12	19426000	19427000
chr12	19427000	19428000
chr12	19429000	19430000
chr12	19430000	19431000
chr12	19431000	19432000
chr12	19432000	19433000
chr12	19433000	19434000
chr12	19436000	19437000
chr12	19437000	19438000
chr12	19441000	19442000
chr12	19442000	19443000
chr12	19443000	19444000
chr12	19444000	19445000
chr12	19445000	19446000
chr12	19446000	19447000
chr12	19447000	19448000
chr12	19448000	19449000
chr12	19449000	19450000
chr12	19450000	19451000
chr12	19453000	19454000
chr12	19454000	19455000
chr12	19455000	19456000
chr12	19456000	19457000
chr12	19457000	19458000
chr12	19458000	19459000
chr12	19459000	19460000
chr12	19460000	19461000
chr12	19461000	19462000
chr12	19462000	19463000
chr12	19463000	19464000
chr12	19464000	19465000
chr12	19465000	19466000
chr12	19466000	19467000
chr12	19467000	19468000
chr12	19468000	19469000
chr12	19469000	19470000
chr12	19470000	19471000
chr12	19472000	19473000
chr12	19473000	19474000
chr12	19474000	19475000
chr12	19475000	19476000
chr12	19477000	19478000
chr12	19478000	19479000
chr12	19479000	19480000
chr12	19480000	19481000
chr12	19481000	19482000
chr12	19482000	19483000
chr12	19483000	19484000
chr12	19484000	19485000
chr12	19485000	19486000
chr12	19486000	19487000
chr12	19487000	19488000
chr12	19488000	19489000
chr12	19489000	19490000
chr12	19490000	19491000
chr12	19491000	19492000
chr12	19492000	19493000
chr12	19493000	19494000
chr12	19494000	19495000
chr12	19495000	19496000
chr12	19496000	19497000
chr12	19497000	19498000
chr12	19498000	19499000
chr12	19500000	19501000
chr12	19501000	19502000
chr12	19502000	19503000
chr12	19503000	19504000
chr12	19504000	19505000
chr12	19505000	19506000
chr12	19506000	19507000
chr12	19507000	19508000
chr12	19508000	19509000
chr12	19509000	19510000
chr12	19510000	19511000
chr12	19511000	19512000
chr12	19512000	19513000
chr12	19513000	19514000
chr12	19514000	19515000
chr12	19515000	19516000
chr12	19516000	19517000
chr12	19517000	19518000
chr12	19518000	19519000
chr12	19519000	19520000
chr12	19520000	19521000
chr12	19521000	19522000
chr12	19522000	19523000
chr12	19523000	19524000
chr12	19524000	19525000
chr12	19525000	19526000
chr12	19526000	19527000
chr12	19527000	19528000
chr12	19528000	19529000
chr12	19529000	19530000
chr12	19530000	19531000
chr12	19531000	19532000
chr12	19533000	19534000
chr12	19534000	19535000
chr12	19536000	19537000
chr12	19542000	19543000
chr12	19543000	19544000
chr12	19546000	19547000
chr12	19550000	19551000
chr12	19551000	19552000
chr12	19552000	19553000
chr12	19553000	19554000
chr12	19554000	19555000
chr12	19555000	19556000
chr12	19556000	19557000
chr12	19557000	19558000
chr12	19558000	19559000
chr12	19559000	19560000
chr12	19560000	19561000
chr12	19561000	19562000
chr12	19562000	19563000
chr12	19563000	19564000
chr12	19564000	19565000
chr12	19565000	19566000
chr12	19566000	19567000
chr12	19567000	19568000
chr12	19568000	19569000
chr12	19569000	19570000
chr12	19570000	19571000
chr12	19571000	19572000
chr12	19572000	19573000
chr12	19573000	19574000
chr12	19574000	19575000
chr12	19575000	19576000
chr12	19576000	19577000
chr12	19577000	19578000
chr12	19578000	19579000
chr12	19579000	19580000
chr12	19580000	19581000
chr12	19581000	19582000
chr12	19582000	19583000
chr12	19583000	19584000
chr12	19584000	19585000
chr12	19585000	19586000
chr12	19586000	19587000
chr12	19587000	19588000
chr12	19588000	19589000
chr12	19589000	19590000
chr12	19590000	19591000
chr12	19591000	19592000
chr12	19592000	19593000
chr12	19593000	19594000
chr12	19594000	19595000
chr12	19595000	19596000
chr12	19596000	19597000
chr12	19597000	19598000
chr12	19598000	19599000
chr12	19599000	19600000
chr12	19600000	19601000
chr12	19601000	19602000
chr12	19602000	19603000
chr12	19603000	19604000
chr12	19604000	19605000
chr12	19605000	19606000
chr12	19606000	19607000
chr12	19607000	19608000
chr12	19608000	19609000
chr12	19611000	19612000
chr12	19612000	19613000
chr12	19613000	19614000
chr12	19614000	19615000
chr12	19615000	19616000
chr12	19616000	19617000
chr12	19617000	19618000
chr12	19618000	19619000
chr12	19619000	19620000
chr12	19620000	19621000
chr12	19621000	19622000
chr12	19622000	19623000
chr12	19623000	19624000
chr12	19624000	19625000
chr12	19625000	19626000
chr12	19626000	19627000
chr12	19627000	19628000
chr12	19628000	19629000
chr12	19629000	19630000
chr12	19630000	19631000
chr12	19631000	19632000
chr12	19632000	19633000
chr12	19633000	19634000
chr12	19634000	19635000
chr12	19635000	19636000
chr12	19639000	19640000
chr12	19640000	19641000
chr12	19641000	19642000
chr12	19642000	19643000
chr12	19643000	19644000
chr12	19644000	19645000
chr12	19648000	19649000
chr12	19649000	19650000
chr12	19650000	19651000
chr12	19652000	19653000
chr12	19653000	19654000
chr12	19654000	19655000
chr12	19655000	19656000
chr12	19656000	19657000
chr12	19657000	19658000
chr12	19658000	19659000
chr12	19659000	19660000
chr12	19660000	19661000
chr12	19661000	19662000
chr12	19662000	19663000
chr12	19663000	19664000
chr12	19664000	19665000
chr12	19665000	19666000
chr12	19666000	19667000
chr12	19667000	19668000
chr12	19668000	19669000
chr12	19669000	19670000
chr12	19670000	19671000
chr12	19671000	19672000
chr12	19672000	19673000
chr12	19673000	19674000
chr12	19674000	19675000
chr12	19675000	19676000
chr12	19676000	19677000
chr12	19677000	19678000
chr12	19678000	19679000
chr12	19679000	19680000
chr12	19680000	19681000
chr12	19681000	19682000
chr12	19682000	19683000
chr12	19683000	19684000
chr12	19684000	19685000
chr12	19685000	19686000
chr12	19686000	19687000
chr12	19687000	19688000
chr12	19688000	19689000
chr12	19689000	19690000
chr12	19690000	19691000
chr12	19691000	19692000
chr12	19692000	19693000
chr12	19693000	19694000
chr12	19694000	19695000
chr12	19695000	19696000
chr12	19696000	19697000
chr12	19697000	19698000
chr12	19698000	19699000
chr12	19699000	19700000
chr12	19700000	19701000
chr12	19701000	19702000
chr12	19702000	19703000
chr12	19703000	19704000
chr12	19704000	19705000
chr12	19705000	19706000
chr12	19706000	19707000
chr12	19707000	19708000
chr12	19708000	19709000
chr12	19709000	19710000
chr12	19710000	19711000
chr12	19711000	19712000
chr12	19712000	19713000
chr12	19713000	19714000
chr12	19714000	19715000
chr12	19715000	19716000
chr12	19716000	19717000
chr12	19717000	19718000
chr12	19718000	19719000
chr12	19719000	19720000
chr12	19720000	19721000
chr12	19721000	19722000
chr12	19722000	19723000
chr12	19723000	19724000
chr12	19724000	19725000
chr12	19725000	19726000
chr12	19726000	19727000
chr12	19727000	19728000
chr12	19728000	19729000
chr12	19729000	19730000
chr12	19730000	19731000
chr12	19731000	19732000
chr12	19732000	19733000
chr12	19733000	19734000
chr12	19734000	19735000
chr12	19735000	19736000
chr12	19736000	19737000
chr12	19737000	19738000
chr12	19738000	19739000
chr12	19739000	19740000
chr12	19740000	19741000
chr12	19741000	19742000
chr12	19742000	19743000
chr12	19743000	19744000
chr12	19744000	19745000
chr12	19745000	19746000
chr12	19746000	19747000
chr12	19747000	19748000
chr12	19748000	19749000
chr12	19749000	19750000
chr12	19750000	19751000
chr12	19751000	19752000
chr12	19752000	19753000
chr12	19753000	19754000
chr12	19754000	19755000
chr12	19755000	19756000
chr12	19756000	19757000
chr12	19757000	19758000
chr12	19758000	19759000
chr12	19759000	19760000
chr12	19760000	19761000
chr12	19761000	19762000
chr12	19762000	19763000
chr12	19763000	19764000
chr12	19764000	19765000
chr12	19765000	19766000
chr12	19766000	19767000
chr12	19767000	19768000
chr12	19768000	19769000
chr12	19769000	19770000
chr12	19770000	19771000
chr12	19771000	19772000
chr12	19772000	19773000
chr12	19773000	19774000
chr12	19774000	19775000
chr12	19775000	19776000
chr12	19776000	19777000
chr12	19777000	19778000
chr12	19778000	19779000
chr12	19779000	19780000
chr12	19780000	19781000
chr12	19781000	19782000
chr12	19782000	19783000
chr12	19783000	19784000
chr12	19784000	19785000
chr12	19785000	19786000
chr12	19786000	19787000
chr12	19787000	19788000
chr12	19788000	19789000
chr12	19789000	19790000
chr12	19790000	19791000
chr12	19791000	19792000
chr12	19792000	19793000
chr12	19793000	19794000
chr12	19794000	19795000
chr12	19795000	19796000
chr12	19796000	19797000
chr12	19797000	19798000
chr12	19798000	19799000
chr12	19799000	19800000
chr12	19800000	19801000
chr12	19801000	19802000
chr12	19802000	19803000
chr12	19803000	19804000
chr12	19804000	19805000
chr12	19805000	19806000
chr12	19806000	19807000
chr12	19807000	19808000
chr12	19808000	19809000
chr12	19809000	19810000
chr12	19810000	19811000
chr12	19811000	19812000
chr12	19812000	19813000
chr12	19813000	19814000
chr12	19814000	19815000
chr12	19815000	19816000
chr12	19816000	19817000
chr12	19817000	19818000
chr12	19818000	19819000
chr12	19819000	19820000
chr12	19820000	19821000
chr12	19821000	19822000
chr12	19822000	19823000
chr12	19823000	19824000
chr12	19824000	19825000
chr12	19825000	19826000
chr12	19826000	19827000
chr12	19827000	19828000
chr12	19828000	19829000
chr12	19829000	19830000
chr12	19831000	19832000
chr12	19832000	19833000
chr12	19833000	19834000
chr12	19834000	19835000
chr12	19835000	19836000
chr12	19836000	19837000
chr12	19837000	19838000
chr12	19838000	19839000
chr12	19839000	19840000
chr12	19840000	19841000
chr12	19841000	19842000
chr12	19842000	19843000
chr12	19843000	19844000
chr12	19844000	19845000
chr12	19847000	19848000
chr12	19848000	19849000
chr12	19849000	19850000
chr12	19850000	19851000
chr12	19851000	19852000
chr12	19852000	19853000
chr12	19853000	19854000
chr12	19854000	19855000
chr12	19855000	19856000
chr12	19856000	19857000
chr12	19857000	19858000
chr12	19858000	19859000
chr12	19859000	19860000
chr12	19860000	19861000
chr12	19861000	19862000
chr12	19862000	19863000
chr12	19863000	19864000
chr12	19864000	19865000
chr12	19865000	19866000
chr12	19866000	19867000
chr12	19867000	19868000
chr12	19868000	19869000
chr12	19869000	19870000
chr12	19870000	19871000
chr12	19871000	19872000
chr12	19872000	19873000
chr12	19873000	19874000
chr12	19874000	19875000
chr12	19875000	19876000
chr12	19876000	19877000
chr12	19877000	19878000
chr12	19878000	19879000
chr12	19879000	19880000
chr12	19880000	19881000
chr12	19881000	19882000
chr12	19882000	19883000
chr12	19883000	19884000
chr12	19884000	19885000
chr12	19885000	19886000
chr12	19886000	19887000
chr12	19887000	19888000
chr12	19888000	19889000
chr12	19889000	19890000
chr12	19890000	19891000
chr12	19891000	19892000
chr12	19892000	19893000
chr12	19893000	19894000
chr12	19894000	19895000
chr12	19895000	19896000
chr12	19896000	19897000
chr12	19897000	19898000
chr12	19898000	19899000
chr12	19899000	19900000
chr12	19900000	19901000
chr12	19901000	19902000
chr12	19902000	19903000
chr12	19903000	19904000
chr12	19904000	19905000
chr12	19905000	19906000
chr12	19906000	19907000
chr12	19907000	19908000
chr12	19908000	19909000
chr12	19909000	19910000
chr12	19910000	19911000
chr12	19911000	19912000
chr12	19912000	19913000
chr12	19913000	19914000
chr12	19914000	19915000
chr12	19915000	19916000
chr12	19916000	19917000
chr12	19917000	19918000
chr12	19921000	19922000
chr12	19922000	19923000
chr12	19923000	19924000
chr12	19924000	19925000
chr12	19925000	19926000
chr12	19926000	19927000
chr12	19927000	19928000
chr12	19928000	19929000
chr12	19929000	19930000
chr12	19930000	19931000
chr12	19931000	19932000
chr12	19935000	19936000
chr12	19936000	19937000
chr12	19937000	19938000
chr12	19938000	19939000
chr12	19939000	19940000
chr12	19940000	19941000
chr12	19941000	19942000
chr12	19942000	19943000
chr12	19943000	19944000
chr12	19944000	19945000
chr12	19945000	19946000
chr12	19946000	19947000
chr12	19947000	19948000
chr12	19948000	19949000
chr12	19949000	19950000
chr12	19950000	19951000
chr12	19951000	19952000
chr12	19952000	19953000
chr12	19953000	19954000
chr12	19954000	19955000
chr12	19955000	19956000
chr12	19956000	19957000
chr12	19957000	19958000
chr12	19958000	19959000
chr12	19959000	19960000
chr12	19960000	19961000
chr12	19961000	19962000
chr12	19962000	19963000
chr12	19963000	19964000
chr12	19964000	19965000
chr12	19965000	19966000
chr12	19966000	19967000
chr12	19967000	19968000
chr12	19968000	19969000
chr12	19969000	19970000
chr12	19970000	19971000
chr12	19971000	19972000
chr12	19972000	19973000
chr12	19973000	19974000
chr12	19974000	19975000
chr12	19975000	19976000
chr12	19976000	19977000
chr12	19977000	19978000
chr12	19978000	19979000
chr12	19979000	19980000
chr12	19980000	19981000
chr12	19981000	19982000
chr12	19982000	19983000
chr12	19983000	19984000
chr12	19984000	19985000
chr12	19985000	19986000
chr12	19986000	19987000
chr12	19987000	19988000
chr12	19988000	19989000
chr12	19989000	19990000
chr12	19990000	19991000
chr12	19991000	19992000
chr12	19992000	19993000
chr12	19993000	19994000
chr12	20029000	20030000
chr12	20030000	20031000
chr12	20055000	20056000
chr12	20057000	20058000
chr12	20062000	20063000
chr12	20066000	20067000
chr12	20071000	20072000
chr12	20074000	20075000
chr12	20075000	20076000
chr12	20076000	20077000
chr12	20077000	20078000
chr12	20078000	20079000
chr12	20080000	20081000
chr12	20081000	20082000
chr12	20089000	20090000
chr12	20092000	20093000
chr12	20102000	20103000
chr12	20103000	20104000
chr12	20105000	20106000
chr12	20107000	20108000
chr12	20109000	20110000
chr12	20110000	20111000
chr12	20111000	20112000
chr12	20112000	20113000
chr12	20113000	20114000
chr12	20114000	20115000
chr12	20116000	20117000
chr12	20120000	20121000
chr12	20121000	20122000
chr12	20122000	20123000
chr12	20123000	20124000
chr12	20124000	20125000
chr12	20125000	20126000
chr12	20126000	20127000
chr12	20127000	20128000
chr12	20129000	20130000
chr12	20130000	20131000
chr12	20131000	20132000
chr12	20132000	20133000
chr12	20133000	20134000
chr12	20134000	20135000
chr12	20135000	20136000
chr12	20136000	20137000
chr12	20137000	20138000
chr12	20139000	20140000
chr12	20140000	20141000
chr12	20141000	20142000
chr12	20142000	20143000
chr12	20144000	20145000
chr12	20145000	20146000
chr12	20146000	20147000
chr12	20147000	20148000
chr12	20148000	20149000
chr12	20149000	20150000
chr12	20150000	20151000
chr12	20151000	20152000
chr12	20152000	20153000
chr12	20153000	20154000
chr12	20154000	20155000
chr12	20155000	20156000
chr12	20156000	20157000
chr12	20157000	20158000
chr12	20158000	20159000
chr12	20159000	20160000
chr12	20160000	20161000
chr12	20161000	20162000
chr12	20162000	20163000
chr12	20163000	20164000
chr12	20164000	20165000
chr12	20165000	20166000
chr12	20166000	20167000
chr12	20167000	20168000
chr12	20168000	20169000
chr12	20169000	20170000
chr12	20170000	20171000
chr12	20171000	20172000
chr12	20172000	20173000
chr12	20173000	20174000
chr12	20174000	20175000
chr12	20175000	20176000
chr12	20176000	20177000
chr12	20177000	20178000
chr12	20178000	20179000
chr12	20179000	20180000
chr12	20180000	20181000
chr12	20181000	20182000
chr12	20182000	20183000
chr12	20183000	20184000
chr12	20185000	20186000
chr12	20186000	20187000
chr12	20187000	20188000
chr12	20188000	20189000
chr12	20189000	20190000
chr12	20190000	20191000
chr12	20191000	20192000
chr12	20192000	20193000
chr12	20193000	20194000
chr12	20194000	20195000
chr12	20195000	20196000
chr12	20196000	20197000
chr12	20197000	20198000
chr12	20198000	20199000
chr12	20199000	20200000
chr12	20200000	20201000
chr12	20201000	20202000
chr12	20202000	20203000
chr12	20203000	20204000
chr12	20205000	20206000
chr12	20206000	20207000
chr12	20207000	20208000
chr12	20208000	20209000
chr12	20209000	20210000
chr12	20210000	20211000
chr12	20211000	20212000
chr12	20212000	20213000
chr12	20213000	20214000
chr12	20214000	20215000
chr12	20215000	20216000
chr12	20216000	20217000
chr12	20217000	20218000
chr12	20218000	20219000
chr12	20219000	20220000
chr12	20220000	20221000
chr12	20221000	20222000
chr12	20222000	20223000
chr12	20223000	20224000
chr12	20224000	20225000
chr12	20225000	20226000
chr12	20226000	20227000
chr12	20227000	20228000
chr12	20228000	20229000
chr12	20229000	20230000
chr12	20230000	20231000
chr12	20231000	20232000
chr12	20232000	20233000
chr12	20233000	20234000
chr12	20234000	20235000
chr12	20235000	20236000
chr12	20236000	20237000
chr12	20237000	20238000
chr12	20238000	20239000
chr12	20239000	20240000
chr12	20240000	20241000
chr12	20241000	20242000
chr12	20242000	20243000
chr12	20243000	20244000
chr12	20244000	20245000
chr12	20245000	20246000
chr12	20246000	20247000
chr12	20247000	20248000
chr12	20248000	20249000
chr12	20249000	20250000
chr12	20250000	20251000
chr12	20251000	20252000
chr12	20252000	20253000
chr12	20253000	20254000
chr12	20254000	20255000
chr12	20255000	20256000
chr12	20256000	20257000
chr12	20257000	20258000
chr12	20258000	20259000
chr12	20259000	20260000
chr12	20260000	20261000
chr12	20261000	20262000
chr12	20262000	20263000
chr12	20263000	20264000
chr12	20264000	20265000
chr12	20265000	20266000
chr12	20266000	20267000
chr12	20267000	20268000
chr12	20270000	20271000
chr12	20272000	20273000
chr12	20273000	20274000
chr12	20274000	20275000
chr12	20275000	20276000
chr12	20276000	20277000
chr12	20277000	20278000
chr12	20278000	20279000
chr12	20279000	20280000
chr12	20280000	20281000
chr12	20281000	20282000
chr12	20282000	20283000
chr12	20283000	20284000
chr12	20284000	20285000
chr12	20285000	20286000
chr12	20286000	20287000
chr12	20287000	20288000
chr12	20288000	20289000
chr12	20289000	20290000
chr12	20290000	20291000
chr12	20291000	20292000
chr12	20292000	20293000
chr12	20293000	20294000
chr12	20295000	20296000
chr12	20296000	20297000
chr12	20297000	20298000
chr12	20298000	20299000
chr12	20299000	20300000
chr12	20300000	20301000
chr12	20301000	20302000
chr12	20302000	20303000
chr12	20303000	20304000
chr12	20304000	20305000
chr12	20305000	20306000
chr12	20306000	20307000
chr12	20307000	20308000
chr12	20308000	20309000
chr12	20309000	20310000
chr12	20310000	20311000
chr12	20311000	20312000
chr12	20312000	20313000
chr12	20313000	20314000
chr12	20314000	20315000
chr12	20315000	20316000
chr12	20316000	20317000
chr12	20317000	20318000
chr12	20318000	20319000
chr12	20319000	20320000
chr12	20320000	20321000
chr12	20321000	20322000
chr12	20322000	20323000
chr12	20323000	20324000
chr12	20324000	20325000
chr12	20325000	20326000
chr12	20326000	20327000
chr12	20327000	20328000
chr12	20328000	20329000
chr12	20330000	20331000
chr12	20331000	20332000
chr12	20332000	20333000
chr12	20333000	20334000
chr12	20334000	20335000
chr12	20335000	20336000
chr12	20336000	20337000
chr12	20337000	20338000
chr12	20338000	20339000
chr12	20339000	20340000
chr12	20340000	20341000
chr12	20341000	20342000
chr12	20342000	20343000
chr12	20343000	20344000
chr12	20344000	20345000
chr12	20346000	20347000
chr12	20347000	20348000
chr12	20348000	20349000
chr12	20349000	20350000
chr12	20350000	20351000
chr12	20351000	20352000
chr12	20352000	20353000
chr12	20353000	20354000
chr12	20354000	20355000
chr12	20355000	20356000
chr12	20356000	20357000
chr12	20357000	20358000
chr12	20358000	20359000
chr12	20359000	20360000
chr12	20360000	20361000
chr12	20361000	20362000
chr12	20362000	20363000
chr12	20363000	20364000
chr12	20364000	20365000
chr12	20365000	20366000
chr12	20366000	20367000
chr12	20367000	20368000
chr12	20368000	20369000
chr12	20369000	20370000
chr12	20370000	20371000
chr12	20371000	20372000
chr12	20372000	20373000
chr12	20373000	20374000
chr12	20374000	20375000
chr12	20375000	20376000
chr12	20376000	20377000
chr12	20377000	20378000
chr12	20378000	20379000
chr12	20379000	20380000
chr12	20380000	20381000
chr12	20381000	20382000
chr12	20382000	20383000
chr12	20383000	20384000
chr12	20384000	20385000
chr12	20385000	20386000
chr12	20387000	20388000
chr12	20388000	20389000
chr12	20389000	20390000
chr12	20390000	20391000
chr12	20391000	20392000
chr12	20392000	20393000
chr12	20393000	20394000
chr12	20394000	20395000
chr12	20395000	20396000
chr12	20396000	20397000
chr12	20397000	20398000
chr12	20398000	20399000
chr12	20399000	20400000
chr12	20400000	20401000
chr12	20401000	20402000
chr12	20402000	20403000
chr12	20403000	20404000
chr12	20404000	20405000
chr12	20405000	20406000
chr12	20406000	20407000
chr12	20407000	20408000
chr12	20408000	20409000
chr12	20409000	20410000
chr12	20410000	20411000
chr12	20411000	20412000
chr12	20412000	20413000
chr12	20413000	20414000
chr12	20414000	20415000
chr12	20415000	20416000
chr12	20416000	20417000
chr12	20417000	20418000
chr12	20419000	20420000
chr12	20420000	20421000
chr12	20421000	20422000
chr12	20422000	20423000
chr12	20423000	20424000
chr12	20424000	20425000
chr12	20425000	20426000
chr12	20426000	20427000
chr12	20427000	20428000
chr12	20428000	20429000
chr12	20429000	20430000
chr12	20430000	20431000
chr12	20431000	20432000
chr12	20432000	20433000
chr12	20433000	20434000
chr12	20434000	20435000
chr12	20435000	20436000
chr12	20436000	20437000
chr12	20437000	20438000
chr12	20438000	20439000
chr12	20439000	20440000
chr12	20440000	20441000
chr12	20441000	20442000
chr12	20442000	20443000
chr12	20443000	20444000
chr12	20444000	20445000
chr12	20445000	20446000
chr12	20446000	20447000
chr12	20447000	20448000
chr12	20451000	20452000
chr12	20452000	20453000
chr12	20455000	20456000
chr12	20456000	20457000
chr12	20457000	20458000
chr12	20458000	20459000
chr12	20459000	20460000
chr12	20460000	20461000
chr12	20461000	20462000
chr12	20462000	20463000
chr12	20463000	20464000
chr12	20464000	20465000
chr12	20465000	20466000
chr12	20466000	20467000
chr12	20467000	20468000
chr12	20468000	20469000
chr12	20469000	20470000
chr12	20470000	20471000
chr12	20471000	20472000
chr12	20472000	20473000
chr12	20473000	20474000
chr12	20474000	20475000
chr12	20475000	20476000
chr12	20476000	20477000
chr12	20477000	20478000
chr12	20478000	20479000
chr12	20479000	20480000
chr12	20482000	20483000
chr12	20483000	20484000
chr12	20484000	20485000
chr12	20485000	20486000
chr12	20486000	20487000
chr12	20488000	20489000
chr12	20489000	20490000
chr12	20491000	20492000
chr12	20492000	20493000
chr12	20493000	20494000
chr12	20494000	20495000
chr12	20495000	20496000
chr12	20496000	20497000
chr12	20497000	20498000
chr12	20498000	20499000
chr12	20499000	20500000
chr12	20501000	20502000
chr12	20502000	20503000
chr12	20504000	20505000
chr12	20505000	20506000
chr12	20506000	20507000
chr12	20507000	20508000
chr12	20508000	20509000
chr12	20509000	20510000
chr12	20510000	20511000
chr12	20511000	20512000
chr12	20512000	20513000
chr12	20513000	20514000
chr12	20514000	20515000
chr12	20515000	20516000
chr12	20516000	20517000
chr12	20517000	20518000
chr12	20518000	20519000
chr12	20519000	20520000
chr12	20520000	20521000
chr12	20521000	20522000
chr12	20522000	20523000
chr12	20523000	20524000
chr12	20524000	20525000
chr12	20525000	20526000
chr12	20526000	20527000
chr12	20527000	20528000
chr12	20528000	20529000
chr12	20529000	20530000
chr12	20530000	20531000
chr12	20531000	20532000
chr12	20532000	20533000
chr12	20533000	20534000
chr12	20534000	20535000
chr12	20535000	20536000
chr12	20536000	20537000
chr12	20537000	20538000
chr12	20538000	20539000
chr12	20541000	20542000
chr12	20545000	20546000
chr12	20547000	20548000
chr12	20548000	20549000
chr12	20549000	20550000
chr12	20550000	20551000
chr12	20551000	20552000
chr12	20552000	20553000
chr12	20553000	20554000
chr12	20554000	20555000
chr12	20555000	20556000
chr12	20556000	20557000
chr12	20557000	20558000
chr12	20558000	20559000
chr12	20559000	20560000
chr12	20560000	20561000
chr12	20561000	20562000
chr12	20562000	20563000
chr12	20563000	20564000
chr12	20564000	20565000
chr12	20565000	20566000
chr12	20566000	20567000
chr12	20567000	20568000
chr12	20568000	20569000
chr12	20569000	20570000
chr12	20570000	20571000
chr12	20571000	20572000
chr12	20572000	20573000
chr12	20573000	20574000
chr12	20574000	20575000
chr12	20575000	20576000
chr12	20576000	20577000
chr12	20577000	20578000
chr12	20578000	20579000
chr12	20579000	20580000
chr12	20580000	20581000
chr12	20581000	20582000
chr12	20582000	20583000
chr12	20583000	20584000
chr12	20584000	20585000
chr12	20585000	20586000
chr12	20586000	20587000
chr12	20587000	20588000
chr12	20591000	20592000
chr12	20592000	20593000
chr12	20593000	20594000
chr12	20594000	20595000
chr12	20595000	20596000
chr12	20596000	20597000
chr12	20597000	20598000
chr12	20598000	20599000
chr12	20599000	20600000
chr12	20600000	20601000
chr12	20601000	20602000
chr12	20602000	20603000
chr12	20603000	20604000
chr12	20604000	20605000
chr12	20605000	20606000
chr12	20606000	20607000
chr12	20607000	20608000
chr12	20608000	20609000
chr12	20609000	20610000
chr12	20610000	20611000
chr12	20611000	20612000
chr12	20612000	20613000
chr12	20613000	20614000
chr12	20614000	20615000
chr12	20615000	20616000
chr12	20616000	20617000
chr12	20617000	20618000
chr12	20618000	20619000
chr12	20619000	20620000
chr12	20620000	20621000
chr12	20621000	20622000
chr12	20622000	20623000
chr12	20623000	20624000
chr12	20624000	20625000
chr12	20625000	20626000
chr12	20626000	20627000
chr12	20627000	20628000
chr12	20628000	20629000
chr12	20629000	20630000
chr12	20630000	20631000
chr12	20631000	20632000
chr12	20632000	20633000
chr12	20634000	20635000
chr12	20635000	20636000
chr12	20636000	20637000
chr12	20637000	20638000
chr12	20638000	20639000
chr12	20639000	20640000
chr12	20640000	20641000
chr12	20641000	20642000
chr12	20642000	20643000
chr12	20643000	20644000
chr12	20644000	20645000
chr12	20645000	20646000
chr12	20646000	20647000
chr12	20647000	20648000
chr12	20648000	20649000
chr12	20649000	20650000
chr12	20650000	20651000
chr12	20651000	20652000
chr12	20652000	20653000
chr12	20653000	20654000
chr12	20654000	20655000
chr12	20655000	20656000
chr12	20656000	20657000
chr12	20657000	20658000
chr12	20658000	20659000
chr12	20659000	20660000
chr12	20660000	20661000
chr12	20661000	20662000
chr12	20662000	20663000
chr12	20663000	20664000
chr12	20664000	20665000
chr12	20665000	20666000
chr12	20666000	20667000
chr12	20667000	20668000
chr12	20668000	20669000
chr12	20669000	20670000
chr12	20670000	20671000
chr12	20671000	20672000
chr12	20672000	20673000
chr12	20673000	20674000
chr12	20674000	20675000
chr12	20675000	20676000
chr12	20676000	20677000
chr12	20677000	20678000
chr12	20678000	20679000
chr12	20679000	20680000
chr12	20680000	20681000
chr12	20681000	20682000
chr12	20682000	20683000
chr12	20683000	20684000
chr12	20688000	20689000
chr12	20689000	20690000
chr12	20690000	20691000
chr12	20691000	20692000
chr12	20692000	20693000
chr12	20693000	20694000
chr12	20694000	20695000
chr12	20695000	20696000
chr12	20696000	20697000
chr12	20697000	20698000
chr12	20698000	20699000
chr12	20699000	20700000
chr12	20700000	20701000
chr12	20701000	20702000
chr12	20702000	20703000
chr12	20703000	20704000
chr12	20705000	20706000
chr12	20706000	20707000
chr12	20707000	20708000
chr12	20708000	20709000
chr12	20709000	20710000
chr12	20712000	20713000
chr12	20713000	20714000
chr12	20714000	20715000
chr12	20715000	20716000
chr12	20716000	20717000
chr12	20717000	20718000
chr12	20718000	20719000
chr12	20719000	20720000
chr12	20720000	20721000
chr12	20721000	20722000
chr12	20723000	20724000
chr12	20725000	20726000
chr12	20726000	20727000
chr12	20727000	20728000
chr12	20728000	20729000
chr12	20729000	20730000
chr12	20730000	20731000
chr12	20731000	20732000
chr12	20732000	20733000
chr12	20733000	20734000
chr12	20734000	20735000
chr12	20735000	20736000
chr12	20736000	20737000
chr12	20737000	20738000
chr12	20738000	20739000
chr12	20739000	20740000
chr12	20740000	20741000
chr12	20741000	20742000
chr12	20743000	20744000
chr12	20744000	20745000
chr12	20745000	20746000
chr12	20747000	20748000
chr12	20749000	20750000
chr12	20750000	20751000
chr12	20752000	20753000
chr12	20755000	20756000
chr12	20756000	20757000
chr12	20757000	20758000
chr12	20758000	20759000
chr12	20760000	20761000
chr12	20762000	20763000
chr12	20763000	20764000
chr12	20765000	20766000
chr12	20766000	20767000
chr12	20768000	20769000
chr12	20769000	20770000
chr12	20773000	20774000
chr12	20774000	20775000
chr12	20775000	20776000
chr12	20776000	20777000
chr12	20777000	20778000
chr12	20778000	20779000
chr12	20779000	20780000
chr12	20780000	20781000
chr12	20782000	20783000
chr12	20783000	20784000
chr12	20784000	20785000
chr12	20785000	20786000
chr12	20786000	20787000
chr12	20787000	20788000
chr12	20788000	20789000
chr12	20790000	20791000
chr12	20791000	20792000
chr12	20792000	20793000
chr12	20793000	20794000
chr12	20794000	20795000
chr12	20795000	20796000
chr12	20797000	20798000
chr12	20798000	20799000
chr12	20799000	20800000
chr12	20800000	20801000
chr12	20801000	20802000
chr12	20802000	20803000
chr12	20803000	20804000
chr12	20804000	20805000
chr12	20805000	20806000
chr12	20806000	20807000
chr12	20807000	20808000
chr12	20808000	20809000
chr12	20809000	20810000
chr12	20810000	20811000
chr12	20811000	20812000
chr12	20812000	20813000
chr12	20813000	20814000
chr12	20814000	20815000
chr12	20815000	20816000
chr12	20816000	20817000
chr12	20817000	20818000
chr12	20818000	20819000
chr12	20819000	20820000
chr12	20820000	20821000
chr12	20821000	20822000
chr12	20822000	20823000
chr12	20823000	20824000
chr12	20824000	20825000
chr12	20825000	20826000
chr12	20827000	20828000
chr12	20828000	20829000
chr12	20829000	20830000
chr12	20830000	20831000
chr12	20831000	20832000
chr12	20832000	20833000
chr12	20833000	20834000
chr12	20834000	20835000
chr12	20835000	20836000
chr12	20837000	20838000
chr12	20838000	20839000
chr12	20839000	20840000
chr12	20840000	20841000
chr12	20841000	20842000
chr12	20842000	20843000
chr12	20843000	20844000
chr12	20844000	20845000
chr12	20845000	20846000
chr12	20846000	20847000
chr12	20847000	20848000
chr12	20848000	20849000
chr12	20849000	20850000
chr12	20850000	20851000
chr12	20851000	20852000
chr12	20852000	20853000
chr12	20853000	20854000
chr12	20854000	20855000
chr12	20855000	20856000
chr12	20856000	20857000
chr12	20857000	20858000
chr12	20858000	20859000
chr12	20859000	20860000
chr12	20860000	20861000
chr12	20861000	20862000
chr12	20862000	20863000
chr12	20863000	20864000
chr12	20865000	20866000
chr12	20866000	20867000
chr12	20878000	20879000
chr12	20879000	20880000
chr12	20880000	20881000
chr12	20881000	20882000
chr12	20882000	20883000
chr12	20883000	20884000
chr12	20884000	20885000
chr12	20886000	20887000
chr12	20887000	20888000
chr12	20890000	20891000
chr12	20891000	20892000
chr12	20892000	20893000
chr12	20893000	20894000
chr12	20894000	20895000
chr12	20897000	20898000
chr12	20898000	20899000
chr12	20899000	20900000
chr12	20900000	20901000
chr12	20901000	20902000
chr12	20903000	20904000
chr12	20904000	20905000
chr12	20905000	20906000
chr12	20906000	20907000
chr12	20907000	20908000
chr12	20908000	20909000
chr12	20909000	20910000
chr12	20910000	20911000
chr12	20911000	20912000
chr12	20912000	20913000
chr12	20913000	20914000
chr12	20914000	20915000
chr12	20915000	20916000
chr12	20916000	20917000
chr12	20917000	20918000
chr12	20918000	20919000
chr12	20919000	20920000
chr12	20920000	20921000
chr12	20921000	20922000
chr12	20922000	20923000
chr12	20923000	20924000
chr12	20924000	20925000
chr12	20925000	20926000
chr12	20926000	20927000
chr12	20927000	20928000
chr12	20928000	20929000
chr12	20929000	20930000
chr12	20930000	20931000
chr12	20931000	20932000
chr12	20932000	20933000
chr12	20933000	20934000
chr12	20934000	20935000
chr12	20935000	20936000
chr12	20936000	20937000
chr12	20937000	20938000
chr12	20938000	20939000
chr12	20939000	20940000
chr12	20940000	20941000
chr12	20941000	20942000
chr12	20942000	20943000
chr12	20943000	20944000
chr12	20944000	20945000
chr12	20945000	20946000
chr12	20946000	20947000
chr12	20947000	20948000
chr12	20948000	20949000
chr12	20949000	20950000
chr12	20950000	20951000
chr12	20951000	20952000
chr12	20952000	20953000
chr12	20953000	20954000
chr12	20954000	20955000
chr12	20955000	20956000
chr12	20956000	20957000
chr12	20957000	20958000
chr12	20958000	20959000
chr12	20959000	20960000
chr12	20960000	20961000
chr12	20961000	20962000
chr12	20963000	20964000
chr12	20964000	20965000
chr12	20965000	20966000
chr12	20966000	20967000
chr12	20967000	20968000
chr12	20968000	20969000
chr12	20969000	20970000
chr12	20970000	20971000
chr12	20971000	20972000
chr12	20972000	20973000
chr12	20973000	20974000
chr12	20974000	20975000
chr12	20975000	20976000
chr12	20976000	20977000
chr12	20977000	20978000
chr12	20978000	20979000
chr12	20979000	20980000
chr12	20980000	20981000
chr12	20981000	20982000
chr12	20982000	20983000
chr12	20983000	20984000
chr12	20984000	20985000
chr12	20985000	20986000
chr12	20986000	20987000
chr12	20987000	20988000
chr12	20988000	20989000
chr12	20989000	20990000
chr12	20990000	20991000
chr12	20991000	20992000
chr12	20992000	20993000
chr12	20993000	20994000
chr12	20994000	20995000
chr12	20995000	20996000
chr12	20996000	20997000
chr12	20997000	20998000
chr12	20998000	20999000
chr12	20999000	21000000
chr12	21000000	21001000
chr12	21001000	21002000
chr12	21002000	21003000
chr12	21003000	21004000
chr12	21004000	21005000
chr12	21005000	21006000
chr12	21006000	21007000
chr12	21007000	21008000
chr12	21008000	21009000
chr12	21009000	21010000
chr12	21010000	21011000
chr12	21011000	21012000
chr12	21012000	21013000
chr12	21013000	21014000
chr12	21014000	21015000
chr12	21015000	21016000
chr12	21016000	21017000
chr12	21017000	21018000
chr12	21018000	21019000
chr12	21019000	21020000
chr12	21020000	21021000
chr12	21021000	21022000
chr12	21022000	21023000
chr12	21023000	21024000
chr12	21024000	21025000
chr12	21025000	21026000
chr12	21026000	21027000
chr12	21027000	21028000
chr12	21028000	21029000
chr12	21029000	21030000
chr12	21030000	21031000
chr12	21031000	21032000
chr12	21037000	21038000
chr12	21038000	21039000
chr12	21039000	21040000
chr12	21040000	21041000
chr12	21041000	21042000
chr12	21042000	21043000
chr12	21043000	21044000
chr12	21044000	21045000
chr12	21045000	21046000
chr12	21046000	21047000
chr12	21047000	21048000
chr12	21048000	21049000
chr12	21049000	21050000
chr12	21050000	21051000
chr12	21051000	21052000
chr12	21052000	21053000
chr12	21053000	21054000
chr12	21054000	21055000
chr12	21055000	21056000
chr12	21056000	21057000
chr12	21057000	21058000
chr12	21058000	21059000
chr12	21059000	21060000
chr12	21060000	21061000
chr12	21061000	21062000
chr12	21062000	21063000
chr12	21063000	21064000
chr12	21064000	21065000
chr12	21065000	21066000
chr12	21066000	21067000
chr12	21067000	21068000
chr12	21068000	21069000
chr12	21069000	21070000
chr12	21070000	21071000
chr12	21071000	21072000
chr12	21072000	21073000
chr12	21073000	21074000
chr12	21074000	21075000
chr12	21075000	21076000
chr12	21077000	21078000
chr12	21078000	21079000
chr12	21079000	21080000
chr12	21080000	21081000
chr12	21081000	21082000
chr12	21082000	21083000
chr12	21083000	21084000
chr12	21084000	21085000
chr12	21085000	21086000
chr12	21086000	21087000
chr12	21087000	21088000
chr12	21088000	21089000
chr12	21089000	21090000
chr12	21090000	21091000
chr12	21091000	21092000
chr12	21092000	21093000
chr12	21093000	21094000
chr12	21094000	21095000
chr12	21095000	21096000
chr12	21096000	21097000
chr12	21097000	21098000
chr12	21098000	21099000
chr12	21099000	21100000
chr12	21102000	21103000
chr12	21103000	21104000
chr12	21104000	21105000
chr12	21105000	21106000
chr12	21109000	21110000
chr12	21110000	21111000
chr12	21111000	21112000
chr12	21112000	21113000
chr12	21113000	21114000
chr12	21114000	21115000
chr12	21115000	21116000
chr12	21116000	21117000
chr12	21117000	21118000
chr12	21118000	21119000
chr12	21119000	21120000
chr12	21120000	21121000
chr12	21122000	21123000
chr12	21123000	21124000
chr12	21125000	21126000
chr12	21127000	21128000
chr12	21128000	21129000
chr12	21129000	21130000
chr12	21131000	21132000
chr12	21132000	21133000
chr12	21133000	21134000
chr12	21134000	21135000
chr12	21135000	21136000
chr12	21138000	21139000
chr12	21139000	21140000
chr12	21140000	21141000
chr12	21141000	21142000
chr12	21142000	21143000
chr12	21143000	21144000
chr12	21145000	21146000
chr12	21146000	21147000
chr12	21147000	21148000
chr12	21148000	21149000
chr12	21149000	21150000
chr12	21150000	21151000
chr12	21151000	21152000
chr12	21152000	21153000
chr12	21153000	21154000
chr12	21155000	21156000
chr12	21156000	21157000
chr12	21157000	21158000
chr12	21158000	21159000
chr12	21159000	21160000
chr12	21160000	21161000
chr12	21161000	21162000
chr12	21162000	21163000
chr12	21163000	21164000
chr12	21166000	21167000
chr12	21167000	21168000
chr12	21168000	21169000
chr12	21170000	21171000
chr12	21171000	21172000
chr12	21172000	21173000
chr12	21173000	21174000
chr12	21174000	21175000
chr12	21175000	21176000
chr12	21176000	21177000
chr12	21177000	21178000
chr12	21178000	21179000
chr12	21179000	21180000
chr12	21180000	21181000
chr12	21181000	21182000
chr12	21182000	21183000
chr12	21183000	21184000
chr12	21184000	21185000
chr12	21185000	21186000
chr12	21186000	21187000
chr12	21187000	21188000
chr12	21188000	21189000
chr12	21189000	21190000
chr12	21190000	21191000
chr12	21191000	21192000
chr12	21195000	21196000
chr12	21196000	21197000
chr12	21197000	21198000
chr12	21198000	21199000
chr12	21199000	21200000
chr12	21200000	21201000
chr12	21201000	21202000
chr12	21202000	21203000
chr12	21203000	21204000
chr12	21204000	21205000
chr12	21205000	21206000
chr12	21206000	21207000
chr12	21207000	21208000
chr12	21208000	21209000
chr12	21209000	21210000
chr12	21210000	21211000
chr12	21213000	21214000
chr12	21214000	21215000
chr12	21215000	21216000
chr12	21217000	21218000
chr12	21218000	21219000
chr12	21219000	21220000
chr12	21220000	21221000
chr12	21222000	21223000
chr12	21223000	21224000
chr12	21224000	21225000
chr12	21225000	21226000
chr12	21226000	21227000
chr12	21227000	21228000
chr12	21228000	21229000
chr12	21229000	21230000
chr12	21230000	21231000
chr12	21231000	21232000
chr12	21232000	21233000
chr12	21233000	21234000
chr12	21234000	21235000
chr12	21235000	21236000
chr12	21236000	21237000
chr12	21237000	21238000
chr12	21238000	21239000
chr12	21240000	21241000
chr12	21241000	21242000
chr12	21242000	21243000
chr12	21243000	21244000
chr12	21245000	21246000
chr12	21246000	21247000
chr12	21247000	21248000
chr12	21248000	21249000
chr12	21249000	21250000
chr12	21251000	21252000
chr12	21252000	21253000
chr12	21253000	21254000
chr12	21254000	21255000
chr12	21255000	21256000
chr12	21256000	21257000
chr12	21257000	21258000
chr12	21258000	21259000
chr12	21260000	21261000
chr12	21261000	21262000
chr12	21262000	21263000
chr12	21263000	21264000
chr12	21264000	21265000
chr12	21265000	21266000
chr12	21266000	21267000
chr12	21267000	21268000
chr12	21268000	21269000
chr12	21269000	21270000
chr12	21270000	21271000
chr12	21271000	21272000
chr12	21272000	21273000
chr12	21273000	21274000
chr12	21274000	21275000
chr12	21275000	21276000
chr12	21276000	21277000
chr12	21277000	21278000
chr12	21278000	21279000
chr12	21279000	21280000
chr12	21280000	21281000
chr12	21281000	21282000
chr12	21282000	21283000
chr12	21283000	21284000
chr12	21284000	21285000
chr12	21285000	21286000
chr12	21286000	21287000
chr12	21287000	21288000
chr12	21288000	21289000
chr12	21289000	21290000
chr12	21290000	21291000
chr12	21291000	21292000
chr12	21295000	21296000
chr12	21296000	21297000
chr12	21297000	21298000
chr12	21298000	21299000
chr12	21299000	21300000
chr12	21300000	21301000
chr12	21301000	21302000
chr12	21302000	21303000
chr12	21303000	21304000
chr12	21305000	21306000
chr12	21306000	21307000
chr12	21307000	21308000
chr12	21308000	21309000
chr12	21309000	21310000
chr12	21310000	21311000
chr12	21311000	21312000
chr12	21312000	21313000
chr12	21313000	21314000
chr12	21314000	21315000
chr12	21315000	21316000
chr12	21316000	21317000
chr12	21317000	21318000
chr12	21318000	21319000
chr12	21319000	21320000
chr12	21320000	21321000
chr12	21321000	21322000
chr12	21322000	21323000
chr12	21323000	21324000
chr12	21324000	21325000
chr12	21325000	21326000
chr12	21326000	21327000
chr12	21327000	21328000
chr12	21328000	21329000
chr12	21329000	21330000
chr12	21330000	21331000
chr12	21331000	21332000
chr12	21332000	21333000
chr12	21333000	21334000
chr12	21334000	21335000
chr12	21335000	21336000
chr12	21336000	21337000
chr12	21337000	21338000
chr12	21338000	21339000
chr12	21339000	21340000
chr12	21341000	21342000
chr12	21342000	21343000
chr12	21343000	21344000
chr12	21344000	21345000
chr12	21345000	21346000
chr12	21346000	21347000
chr12	21347000	21348000
chr12	21348000	21349000
chr12	21349000	21350000
chr12	21350000	21351000
chr12	21351000	21352000
chr12	21352000	21353000
chr12	21353000	21354000
chr12	21354000	21355000
chr12	21355000	21356000
chr12	21356000	21357000
chr12	21357000	21358000
chr12	21358000	21359000
chr12	21359000	21360000
chr12	21360000	21361000
chr12	21361000	21362000
chr12	21362000	21363000
chr12	21363000	21364000
chr12	21365000	21366000
chr12	21366000	21367000
chr12	21368000	21369000
chr12	21369000	21370000
chr12	21370000	21371000
chr12	21371000	21372000
chr12	21378000	21379000
chr12	21380000	21381000
chr12	21381000	21382000
chr12	21382000	21383000
chr12	21383000	21384000
chr12	21384000	21385000
chr12	21385000	21386000
chr12	21386000	21387000
chr12	21387000	21388000
chr12	21388000	21389000
chr12	21389000	21390000
chr12	21390000	21391000
chr12	21391000	21392000
chr12	21395000	21396000
chr12	21396000	21397000
chr12	21397000	21398000
chr12	21398000	21399000
chr12	21399000	21400000
chr12	21400000	21401000
chr12	21401000	21402000
chr12	21402000	21403000
chr12	21403000	21404000
chr12	21404000	21405000
chr12	21405000	21406000
chr12	21406000	21407000
chr12	21407000	21408000
chr12	21408000	21409000
chr12	21409000	21410000
chr12	21410000	21411000
chr12	21411000	21412000
chr12	21412000	21413000
chr12	21413000	21414000
chr12	21414000	21415000
chr12	21415000	21416000
chr12	21416000	21417000
chr12	21417000	21418000
chr12	21418000	21419000
chr12	21419000	21420000
chr12	21420000	21421000
chr12	21421000	21422000
chr12	21422000	21423000
chr12	21423000	21424000
chr12	21424000	21425000
chr12	21425000	21426000
chr12	21426000	21427000
chr12	21427000	21428000
chr12	21428000	21429000
chr12	21429000	21430000
chr12	21430000	21431000
chr12	21431000	21432000
chr12	21432000	21433000
chr12	21433000	21434000
chr12	21434000	21435000
chr12	21436000	21437000
chr12	21437000	21438000
chr12	21439000	21440000
chr12	21440000	21441000
chr12	21441000	21442000
chr12	21443000	21444000
chr12	21444000	21445000
chr12	21446000	21447000
chr12	21447000	21448000
chr12	21448000	21449000
chr12	21449000	21450000
chr12	21450000	21451000
chr12	21451000	21452000
chr12	21452000	21453000
chr12	21457000	21458000
chr12	21458000	21459000
chr12	21459000	21460000
chr12	21461000	21462000
chr12	21462000	21463000
chr12	21463000	21464000
chr12	21464000	21465000
chr12	21466000	21467000
chr12	21467000	21468000
chr12	21468000	21469000
chr12	21469000	21470000
chr12	21470000	21471000
chr12	21472000	21473000
chr12	21473000	21474000
chr12	21474000	21475000
chr12	21475000	21476000
chr12	21476000	21477000
chr12	21477000	21478000
chr12	21478000	21479000
chr12	21479000	21480000
chr12	21480000	21481000
chr12	21481000	21482000
chr12	21484000	21485000
chr12	21485000	21486000
chr12	21486000	21487000
chr12	21487000	21488000
chr12	21488000	21489000
chr12	21489000	21490000
chr12	21490000	21491000
chr12	21491000	21492000
chr12	21492000	21493000
chr12	21493000	21494000
chr12	21494000	21495000
chr12	21495000	21496000
chr12	21496000	21497000
chr12	21497000	21498000
chr12	21498000	21499000
chr12	21499000	21500000
chr12	21500000	21501000
chr12	21501000	21502000
chr12	21502000	21503000
chr12	21503000	21504000
chr12	21504000	21505000
chr12	21505000	21506000
chr12	21506000	21507000
chr12	21509000	21510000
chr12	21510000	21511000
chr12	21511000	21512000
chr12	21512000	21513000
chr12	21513000	21514000
chr12	21514000	21515000
chr12	21518000	21519000
chr12	21520000	21521000
chr12	21521000	21522000
chr12	21523000	21524000
chr12	21524000	21525000
chr12	21525000	21526000
chr12	21526000	21527000
chr12	21527000	21528000
chr12	21528000	21529000
chr12	21529000	21530000
chr12	21533000	21534000
chr12	21534000	21535000
chr12	21535000	21536000
chr12	21536000	21537000
chr12	21537000	21538000
chr12	21538000	21539000
chr12	21539000	21540000
chr12	21540000	21541000
chr12	21541000	21542000
chr12	21542000	21543000
chr12	21543000	21544000
chr12	21544000	21545000
chr12	21545000	21546000
chr12	21548000	21549000
chr12	21549000	21550000
chr12	21550000	21551000
chr12	21551000	21552000
chr12	21552000	21553000
chr12	21553000	21554000
chr12	21554000	21555000
chr12	21555000	21556000
chr12	21590000	21591000
chr12	21594000	21595000
chr12	21643000	21644000
chr12	21647000	21648000
chr12	21649000	21650000
chr12	21753000	21754000
chr12	21765000	21766000
chr12	21769000	21770000
chr12	21771000	21772000
chr12	21777000	21778000
chr12	21778000	21779000
chr12	21781000	21782000
chr12	21782000	21783000
chr12	21784000	21785000
chr12	21785000	21786000
chr12	21789000	21790000
chr12	21790000	21791000
chr12	21791000	21792000
chr12	21792000	21793000
chr12	21793000	21794000
chr12	21794000	21795000
chr12	21795000	21796000
chr12	21796000	21797000
chr12	21803000	21804000
chr12	21804000	21805000
chr12	21806000	21807000
chr12	21807000	21808000
chr12	21808000	21809000
chr12	21810000	21811000
chr12	21812000	21813000
chr12	21813000	21814000
chr12	21815000	21816000
chr12	21817000	21818000
chr12	21818000	21819000
chr12	21819000	21820000
chr12	21820000	21821000
chr12	21821000	21822000
chr12	21822000	21823000
chr12	21823000	21824000
chr12	21824000	21825000
chr12	21826000	21827000
chr12	21827000	21828000
chr12	21828000	21829000
chr12	21829000	21830000
chr12	21830000	21831000
chr12	21832000	21833000
chr12	21834000	21835000
chr12	21835000	21836000
chr12	21836000	21837000
chr12	21837000	21838000
chr12	21838000	21839000
chr12	21840000	21841000
chr12	21841000	21842000
chr12	21842000	21843000
chr12	21843000	21844000
chr12	21844000	21845000
chr12	21845000	21846000
chr12	21846000	21847000
chr12	21847000	21848000
chr12	21848000	21849000
chr12	21851000	21852000
chr12	21853000	21854000
chr12	21854000	21855000
chr12	21855000	21856000
chr12	21856000	21857000
chr12	21857000	21858000
chr12	21858000	21859000
chr12	21859000	21860000
chr12	21860000	21861000
chr12	21861000	21862000
chr12	21862000	21863000
chr12	21863000	21864000
chr12	21864000	21865000
chr12	21865000	21866000
chr12	21867000	21868000
chr12	21868000	21869000
chr12	21869000	21870000
chr12	21870000	21871000
chr12	21871000	21872000
chr12	21872000	21873000
chr12	21873000	21874000
chr12	21874000	21875000
chr12	21875000	21876000
chr12	21879000	21880000
chr12	21881000	21882000
chr12	21882000	21883000
chr12	21883000	21884000
chr12	21884000	21885000
chr12	21885000	21886000
chr12	21886000	21887000
chr12	21888000	21889000
chr12	21889000	21890000
chr12	21890000	21891000
chr12	21891000	21892000
chr12	21892000	21893000
chr12	21893000	21894000
chr12	21894000	21895000
chr12	21895000	21896000
chr12	21897000	21898000
chr12	21901000	21902000
chr12	21902000	21903000
chr12	21903000	21904000
chr12	21904000	21905000
chr12	21905000	21906000
chr12	21906000	21907000
chr12	21907000	21908000
chr12	21908000	21909000
chr12	21909000	21910000
chr12	21910000	21911000
chr12	21911000	21912000
chr12	21912000	21913000
chr12	21914000	21915000
chr12	21915000	21916000
chr12	21916000	21917000
chr12	21917000	21918000
chr12	21918000	21919000
chr12	21919000	21920000
chr12	21920000	21921000
chr12	21921000	21922000
chr12	21922000	21923000
chr12	21923000	21924000
chr12	21924000	21925000
chr12	21925000	21926000
chr12	21926000	21927000
chr12	21927000	21928000
chr12	21928000	21929000
chr12	21929000	21930000
chr12	21930000	21931000
chr12	21931000	21932000
chr12	21932000	21933000
chr12	21934000	21935000
chr12	21935000	21936000
chr12	21936000	21937000
chr12	21937000	21938000
chr12	21938000	21939000
chr12	21939000	21940000
chr12	21940000	21941000
chr12	21941000	21942000
chr12	21943000	21944000
chr12	21944000	21945000
chr12	21945000	21946000
chr12	21946000	21947000
chr12	21947000	21948000
chr12	21948000	21949000
chr12	21949000	21950000
chr12	21950000	21951000
chr12	21951000	21952000
chr12	21967000	21968000
chr12	21969000	21970000
chr12	21970000	21971000
chr12	21971000	21972000
chr12	21978000	21979000
chr12	21980000	21981000
chr12	21984000	21985000
chr12	21985000	21986000
chr12	21987000	21988000
chr12	21996000	21997000
chr12	21998000	21999000
chr12	21999000	22000000
chr12	22000000	22001000
chr12	22001000	22002000
chr12	22002000	22003000
chr12	22003000	22004000
chr12	22004000	22005000
chr12	22005000	22006000
chr12	22006000	22007000
chr12	22007000	22008000
chr12	22008000	22009000
chr12	22009000	22010000
chr12	22010000	22011000
chr12	22011000	22012000
chr12	22012000	22013000
chr12	22013000	22014000
chr12	22014000	22015000
chr12	22015000	22016000
chr12	22016000	22017000
chr12	22017000	22018000
chr12	22018000	22019000
chr12	22019000	22020000
chr12	22020000	22021000
chr12	22021000	22022000
chr12	22022000	22023000
chr12	22023000	22024000
chr12	22024000	22025000
chr12	22025000	22026000
chr12	22026000	22027000
chr12	22027000	22028000
chr12	22028000	22029000
chr12	22029000	22030000
chr12	22030000	22031000
chr12	22031000	22032000
chr12	22032000	22033000
chr12	22033000	22034000
chr12	22034000	22035000
chr12	22035000	22036000
chr12	22036000	22037000
chr12	22037000	22038000
chr12	22038000	22039000
chr12	22039000	22040000
chr12	22042000	22043000
chr12	22044000	22045000
chr12	22045000	22046000
chr12	22046000	22047000
chr12	22048000	22049000
chr12	22049000	22050000
chr12	22050000	22051000
chr12	22051000	22052000
chr12	22052000	22053000
chr12	22053000	22054000
chr12	22054000	22055000
chr12	22055000	22056000
chr12	22056000	22057000
chr12	22057000	22058000
chr12	22058000	22059000
chr12	22059000	22060000
chr12	22060000	22061000
chr12	22061000	22062000
chr12	22062000	22063000
chr12	22063000	22064000
chr12	22064000	22065000
chr12	22065000	22066000
chr12	22066000	22067000
chr12	22067000	22068000
chr12	22069000	22070000
chr12	22070000	22071000
chr12	22071000	22072000
chr12	22072000	22073000
chr12	22073000	22074000
chr12	22074000	22075000
chr12	22075000	22076000
chr12	22076000	22077000
chr12	22077000	22078000
chr12	22078000	22079000
chr12	22079000	22080000
chr12	22080000	22081000
chr12	22081000	22082000
chr12	22082000	22083000
chr12	22083000	22084000
chr12	22084000	22085000
chr12	22085000	22086000
chr12	22086000	22087000
chr12	22087000	22088000
chr12	22088000	22089000
chr12	22089000	22090000
chr12	22096000	22097000
chr12	22097000	22098000
chr12	22098000	22099000
chr12	22099000	22100000
chr12	22100000	22101000
chr12	22101000	22102000
chr12	22102000	22103000
chr12	22103000	22104000
chr12	22104000	22105000
chr12	22105000	22106000
chr12	22106000	22107000
chr12	22107000	22108000
chr12	22108000	22109000
chr12	22109000	22110000
chr12	22110000	22111000
chr12	22111000	22112000
chr12	22112000	22113000
chr12	22113000	22114000
chr12	22114000	22115000
chr12	22115000	22116000
chr12	22116000	22117000
chr12	22117000	22118000
chr12	22118000	22119000
chr12	22119000	22120000
chr12	22120000	22121000
chr12	22121000	22122000
chr12	22122000	22123000
chr12	22123000	22124000
chr12	22124000	22125000
chr12	22125000	22126000
chr12	22126000	22127000
chr12	22127000	22128000
chr12	22128000	22129000
chr12	22129000	22130000
chr12	22130000	22131000
chr12	22131000	22132000
chr12	22132000	22133000
chr12	22133000	22134000
chr12	22134000	22135000
chr12	22135000	22136000
chr12	22136000	22137000
chr12	22137000	22138000
chr12	22138000	22139000
chr12	22139000	22140000
chr12	22140000	22141000
chr12	22141000	22142000
chr12	22143000	22144000
chr12	22144000	22145000
chr12	22145000	22146000
chr12	22146000	22147000
chr12	22147000	22148000
chr12	22148000	22149000
chr12	22149000	22150000
chr12	22150000	22151000
chr12	22151000	22152000
chr12	22152000	22153000
chr12	22154000	22155000
chr12	22155000	22156000
chr12	22156000	22157000
chr12	22157000	22158000
chr12	22158000	22159000
chr12	22159000	22160000
chr12	22160000	22161000
chr12	22161000	22162000
chr12	22162000	22163000
chr12	22163000	22164000
chr12	22164000	22165000
chr12	22165000	22166000
chr12	22166000	22167000
chr12	22167000	22168000
chr12	22168000	22169000
chr12	22169000	22170000
chr12	22170000	22171000
chr12	22171000	22172000
chr12	22172000	22173000
chr12	22173000	22174000
chr12	22174000	22175000
chr12	22175000	22176000
chr12	22176000	22177000
chr12	22177000	22178000
chr12	22178000	22179000
chr12	22180000	22181000
chr12	22181000	22182000
chr12	22182000	22183000
chr12	22183000	22184000
chr12	22184000	22185000
chr12	22185000	22186000
chr12	22188000	22189000
chr12	22189000	22190000
chr12	22190000	22191000
chr12	22191000	22192000
chr12	22192000	22193000
chr12	22193000	22194000
chr12	22194000	22195000
chr12	22195000	22196000
chr12	22196000	22197000
chr12	22197000	22198000
chr12	22198000	22199000
chr12	22199000	22200000
chr12	22200000	22201000
chr12	22201000	22202000
chr12	22202000	22203000
chr12	22203000	22204000
chr12	22204000	22205000
chr12	22205000	22206000
chr12	22206000	22207000
chr12	22207000	22208000
chr12	22208000	22209000
chr12	22209000	22210000
chr12	22210000	22211000
chr12	22211000	22212000
chr12	22212000	22213000
chr12	22213000	22214000
chr12	22214000	22215000
chr12	22215000	22216000
chr12	22216000	22217000
chr12	22217000	22218000
chr12	22218000	22219000
chr12	22219000	22220000
chr12	22220000	22221000
chr12	22221000	22222000
chr12	22222000	22223000
chr12	22223000	22224000
chr12	22226000	22227000
chr12	22227000	22228000
chr12	22228000	22229000
chr12	22229000	22230000
chr12	22230000	22231000
chr12	22231000	22232000
chr12	22232000	22233000
chr12	22233000	22234000
chr12	22234000	22235000
chr12	22235000	22236000
chr12	22236000	22237000
chr12	22237000	22238000
chr12	22238000	22239000
chr12	22239000	22240000
chr12	22240000	22241000
chr12	22241000	22242000
chr12	22242000	22243000
chr12	22243000	22244000
chr12	22244000	22245000
chr12	22245000	22246000
chr12	22246000	22247000
chr12	22248000	22249000
chr12	22249000	22250000
chr12	22250000	22251000
chr12	22251000	22252000
chr12	22252000	22253000
chr12	22253000	22254000
chr12	22254000	22255000
chr12	22255000	22256000
chr12	22256000	22257000
chr12	22257000	22258000
chr12	22258000	22259000
chr12	22259000	22260000
chr12	22260000	22261000
chr12	22261000	22262000
chr12	22262000	22263000
chr12	22263000	22264000
chr12	22264000	22265000
chr12	22265000	22266000
chr12	22266000	22267000
chr12	22267000	22268000
chr12	22268000	22269000
chr12	22269000	22270000
chr12	22270000	22271000
chr12	22271000	22272000
chr12	22272000	22273000
chr12	22273000	22274000
chr12	22274000	22275000
chr12	22275000	22276000
chr12	22276000	22277000
chr12	22277000	22278000
chr12	22278000	22279000
chr12	22279000	22280000
chr12	22280000	22281000
chr12	22281000	22282000
chr12	22282000	22283000
chr12	22283000	22284000
chr12	22284000	22285000
chr12	22285000	22286000
chr12	22286000	22287000
chr12	22287000	22288000
chr12	22288000	22289000
chr12	22289000	22290000
chr12	22290000	22291000
chr12	22291000	22292000
chr12	22292000	22293000
chr12	22293000	22294000
chr12	22294000	22295000
chr12	22295000	22296000
chr12	22296000	22297000
chr12	22297000	22298000
chr12	22298000	22299000
chr12	22299000	22300000
chr12	22300000	22301000
chr12	22301000	22302000
chr12	22302000	22303000
chr12	22303000	22304000
chr12	22304000	22305000
chr12	22305000	22306000
chr12	22306000	22307000
chr12	22307000	22308000
chr12	22308000	22309000
chr12	22309000	22310000
chr12	22310000	22311000
chr12	22320000	22321000
chr12	22321000	22322000
chr12	22322000	22323000
chr12	22323000	22324000
chr12	22324000	22325000
chr12	22325000	22326000
chr12	22326000	22327000
chr12	22331000	22332000
chr12	22332000	22333000
chr12	22333000	22334000
chr12	22334000	22335000
chr12	22335000	22336000
chr12	22336000	22337000
chr12	22337000	22338000
chr12	22338000	22339000
chr12	22339000	22340000
chr12	22340000	22341000
chr12	22341000	22342000
chr12	22342000	22343000
chr12	22343000	22344000
chr12	22344000	22345000
chr12	22345000	22346000
chr12	22346000	22347000
chr12	22347000	22348000
chr12	22348000	22349000
chr12	22349000	22350000
chr12	22350000	22351000
chr12	22351000	22352000
chr12	22352000	22353000
chr12	22353000	22354000
chr12	22354000	22355000
chr12	22355000	22356000
chr12	22356000	22357000
chr12	22357000	22358000
chr12	22358000	22359000
chr12	22359000	22360000
chr12	22360000	22361000
chr12	22361000	22362000
chr12	22362000	22363000
chr12	22363000	22364000
chr12	22364000	22365000
chr12	22365000	22366000
chr12	22366000	22367000
chr12	22369000	22370000
chr12	22370000	22371000
chr12	22371000	22372000
chr12	22372000	22373000
chr12	22373000	22374000
chr12	22374000	22375000
chr12	22375000	22376000
chr12	22376000	22377000
chr12	22377000	22378000
chr12	22378000	22379000
chr12	22379000	22380000
chr12	22380000	22381000
chr12	22381000	22382000
chr12	22382000	22383000
chr12	22383000	22384000
chr12	22384000	22385000
chr12	22385000	22386000
chr12	22386000	22387000
chr12	22387000	22388000
chr12	22388000	22389000
chr12	22389000	22390000
chr12	22390000	22391000
chr12	22392000	22393000
chr12	22394000	22395000
chr12	22395000	22396000
chr12	22396000	22397000
chr12	22397000	22398000
chr12	22398000	22399000
chr12	22401000	22402000
chr12	22402000	22403000
chr12	22403000	22404000
chr12	22404000	22405000
chr12	22405000	22406000
chr12	22406000	22407000
chr12	22407000	22408000
chr12	22408000	22409000
chr12	22409000	22410000
chr12	22410000	22411000
chr12	22411000	22412000
chr12	22412000	22413000
chr12	22413000	22414000
chr12	22414000	22415000
chr12	22415000	22416000
chr12	22416000	22417000
chr12	22417000	22418000
chr12	22418000	22419000
chr12	22419000	22420000
chr12	22420000	22421000
chr12	22421000	22422000
chr12	22422000	22423000
chr12	22423000	22424000
chr12	22424000	22425000
chr12	22425000	22426000
chr12	22426000	22427000
chr12	22427000	22428000
chr12	22428000	22429000
chr12	22429000	22430000
chr12	22430000	22431000
chr12	22431000	22432000
chr12	22432000	22433000
chr12	22433000	22434000
chr12	22435000	22436000
chr12	22436000	22437000
chr12	22437000	22438000
chr12	22438000	22439000
chr12	22439000	22440000
chr12	22440000	22441000
chr12	22442000	22443000
chr12	22443000	22444000
chr12	22444000	22445000
chr12	22445000	22446000
chr12	22446000	22447000
chr12	22447000	22448000
chr12	22448000	22449000
chr12	22449000	22450000
chr12	22450000	22451000
chr12	22451000	22452000
chr12	22452000	22453000
chr12	22453000	22454000
chr12	22454000	22455000
chr12	22455000	22456000
chr12	22456000	22457000
chr12	22457000	22458000
chr12	22458000	22459000
chr12	22459000	22460000
chr12	22460000	22461000
chr12	22461000	22462000
chr12	22462000	22463000
chr12	22463000	22464000
chr12	22464000	22465000
chr12	22465000	22466000
chr12	22466000	22467000
chr12	22467000	22468000
chr12	22468000	22469000
chr12	22469000	22470000
chr12	22470000	22471000
chr12	22471000	22472000
chr12	22472000	22473000
chr12	22473000	22474000
chr12	22474000	22475000
chr12	22475000	22476000
chr12	22476000	22477000
chr12	22477000	22478000
chr12	22478000	22479000
chr12	22479000	22480000
chr12	22480000	22481000
chr12	22481000	22482000
chr12	22482000	22483000
chr12	22483000	22484000
chr12	22484000	22485000
chr12	22485000	22486000
chr12	22487000	22488000
chr12	22488000	22489000
chr12	22489000	22490000
chr12	22490000	22491000
chr12	22491000	22492000
chr12	22492000	22493000
chr12	22493000	22494000
chr12	22494000	22495000
chr12	22495000	22496000
chr12	22496000	22497000
chr12	22497000	22498000
chr12	22498000	22499000
chr12	22499000	22500000
chr12	22500000	22501000
chr12	22501000	22502000
chr12	22502000	22503000
chr12	22503000	22504000
chr12	22507000	22508000
chr12	22508000	22509000
chr12	22510000	22511000
chr12	22511000	22512000
chr12	22512000	22513000
chr12	22515000	22516000
chr12	22516000	22517000
chr12	22517000	22518000
chr12	22518000	22519000
chr12	22519000	22520000
chr12	22522000	22523000
chr12	22523000	22524000
chr12	22524000	22525000
chr12	22525000	22526000
chr12	22526000	22527000
chr12	22527000	22528000
chr12	22528000	22529000
chr12	22529000	22530000
chr12	22530000	22531000
chr12	22531000	22532000
chr12	22532000	22533000
chr12	22533000	22534000
chr12	22534000	22535000
chr12	22535000	22536000
chr12	22536000	22537000
chr12	22537000	22538000
chr12	22538000	22539000
chr12	22541000	22542000
chr12	22542000	22543000
chr12	22543000	22544000
chr12	22544000	22545000
chr12	22545000	22546000
chr12	22546000	22547000
chr12	22547000	22548000
chr12	22548000	22549000
chr12	22550000	22551000
chr12	22557000	22558000
chr12	22558000	22559000
chr12	22559000	22560000
chr12	22561000	22562000
chr12	22562000	22563000
chr12	22563000	22564000
chr12	22564000	22565000
chr12	22565000	22566000
chr12	22566000	22567000
chr12	22567000	22568000
chr12	22568000	22569000
chr12	22569000	22570000
chr12	22571000	22572000
chr12	22574000	22575000
chr12	22576000	22577000
chr12	22577000	22578000
chr12	22578000	22579000
chr12	22579000	22580000
chr12	22580000	22581000
chr12	22581000	22582000
chr12	22582000	22583000
chr12	22583000	22584000
chr12	22584000	22585000
chr12	22585000	22586000
chr12	22586000	22587000
chr12	22587000	22588000
chr12	22588000	22589000
chr12	22589000	22590000
chr12	22590000	22591000
chr12	22591000	22592000
chr12	22592000	22593000
chr12	22593000	22594000
chr12	22594000	22595000
chr12	22595000	22596000
chr12	22596000	22597000
chr12	22597000	22598000
chr12	22598000	22599000
chr12	22599000	22600000
chr12	22601000	22602000
chr12	22603000	22604000
chr12	22604000	22605000
chr12	22605000	22606000
chr12	22606000	22607000
chr12	22607000	22608000
chr12	22608000	22609000
chr12	22609000	22610000
chr12	22611000	22612000
chr12	22612000	22613000
chr12	22613000	22614000
chr12	22614000	22615000
chr12	22615000	22616000
chr12	22616000	22617000
chr12	22617000	22618000
chr12	22618000	22619000
chr12	22619000	22620000
chr12	22620000	22621000
chr12	22621000	22622000
chr12	22622000	22623000
chr12	22623000	22624000
chr12	22624000	22625000
chr12	22625000	22626000
chr12	22630000	22631000
chr12	22631000	22632000
chr12	22632000	22633000
chr12	22633000	22634000
chr12	22634000	22635000
chr12	22635000	22636000
chr12	22636000	22637000
chr12	22637000	22638000
chr12	22638000	22639000
chr12	22639000	22640000
chr12	22640000	22641000
chr12	22641000	22642000
chr12	22642000	22643000
chr12	22643000	22644000
chr12	22644000	22645000
chr12	22645000	22646000
chr12	22646000	22647000
chr12	22647000	22648000
chr12	22648000	22649000
chr12	22649000	22650000
chr12	22650000	22651000
chr12	22651000	22652000
chr12	22652000	22653000
chr12	22653000	22654000
chr12	22654000	22655000
chr12	22655000	22656000
chr12	22656000	22657000
chr12	22657000	22658000
chr12	22658000	22659000
chr12	22659000	22660000
chr12	22660000	22661000
chr12	22661000	22662000
chr12	22662000	22663000
chr12	22663000	22664000
chr12	22664000	22665000
chr12	22665000	22666000
chr12	22666000	22667000
chr12	22667000	22668000
chr12	22668000	22669000
chr12	22669000	22670000
chr12	22670000	22671000
chr12	22671000	22672000
chr12	22672000	22673000
chr12	22673000	22674000
chr12	22674000	22675000
chr12	22678000	22679000
chr12	22680000	22681000
chr12	22681000	22682000
chr12	22682000	22683000
chr12	22683000	22684000
chr12	22684000	22685000
chr12	22685000	22686000
chr12	22686000	22687000
chr12	22687000	22688000
chr12	22688000	22689000
chr12	22689000	22690000
chr12	22690000	22691000
chr12	22691000	22692000
chr12	22692000	22693000
chr12	22693000	22694000
chr12	22694000	22695000
chr12	22695000	22696000
chr12	22696000	22697000
chr12	22700000	22701000
chr12	22701000	22702000
chr12	22702000	22703000
chr12	22703000	22704000
chr12	22704000	22705000
chr12	22705000	22706000
chr12	22706000	22707000
chr12	22707000	22708000
chr12	22708000	22709000
chr12	22709000	22710000
chr12	22710000	22711000
chr12	22711000	22712000
chr12	22712000	22713000
chr12	22713000	22714000
chr12	22714000	22715000
chr12	22715000	22716000
chr12	22716000	22717000
chr12	22717000	22718000
chr12	22718000	22719000
chr12	22720000	22721000
chr12	22721000	22722000
chr12	22722000	22723000
chr12	22724000	22725000
chr12	22725000	22726000
chr12	22729000	22730000
chr12	22730000	22731000
chr12	22731000	22732000
chr12	22732000	22733000
chr12	22736000	22737000
chr12	22737000	22738000
chr12	22738000	22739000
chr12	22739000	22740000
chr12	22740000	22741000
chr12	22741000	22742000
chr12	22742000	22743000
chr12	22743000	22744000
chr12	22744000	22745000
chr12	22745000	22746000
chr12	22746000	22747000
chr12	22747000	22748000
chr12	22748000	22749000
chr12	22749000	22750000
chr12	22754000	22755000
chr12	22757000	22758000
chr12	22758000	22759000
chr12	22762000	22763000
chr12	22763000	22764000
chr12	22764000	22765000
chr12	22765000	22766000
chr12	22766000	22767000
chr12	22772000	22773000
chr12	22773000	22774000
chr12	22774000	22775000
chr12	22775000	22776000
chr12	22777000	22778000
chr12	22779000	22780000
chr12	22780000	22781000
chr12	22781000	22782000
chr12	22782000	22783000
chr12	22786000	22787000
chr12	22795000	22796000
chr12	22796000	22797000
chr12	22797000	22798000
chr12	22802000	22803000
chr12	22804000	22805000
chr12	22805000	22806000
chr12	22806000	22807000
chr12	22807000	22808000
chr12	22808000	22809000
chr12	22809000	22810000
chr12	22810000	22811000
chr12	22811000	22812000
chr12	22812000	22813000
chr12	22813000	22814000
chr12	22814000	22815000
chr12	22815000	22816000
chr12	22816000	22817000
chr12	22817000	22818000
chr12	22818000	22819000
chr12	22819000	22820000
chr12	22821000	22822000
chr12	22822000	22823000
chr12	22823000	22824000
chr12	22825000	22826000
chr12	22831000	22832000
chr12	22832000	22833000
chr12	22833000	22834000
chr12	22834000	22835000
chr12	22835000	22836000
chr12	22836000	22837000
chr12	22837000	22838000
chr12	22838000	22839000
chr12	22839000	22840000
chr12	22840000	22841000
chr12	22841000	22842000
chr12	22842000	22843000
chr12	22843000	22844000
chr12	22844000	22845000
chr12	22847000	22848000
chr12	22848000	22849000
chr12	22849000	22850000
chr12	22850000	22851000
chr12	22852000	22853000
chr12	22856000	22857000
chr12	22857000	22858000
chr12	22858000	22859000
chr12	22859000	22860000
chr12	22861000	22862000
chr12	22865000	22866000
chr12	22866000	22867000
chr12	22867000	22868000
chr12	22868000	22869000
chr12	22870000	22871000
chr12	22871000	22872000
chr12	22872000	22873000
chr12	22873000	22874000
chr12	22874000	22875000
chr12	22875000	22876000
chr12	22882000	22883000
chr12	22885000	22886000
chr12	22887000	22888000
chr12	22888000	22889000
chr12	22889000	22890000
chr12	22891000	22892000
chr12	22892000	22893000
chr12	22895000	22896000
chr12	22896000	22897000
chr12	22897000	22898000
chr12	22898000	22899000
chr12	22900000	22901000
chr12	22901000	22902000
chr12	22902000	22903000
chr12	22905000	22906000
chr12	22908000	22909000
chr12	22909000	22910000
chr12	22910000	22911000
chr12	22911000	22912000
chr12	22912000	22913000
chr12	22913000	22914000
chr12	22914000	22915000
chr12	22915000	22916000
chr12	22916000	22917000
chr12	22917000	22918000
chr12	22918000	22919000
chr12	22920000	22921000
chr12	22921000	22922000
chr12	22922000	22923000
chr12	22923000	22924000
chr12	22924000	22925000
chr12	22925000	22926000
chr12	22927000	22928000
chr12	22928000	22929000
chr12	22929000	22930000
chr12	22930000	22931000
chr12	22931000	22932000
chr12	22932000	22933000
chr12	22933000	22934000
chr12	22935000	22936000
chr12	22936000	22937000
chr12	22937000	22938000
chr12	22938000	22939000
chr12	22941000	22942000
chr12	22942000	22943000
chr12	22945000	22946000
chr12	22946000	22947000
chr12	22948000	22949000
chr12	22950000	22951000
chr12	22952000	22953000
chr12	22953000	22954000
chr12	22954000	22955000
chr12	22955000	22956000
chr12	22958000	22959000
chr12	22959000	22960000
chr12	22960000	22961000
chr12	22961000	22962000
chr12	22963000	22964000
chr12	22964000	22965000
chr12	22965000	22966000
chr12	22967000	22968000
chr12	22968000	22969000
chr12	22970000	22971000
chr12	22971000	22972000
chr12	22972000	22973000
chr12	22977000	22978000
chr12	22978000	22979000
chr12	22979000	22980000
chr12	22980000	22981000
chr12	22981000	22982000
chr12	22982000	22983000
chr12	22983000	22984000
chr12	22984000	22985000
chr12	22985000	22986000
chr12	22986000	22987000
chr12	22987000	22988000
chr12	22988000	22989000
chr12	22989000	22990000
chr12	22990000	22991000
chr12	22991000	22992000
chr12	22992000	22993000
chr12	22993000	22994000
chr12	22994000	22995000
chr12	22995000	22996000
chr12	22996000	22997000
chr12	22998000	22999000
chr12	23000000	23001000
chr12	23009000	23010000
chr12	23010000	23011000
chr12	23011000	23012000
chr12	23012000	23013000
chr12	23013000	23014000
chr12	23014000	23015000
chr12	23025000	23026000
chr12	23026000	23027000
chr12	23027000	23028000
chr12	23028000	23029000
chr12	23029000	23030000
chr12	23030000	23031000
chr12	23039000	23040000
chr12	23040000	23041000
chr12	23041000	23042000
chr12	23042000	23043000
chr12	23043000	23044000
chr12	23044000	23045000
chr12	23045000	23046000
chr12	23047000	23048000
chr12	23049000	23050000
chr12	23050000	23051000
chr12	23051000	23052000
chr12	23052000	23053000
chr12	23054000	23055000
chr12	23055000	23056000
chr12	23056000	23057000
chr12	23057000	23058000
chr12	23058000	23059000
chr12	23059000	23060000
chr12	23060000	23061000
chr12	23061000	23062000
chr12	23062000	23063000
chr12	23063000	23064000
chr12	23064000	23065000
chr12	23065000	23066000
chr12	23066000	23067000
chr12	23067000	23068000
chr12	23068000	23069000
chr12	23069000	23070000
chr12	23070000	23071000
chr12	23071000	23072000
chr12	23073000	23074000
chr12	23074000	23075000
chr12	23075000	23076000
chr12	23076000	23077000
chr12	23077000	23078000
chr12	23078000	23079000
chr12	23079000	23080000
chr12	23080000	23081000
chr12	23081000	23082000
chr12	23082000	23083000
chr12	23083000	23084000
chr12	23084000	23085000
chr12	23086000	23087000
chr12	23087000	23088000
chr12	23090000	23091000
chr12	23091000	23092000
chr12	23092000	23093000
chr12	23094000	23095000
chr12	23095000	23096000
chr12	23096000	23097000
chr12	23100000	23101000
chr12	23101000	23102000
chr12	23103000	23104000
chr12	23104000	23105000
chr12	23106000	23107000
chr12	23107000	23108000
chr12	23108000	23109000
chr12	23109000	23110000
chr12	23110000	23111000
chr12	23111000	23112000
chr12	23112000	23113000
chr12	23113000	23114000
chr12	23114000	23115000
chr12	23117000	23118000
chr12	23119000	23120000
chr12	23120000	23121000
chr12	23121000	23122000
chr12	23122000	23123000
chr12	23123000	23124000
chr12	23124000	23125000
chr12	23126000	23127000
chr12	23127000	23128000
chr12	23128000	23129000
chr12	23129000	23130000
chr12	23130000	23131000
chr12	23131000	23132000
chr12	23132000	23133000
chr12	23133000	23134000
chr12	23134000	23135000
chr12	23135000	23136000
chr12	23136000	23137000
chr12	23137000	23138000
chr12	23138000	23139000
chr12	23139000	23140000
chr12	23140000	23141000
chr12	23141000	23142000
chr12	23142000	23143000
chr12	23143000	23144000
chr12	23144000	23145000
chr12	23145000	23146000
chr12	23146000	23147000
chr12	23147000	23148000
chr12	23148000	23149000
chr12	23149000	23150000
chr12	23150000	23151000
chr12	23151000	23152000
chr12	23152000	23153000
chr12	23153000	23154000
chr12	23154000	23155000
chr12	23155000	23156000
chr12	23156000	23157000
chr12	23157000	23158000
chr12	23158000	23159000
chr12	23160000	23161000
chr12	23161000	23162000
chr12	23162000	23163000
chr12	23163000	23164000
chr12	23164000	23165000
chr12	23165000	23166000
chr12	23166000	23167000
chr12	23167000	23168000
chr12	23168000	23169000
chr12	23169000	23170000
chr12	23170000	23171000
chr12	23171000	23172000
chr12	23172000	23173000
chr12	23173000	23174000
chr12	23174000	23175000
chr12	23175000	23176000
chr12	23176000	23177000
chr12	23177000	23178000
chr12	23178000	23179000
chr12	23179000	23180000
chr12	23180000	23181000
chr12	23181000	23182000
chr12	23182000	23183000
chr12	23183000	23184000
chr12	23184000	23185000
chr12	23185000	23186000
chr12	23186000	23187000
chr12	23187000	23188000
chr12	23188000	23189000
chr12	23189000	23190000
chr12	23190000	23191000
chr12	23191000	23192000
chr12	23192000	23193000
chr12	23193000	23194000
chr12	23194000	23195000
chr12	23195000	23196000
chr12	23196000	23197000
chr12	23197000	23198000
chr12	23198000	23199000
chr12	23199000	23200000
chr12	23200000	23201000
chr12	23201000	23202000
chr12	23202000	23203000
chr12	23203000	23204000
chr12	23204000	23205000
chr12	23205000	23206000
chr12	23206000	23207000
chr12	23208000	23209000
chr12	23209000	23210000
chr12	23210000	23211000
chr12	23211000	23212000
chr12	23212000	23213000
chr12	23213000	23214000
chr12	23214000	23215000
chr12	23215000	23216000
chr12	23216000	23217000
chr12	23217000	23218000
chr12	23218000	23219000
chr12	23219000	23220000
chr12	23220000	23221000
chr12	23221000	23222000
chr12	23222000	23223000
chr12	23223000	23224000
chr12	23224000	23225000
chr12	23233000	23234000
chr12	23238000	23239000
chr12	23239000	23240000
chr12	23247000	23248000
chr12	23248000	23249000
chr12	23255000	23256000
chr12	23256000	23257000
chr12	23257000	23258000
chr12	23258000	23259000
chr12	23259000	23260000
chr12	23260000	23261000
chr12	23262000	23263000
chr12	23263000	23264000
chr12	23264000	23265000
chr12	23265000	23266000
chr12	23266000	23267000
chr12	23267000	23268000
chr12	23268000	23269000
chr12	23269000	23270000
chr12	23270000	23271000
chr12	23271000	23272000
chr12	23272000	23273000
chr12	23273000	23274000
chr12	23274000	23275000
chr12	23275000	23276000
chr12	23276000	23277000
chr12	23277000	23278000
chr12	23278000	23279000
chr12	23279000	23280000
chr12	23280000	23281000
chr12	23281000	23282000
chr12	23285000	23286000
chr12	23286000	23287000
chr12	23288000	23289000
chr12	23289000	23290000
chr12	23290000	23291000
chr12	23291000	23292000
chr12	23292000	23293000
chr12	23293000	23294000
chr12	23294000	23295000
chr12	23295000	23296000
chr12	23296000	23297000
chr12	23297000	23298000
chr12	23298000	23299000
chr12	23299000	23300000
chr12	23300000	23301000
chr12	23301000	23302000
chr12	23302000	23303000
chr12	23303000	23304000
chr12	23304000	23305000
chr12	23305000	23306000
chr12	23308000	23309000
chr12	23309000	23310000
chr12	23311000	23312000
chr12	23312000	23313000
chr12	23313000	23314000
chr12	23314000	23315000
chr12	23315000	23316000
chr12	23316000	23317000
chr12	23317000	23318000
chr12	23318000	23319000
chr12	23319000	23320000
chr12	23320000	23321000
chr12	23321000	23322000
chr12	23322000	23323000
chr12	23323000	23324000
chr12	23324000	23325000
chr12	23325000	23326000
chr12	23326000	23327000
chr12	23327000	23328000
chr12	23328000	23329000
chr12	23329000	23330000
chr12	23330000	23331000
chr12	23331000	23332000
chr12	23335000	23336000
chr12	23336000	23337000
chr12	23337000	23338000
chr12	23340000	23341000
chr12	23341000	23342000
chr12	23345000	23346000
chr12	23346000	23347000
chr12	23347000	23348000
chr12	23348000	23349000
chr12	23350000	23351000
chr12	23351000	23352000
chr12	23354000	23355000
chr12	23358000	23359000
chr12	23359000	23360000
chr12	23361000	23362000
chr12	23362000	23363000
chr12	23363000	23364000
chr12	23364000	23365000
chr12	23365000	23366000
chr12	23366000	23367000
chr12	23367000	23368000
chr12	23368000	23369000
chr12	23369000	23370000
chr12	23378000	23379000
chr12	23379000	23380000
chr12	23380000	23381000
chr12	23381000	23382000
chr12	23384000	23385000
chr12	23385000	23386000
chr12	23386000	23387000
chr12	23387000	23388000
chr12	23388000	23389000
chr12	23389000	23390000
chr12	23390000	23391000
chr12	23391000	23392000
chr12	23392000	23393000
chr12	23395000	23396000
chr12	23396000	23397000
chr12	23397000	23398000
chr12	23398000	23399000
chr12	23399000	23400000
chr12	23400000	23401000
chr12	23401000	23402000
chr12	23402000	23403000
chr12	23403000	23404000
chr12	23404000	23405000
chr12	23405000	23406000
chr12	23406000	23407000
chr12	23408000	23409000
chr12	23409000	23410000
chr12	23411000	23412000
chr12	23412000	23413000
chr12	23413000	23414000
chr12	23414000	23415000
chr12	23415000	23416000
chr12	23416000	23417000
chr12	23417000	23418000
chr12	23418000	23419000
chr12	23419000	23420000
chr12	23422000	23423000
chr12	23423000	23424000
chr12	23424000	23425000
chr12	23425000	23426000
chr12	23426000	23427000
chr12	23427000	23428000
chr12	23429000	23430000
chr12	23430000	23431000
chr12	23431000	23432000
chr12	23432000	23433000
chr12	23436000	23437000
chr12	23438000	23439000
chr12	23439000	23440000
chr12	23440000	23441000
chr12	23441000	23442000
chr12	23442000	23443000
chr12	23444000	23445000
chr12	23445000	23446000
chr12	23446000	23447000
chr12	23447000	23448000
chr12	23448000	23449000
chr12	23455000	23456000
chr12	23456000	23457000
chr12	23457000	23458000
chr12	23474000	23475000
chr12	23480000	23481000
chr12	23481000	23482000
chr12	23483000	23484000
chr12	23486000	23487000
chr12	23487000	23488000
chr12	23490000	23491000
chr12	23491000	23492000
chr12	23492000	23493000
chr12	23493000	23494000
chr12	23494000	23495000
chr12	23496000	23497000
chr12	23497000	23498000
chr12	23500000	23501000
chr12	23501000	23502000
chr12	23502000	23503000
chr12	23504000	23505000
chr12	23505000	23506000
chr12	23506000	23507000
chr12	23507000	23508000
chr12	23508000	23509000
chr12	23509000	23510000
chr12	23514000	23515000
chr12	23521000	23522000
chr12	23523000	23524000
chr12	23524000	23525000
chr12	23526000	23527000
chr12	23529000	23530000
chr12	23531000	23532000
chr12	23532000	23533000
chr12	23533000	23534000
chr12	23534000	23535000
chr12	23535000	23536000
chr12	23538000	23539000
chr12	23545000	23546000
chr12	23548000	23549000
chr12	23549000	23550000
chr12	23561000	23562000
chr12	23562000	23563000
chr12	23563000	23564000
chr12	23565000	23566000
chr12	23584000	23585000
chr12	23585000	23586000
chr12	23586000	23587000
chr12	23588000	23589000
chr12	23589000	23590000
chr12	23594000	23595000
chr12	23595000	23596000
chr12	23596000	23597000
chr12	23597000	23598000
chr12	23598000	23599000
chr12	23599000	23600000
chr12	23600000	23601000
chr12	23601000	23602000
chr12	23602000	23603000
chr12	23603000	23604000
chr12	23604000	23605000
chr12	23605000	23606000
chr12	23606000	23607000
chr12	23607000	23608000
chr12	23608000	23609000
chr12	23609000	23610000
chr12	23610000	23611000
chr12	23611000	23612000
chr12	23612000	23613000
chr12	23613000	23614000
chr12	23614000	23615000
chr12	23615000	23616000
chr12	23616000	23617000
chr12	23617000	23618000
chr12	23618000	23619000
chr12	23619000	23620000
chr12	23620000	23621000
chr12	23621000	23622000
chr12	23622000	23623000
chr12	23623000	23624000
chr12	23624000	23625000
chr12	23625000	23626000
chr12	23626000	23627000
chr12	23627000	23628000
chr12	23628000	23629000
chr12	23629000	23630000
chr12	23630000	23631000
chr12	23631000	23632000
chr12	23632000	23633000
chr12	23633000	23634000
chr12	23634000	23635000
chr12	23635000	23636000
chr12	23636000	23637000
chr12	23637000	23638000
chr12	23638000	23639000
chr12	23639000	23640000
chr12	23640000	23641000
chr12	23641000	23642000
chr12	23642000	23643000
chr12	23643000	23644000
chr12	23644000	23645000
chr12	23645000	23646000
chr12	23646000	23647000
chr12	23647000	23648000
chr12	23648000	23649000
chr12	23649000	23650000
chr12	23650000	23651000
chr12	23652000	23653000
chr12	23653000	23654000
chr12	23654000	23655000
chr12	23655000	23656000
chr12	23656000	23657000
chr12	23657000	23658000
chr12	23658000	23659000
chr12	23659000	23660000
chr12	23660000	23661000
chr12	23661000	23662000
chr12	23662000	23663000
chr12	23663000	23664000
chr12	23664000	23665000
chr12	23665000	23666000
chr12	23666000	23667000
chr12	23667000	23668000
chr12	23668000	23669000
chr12	23669000	23670000
chr12	23670000	23671000
chr12	23671000	23672000
chr12	23672000	23673000
chr12	23673000	23674000
chr12	23674000	23675000
chr12	23676000	23677000
chr12	23677000	23678000
chr12	23678000	23679000
chr12	23679000	23680000
chr12	23680000	23681000
chr12	23681000	23682000
chr12	23682000	23683000
chr12	23683000	23684000
chr12	23684000	23685000
chr12	23685000	23686000
chr12	23686000	23687000
chr12	23687000	23688000
chr12	23688000	23689000
chr12	23689000	23690000
chr12	23690000	23691000
chr12	23692000	23693000
chr12	23694000	23695000
chr12	23695000	23696000
chr12	23696000	23697000
chr12	23697000	23698000
chr12	23698000	23699000
chr12	23703000	23704000
chr12	23704000	23705000
chr12	23706000	23707000
chr12	23707000	23708000
chr12	23708000	23709000
chr12	23709000	23710000
chr12	23710000	23711000
chr12	23711000	23712000
chr12	23712000	23713000
chr12	23713000	23714000
chr12	23714000	23715000
chr12	23715000	23716000
chr12	23716000	23717000
chr12	23717000	23718000
chr12	23718000	23719000
chr12	23719000	23720000
chr12	23720000	23721000
chr12	23721000	23722000
chr12	23722000	23723000
chr12	23723000	23724000
chr12	23725000	23726000
chr12	23727000	23728000
chr12	23728000	23729000
chr12	23729000	23730000
chr12	23730000	23731000
chr12	23731000	23732000
chr12	23732000	23733000
chr12	23733000	23734000
chr12	23734000	23735000
chr12	23735000	23736000
chr12	23736000	23737000
chr12	23737000	23738000
chr12	23738000	23739000
chr12	23739000	23740000
chr12	23741000	23742000
chr12	23749000	23750000
chr12	23750000	23751000
chr12	23752000	23753000
chr12	23754000	23755000
chr12	23755000	23756000
chr12	23756000	23757000
chr12	23757000	23758000
chr12	23758000	23759000
chr12	23759000	23760000
chr12	23760000	23761000
chr12	23761000	23762000
chr12	23762000	23763000
chr12	23764000	23765000
chr12	23765000	23766000
chr12	23766000	23767000
chr12	23767000	23768000
chr12	23768000	23769000
chr12	23769000	23770000
chr12	23770000	23771000
chr12	23772000	23773000
chr12	23773000	23774000
chr12	23774000	23775000
chr12	23776000	23777000
chr12	23777000	23778000
chr12	23778000	23779000
chr12	23779000	23780000
chr12	23780000	23781000
chr12	23782000	23783000
chr12	23783000	23784000
chr12	23784000	23785000
chr12	23785000	23786000
chr12	23786000	23787000
chr12	23787000	23788000
chr12	23789000	23790000
chr12	23790000	23791000
chr12	23791000	23792000
chr12	23792000	23793000
chr12	23795000	23796000
chr12	23798000	23799000
chr12	23799000	23800000
chr12	23801000	23802000
chr12	23802000	23803000
chr12	23803000	23804000
chr12	23804000	23805000
chr12	23805000	23806000
chr12	23806000	23807000
chr12	23807000	23808000
chr12	23809000	23810000
chr12	23810000	23811000
chr12	23811000	23812000
chr12	23812000	23813000
chr12	23813000	23814000
chr12	23814000	23815000
chr12	23815000	23816000
chr12	23816000	23817000
chr12	23817000	23818000
chr12	23818000	23819000
chr12	23819000	23820000
chr12	23820000	23821000
chr12	23821000	23822000
chr12	23822000	23823000
chr12	23823000	23824000
chr12	23825000	23826000
chr12	23826000	23827000
chr12	23828000	23829000
chr12	23829000	23830000
chr12	23832000	23833000
chr12	23833000	23834000
chr12	23834000	23835000
chr12	23835000	23836000
chr12	23837000	23838000
chr12	23838000	23839000
chr12	23839000	23840000
chr12	23840000	23841000
chr12	23841000	23842000
chr12	23842000	23843000
chr12	23843000	23844000
chr12	23844000	23845000
chr12	23845000	23846000
chr12	23846000	23847000
chr12	23847000	23848000
chr12	23849000	23850000
chr12	23850000	23851000
chr12	23851000	23852000
chr12	23852000	23853000
chr12	23853000	23854000
chr12	23854000	23855000
chr12	23855000	23856000
chr12	23856000	23857000
chr12	23857000	23858000
chr12	23858000	23859000
chr12	23859000	23860000
chr12	23860000	23861000
chr12	23861000	23862000
chr12	23862000	23863000
chr12	23863000	23864000
chr12	23864000	23865000
chr12	23865000	23866000
chr12	23866000	23867000
chr12	23867000	23868000
chr12	23868000	23869000
chr12	23869000	23870000
chr12	23870000	23871000
chr12	23871000	23872000
chr12	23873000	23874000
chr12	23874000	23875000
chr12	23875000	23876000
chr12	23876000	23877000
chr12	23877000	23878000
chr12	23878000	23879000
chr12	23879000	23880000
chr12	23880000	23881000
chr12	23881000	23882000
chr12	23882000	23883000
chr12	23883000	23884000
chr12	23884000	23885000
chr12	23885000	23886000
chr12	23886000	23887000
chr12	23887000	23888000
chr12	23888000	23889000
chr12	23889000	23890000
chr12	23891000	23892000
chr12	23892000	23893000
chr12	23893000	23894000
chr12	23894000	23895000
chr12	23895000	23896000
chr12	23896000	23897000
chr12	23898000	23899000
chr12	23899000	23900000
chr12	23900000	23901000
chr12	23901000	23902000
chr12	23902000	23903000
chr12	23903000	23904000
chr12	23904000	23905000
chr12	23905000	23906000
chr12	23908000	23909000
chr12	23909000	23910000
chr12	23910000	23911000
chr12	23911000	23912000
chr12	23912000	23913000
chr12	23915000	23916000
chr12	23916000	23917000
chr12	23919000	23920000
chr12	23920000	23921000
chr12	23921000	23922000
chr12	23922000	23923000
chr12	23924000	23925000
chr12	23927000	23928000
chr12	23929000	23930000
chr12	23931000	23932000
chr12	23932000	23933000
chr12	23934000	23935000
chr12	23935000	23936000
chr12	23936000	23937000
chr12	23937000	23938000
chr12	23938000	23939000
chr12	23939000	23940000
chr12	23940000	23941000
chr12	23941000	23942000
chr12	23942000	23943000
chr12	23943000	23944000
chr12	23944000	23945000
chr12	23945000	23946000
chr12	23946000	23947000
chr12	23947000	23948000
chr12	23948000	23949000
chr12	23949000	23950000
chr12	23950000	23951000
chr12	23951000	23952000
chr12	23952000	23953000
chr12	23953000	23954000
chr12	23954000	23955000
chr12	23955000	23956000
chr12	23956000	23957000
chr12	23957000	23958000
chr12	23958000	23959000
chr12	23960000	23961000
chr12	23961000	23962000
chr12	23962000	23963000
chr12	23964000	23965000
chr12	23965000	23966000
chr12	23966000	23967000
chr12	23967000	23968000
chr12	23968000	23969000
chr12	23969000	23970000
chr12	23970000	23971000
chr12	23971000	23972000
chr12	23972000	23973000
chr12	23974000	23975000
chr12	23975000	23976000
chr12	23976000	23977000
chr12	23977000	23978000
chr12	23978000	23979000
chr12	23979000	23980000
chr12	23980000	23981000
chr12	23981000	23982000
chr12	23982000	23983000
chr12	23983000	23984000
chr12	23984000	23985000
chr12	23985000	23986000
chr12	23986000	23987000
chr12	23987000	23988000
chr12	23988000	23989000
chr12	23989000	23990000
chr12	23990000	23991000
chr12	23991000	23992000
chr12	23992000	23993000
chr12	23993000	23994000
chr12	23994000	23995000
chr12	23995000	23996000
chr12	23997000	23998000
chr12	23998000	23999000
chr12	23999000	24000000
chr12	24000000	24001000
chr12	24001000	24002000
chr12	24002000	24003000
chr12	24003000	24004000
chr12	24004000	24005000
chr12	24005000	24006000
chr12	24006000	24007000
chr12	24007000	24008000
chr12	24008000	24009000
chr12	24009000	24010000
chr12	24010000	24011000
chr12	24011000	24012000
chr12	24012000	24013000
chr12	24013000	24014000
chr12	24014000	24015000
chr12	24015000	24016000
chr12	24016000	24017000
chr12	24017000	24018000
chr12	24018000	24019000
chr12	24019000	24020000
chr12	24020000	24021000
chr12	24021000	24022000
chr12	24022000	24023000
chr12	24023000	24024000
chr12	24024000	24025000
chr12	24025000	24026000
chr12	24026000	24027000
chr12	24027000	24028000
chr12	24028000	24029000
chr12	24029000	24030000
chr12	24030000	24031000
chr12	24031000	24032000
chr12	24032000	24033000
chr12	24033000	24034000
chr12	24034000	24035000
chr12	24035000	24036000
chr12	24036000	24037000
chr12	24037000	24038000
chr12	24038000	24039000
chr12	24040000	24041000
chr12	24041000	24042000
chr12	24042000	24043000
chr12	24043000	24044000
chr12	24044000	24045000
chr12	24045000	24046000
chr12	24046000	24047000
chr12	24047000	24048000
chr12	24048000	24049000
chr12	24049000	24050000
chr12	24050000	24051000
chr12	24051000	24052000
chr12	24052000	24053000
chr12	24053000	24054000
chr12	24054000	24055000
chr12	24056000	24057000
chr12	24057000	24058000
chr12	24058000	24059000
chr12	24063000	24064000
chr12	24064000	24065000
chr12	24065000	24066000
chr12	24066000	24067000
chr12	24067000	24068000
chr12	24068000	24069000
chr12	24069000	24070000
chr12	24070000	24071000
chr12	24071000	24072000
chr12	24072000	24073000
chr12	24074000	24075000
chr12	24075000	24076000
chr12	24076000	24077000
chr12	24077000	24078000
chr12	24080000	24081000
chr12	24081000	24082000
chr12	24083000	24084000
chr12	24084000	24085000
chr12	24085000	24086000
chr12	24086000	24087000
chr12	24087000	24088000
chr12	24088000	24089000
chr12	24089000	24090000
chr12	24090000	24091000
chr12	24091000	24092000
chr12	24092000	24093000
chr12	24093000	24094000
chr12	24094000	24095000
chr12	24095000	24096000
chr12	24096000	24097000
chr12	24097000	24098000
chr12	24098000	24099000
chr12	24099000	24100000
chr12	24100000	24101000
chr12	24101000	24102000
chr12	24102000	24103000
chr12	24103000	24104000
chr12	24104000	24105000
chr12	24105000	24106000
chr12	24106000	24107000
chr12	24107000	24108000
chr12	24108000	24109000
chr12	24109000	24110000
chr12	24110000	24111000
chr12	24111000	24112000
chr12	24113000	24114000
chr12	24114000	24115000
chr12	24115000	24116000
chr12	24116000	24117000
chr12	24117000	24118000
chr12	24118000	24119000
chr12	24119000	24120000
chr12	24120000	24121000
chr12	24121000	24122000
chr12	24123000	24124000
chr12	24124000	24125000
chr12	24125000	24126000
chr12	24126000	24127000
chr12	24127000	24128000
chr12	24128000	24129000
chr12	24131000	24132000
chr12	24132000	24133000
chr12	24133000	24134000
chr12	24134000	24135000
chr12	24135000	24136000
chr12	24136000	24137000
chr12	24137000	24138000
chr12	24138000	24139000
chr12	24141000	24142000
chr12	24142000	24143000
chr12	24143000	24144000
chr12	24144000	24145000
chr12	24145000	24146000
chr12	24146000	24147000
chr12	24147000	24148000
chr12	24148000	24149000
chr12	24149000	24150000
chr12	24150000	24151000
chr12	24152000	24153000
chr12	24153000	24154000
chr12	24154000	24155000
chr12	24155000	24156000
chr12	24159000	24160000
chr12	24160000	24161000
chr12	24161000	24162000
chr12	24162000	24163000
chr12	24163000	24164000
chr12	24164000	24165000
chr12	24165000	24166000
chr12	24166000	24167000
chr12	24167000	24168000
chr12	24168000	24169000
chr12	24169000	24170000
chr12	24174000	24175000
chr12	24175000	24176000
chr12	24176000	24177000
chr12	24177000	24178000
chr12	24178000	24179000
chr12	24179000	24180000
chr12	24180000	24181000
chr12	24181000	24182000
chr12	24182000	24183000
chr12	24183000	24184000
chr12	24184000	24185000
chr12	24185000	24186000
chr12	24186000	24187000
chr12	24187000	24188000
chr12	24188000	24189000
chr12	24190000	24191000
chr12	24192000	24193000
chr12	24193000	24194000
chr12	24194000	24195000
chr12	24195000	24196000
chr12	24196000	24197000
chr12	24198000	24199000
chr12	24199000	24200000
chr12	24200000	24201000
chr12	24201000	24202000
chr12	24202000	24203000
chr12	24203000	24204000
chr12	24204000	24205000
chr12	24205000	24206000
chr12	24206000	24207000
chr12	24210000	24211000
chr12	24211000	24212000
chr12	24212000	24213000
chr12	24213000	24214000
chr12	24217000	24218000
chr12	24221000	24222000
chr12	24222000	24223000
chr12	24225000	24226000
chr12	24226000	24227000
chr12	24227000	24228000
chr12	24229000	24230000
chr12	24230000	24231000
chr12	24231000	24232000
chr12	24232000	24233000
chr12	24234000	24235000
chr12	24235000	24236000
chr12	24236000	24237000
chr12	24237000	24238000
chr12	24238000	24239000
chr12	24239000	24240000
chr12	24240000	24241000
chr12	24241000	24242000
chr12	24242000	24243000
chr12	24243000	24244000
chr12	24244000	24245000
chr12	24246000	24247000
chr12	24247000	24248000
chr12	24248000	24249000
chr12	24249000	24250000
chr12	24250000	24251000
chr12	24257000	24258000
chr12	24262000	24263000
chr12	24263000	24264000
chr12	24269000	24270000
chr12	24270000	24271000
chr12	24272000	24273000
chr12	24273000	24274000
chr12	24274000	24275000
chr12	24278000	24279000
chr12	24279000	24280000
chr12	24280000	24281000
chr12	24283000	24284000
chr12	24284000	24285000
chr12	24285000	24286000
chr12	24288000	24289000
chr12	24289000	24290000
chr12	24290000	24291000
chr12	24292000	24293000
chr12	24296000	24297000
chr12	24297000	24298000
chr12	24298000	24299000
chr12	24299000	24300000
chr12	24300000	24301000
chr12	24301000	24302000
chr12	24302000	24303000
chr12	24303000	24304000
chr12	24304000	24305000
chr12	24305000	24306000
chr12	24308000	24309000
chr12	24309000	24310000
chr12	24310000	24311000
chr12	24311000	24312000
chr12	24312000	24313000
chr12	24313000	24314000
chr12	24314000	24315000
chr12	24315000	24316000
chr12	24316000	24317000
chr12	24317000	24318000
chr12	24318000	24319000
chr12	24319000	24320000
chr12	24320000	24321000
chr12	24321000	24322000
chr12	24324000	24325000
chr12	24326000	24327000
chr12	24327000	24328000
chr12	24328000	24329000
chr12	24329000	24330000
chr12	24334000	24335000
chr12	24335000	24336000
chr12	24337000	24338000
chr12	24339000	24340000
chr12	24341000	24342000
chr12	24342000	24343000
chr12	24343000	24344000
chr12	24344000	24345000
chr12	24345000	24346000
chr12	24346000	24347000
chr12	24347000	24348000
chr12	24348000	24349000
chr12	24349000	24350000
chr12	24350000	24351000
chr12	24351000	24352000
chr12	24352000	24353000
chr12	24353000	24354000
chr12	24354000	24355000
chr12	24356000	24357000
chr12	24357000	24358000
chr12	24358000	24359000
chr12	24359000	24360000
chr12	24360000	24361000
chr12	24362000	24363000
chr12	24363000	24364000
chr12	24364000	24365000
chr12	24365000	24366000
chr12	24366000	24367000
chr12	24368000	24369000
chr12	24369000	24370000
chr12	24370000	24371000
chr12	24373000	24374000
chr12	24374000	24375000
chr12	24375000	24376000
chr12	24376000	24377000
chr12	24377000	24378000
chr12	24378000	24379000
chr12	24379000	24380000
chr12	24380000	24381000
chr12	24381000	24382000
chr12	24382000	24383000
chr12	24383000	24384000
chr12	24384000	24385000
chr12	24385000	24386000
chr12	24386000	24387000
chr12	24388000	24389000
chr12	24389000	24390000
chr12	24390000	24391000
chr12	24391000	24392000
chr12	24392000	24393000
chr12	24393000	24394000
chr12	24394000	24395000
chr12	24395000	24396000
chr12	24396000	24397000
chr12	24397000	24398000
chr12	24398000	24399000
chr12	24399000	24400000
chr12	24401000	24402000
chr12	24402000	24403000
chr12	24403000	24404000
chr12	24404000	24405000
chr12	24406000	24407000
chr12	24407000	24408000
chr12	24408000	24409000
chr12	24409000	24410000
chr12	24410000	24411000
chr12	24411000	24412000
chr12	24412000	24413000
chr12	24413000	24414000
chr12	24414000	24415000
chr12	24415000	24416000
chr12	24417000	24418000
chr12	24418000	24419000
chr12	24419000	24420000
chr12	24420000	24421000
chr12	24422000	24423000
chr12	24423000	24424000
chr12	24424000	24425000
chr12	24426000	24427000
chr12	24427000	24428000
chr12	24428000	24429000
chr12	24429000	24430000
chr12	24430000	24431000
chr12	24431000	24432000
chr12	24432000	24433000
chr12	24435000	24436000
chr12	24436000	24437000
chr12	24437000	24438000
chr12	24438000	24439000
chr12	24439000	24440000
chr12	24440000	24441000
chr12	24441000	24442000
chr12	24442000	24443000
chr12	24443000	24444000
chr12	24444000	24445000
chr12	24445000	24446000
chr12	24446000	24447000
chr12	24447000	24448000
chr12	24448000	24449000
chr12	24449000	24450000
chr12	24450000	24451000
chr12	24451000	24452000
chr12	24452000	24453000
chr12	24453000	24454000
chr12	24454000	24455000
chr12	24455000	24456000
chr12	24456000	24457000
chr12	24457000	24458000
chr12	24458000	24459000
chr12	24459000	24460000
chr12	24460000	24461000
chr12	24461000	24462000
chr12	24462000	24463000
chr12	24463000	24464000
chr12	24464000	24465000
chr12	24465000	24466000
chr12	24466000	24467000
chr12	24467000	24468000
chr12	24468000	24469000
chr12	24469000	24470000
chr12	24470000	24471000
chr12	24471000	24472000
chr12	24472000	24473000
chr12	24473000	24474000
chr12	24474000	24475000
chr12	24475000	24476000
chr12	24476000	24477000
chr12	24477000	24478000
chr12	24478000	24479000
chr12	24480000	24481000
chr12	24481000	24482000
chr12	24482000	24483000
chr12	24483000	24484000
chr12	24484000	24485000
chr12	24485000	24486000
chr12	24486000	24487000
chr12	24488000	24489000
chr12	24489000	24490000
chr12	24490000	24491000
chr12	24491000	24492000
chr12	24492000	24493000
chr12	24493000	24494000
chr12	24494000	24495000
chr12	24495000	24496000
chr12	24496000	24497000
chr12	24497000	24498000
chr12	24498000	24499000
chr12	24499000	24500000
chr12	24500000	24501000
chr12	24501000	24502000
chr12	24502000	24503000
chr12	24503000	24504000
chr12	24504000	24505000
chr12	24505000	24506000
chr12	24507000	24508000
chr12	24508000	24509000
chr12	24509000	24510000
chr12	24510000	24511000
chr12	24511000	24512000
chr12	24512000	24513000
chr12	24513000	24514000
chr12	24514000	24515000
chr12	24515000	24516000
chr12	24516000	24517000
chr12	24517000	24518000
chr12	24518000	24519000
chr12	24519000	24520000
chr12	24520000	24521000
chr12	24521000	24522000
chr12	24522000	24523000
chr12	24524000	24525000
chr12	24526000	24527000
chr12	24528000	24529000
chr12	24529000	24530000
chr12	24530000	24531000
chr12	24531000	24532000
chr12	24532000	24533000
chr12	24534000	24535000
chr12	24540000	24541000
chr12	24542000	24543000
chr12	24543000	24544000
chr12	24545000	24546000
chr12	24552000	24553000
chr12	24553000	24554000
chr12	24559000	24560000
chr12	24560000	24561000
chr12	24561000	24562000
chr12	24562000	24563000
chr12	24566000	24567000
chr12	24568000	24569000
chr12	24569000	24570000
chr12	24570000	24571000
chr12	24571000	24572000
chr12	24572000	24573000
chr12	24583000	24584000
chr12	24586000	24587000
chr12	24587000	24588000
chr12	24590000	24591000
chr12	24591000	24592000
chr12	24592000	24593000
chr12	24593000	24594000
chr12	24594000	24595000
chr12	24595000	24596000
