chr19	53000	54000
chr19	54000	55000
chr19	84000	85000
chr19	86000	87000
chr19	87000	88000
chr19	88000	89000
chr19	90000	91000
chr19	91000	92000
chr19	93000	94000
chr19	94000	95000
chr19	95000	96000
chr19	111000	112000
chr19	112000	113000
chr19	122000	123000
chr19	124000	125000
chr19	151000	152000
chr19	157000	158000
chr19	213000	214000
chr19	214000	215000
chr19	215000	216000
chr19	216000	217000
chr19	218000	219000
chr19	220000	221000
chr19	226000	227000
chr19	227000	228000
chr19	232000	233000
chr19	233000	234000
chr19	239000	240000
chr19	241000	242000
chr19	257000	258000
chr19	258000	259000
chr19	259000	260000
chr19	261000	262000
chr19	284000	285000
chr19	288000	289000
chr19	327000	328000
chr19	328000	329000
chr19	329000	330000
chr19	333000	334000
chr19	334000	335000
chr19	335000	336000
chr19	342000	343000
chr19	343000	344000
chr19	344000	345000
chr19	348000	349000
chr19	350000	351000
chr19	351000	352000
chr19	352000	353000
chr19	357000	358000
chr19	367000	368000
chr19	368000	369000
chr19	370000	371000
chr19	371000	372000
chr19	403000	404000
chr19	404000	405000
chr19	405000	406000
chr19	406000	407000
chr19	407000	408000
chr19	409000	410000
chr19	410000	411000
chr19	411000	412000
chr19	412000	413000
chr19	413000	414000
chr19	414000	415000
chr19	419000	420000
chr19	420000	421000
chr19	422000	423000
chr19	424000	425000
chr19	425000	426000
chr19	426000	427000
chr19	427000	428000
chr19	428000	429000
chr19	429000	430000
chr19	430000	431000
chr19	431000	432000
chr19	446000	447000
chr19	447000	448000
chr19	448000	449000
chr19	455000	456000
chr19	456000	457000
chr19	459000	460000
chr19	461000	462000
chr19	462000	463000
chr19	463000	464000
chr19	464000	465000
chr19	465000	466000
chr19	466000	467000
chr19	467000	468000
chr19	481000	482000
chr19	483000	484000
chr19	487000	488000
chr19	510000	511000
chr19	511000	512000
chr19	512000	513000
chr19	513000	514000
chr19	519000	520000
chr19	523000	524000
chr19	524000	525000
chr19	525000	526000
chr19	526000	527000
chr19	527000	528000
chr19	528000	529000
chr19	533000	534000
chr19	534000	535000
chr19	535000	536000
chr19	537000	538000
chr19	538000	539000
chr19	542000	543000
chr19	558000	559000
chr19	561000	562000
chr19	562000	563000
chr19	564000	565000
chr19	566000	567000
chr19	567000	568000
chr19	568000	569000
chr19	569000	570000
chr19	570000	571000
chr19	571000	572000
chr19	572000	573000
chr19	590000	591000
chr19	591000	592000
chr19	601000	602000
chr19	602000	603000
chr19	603000	604000
chr19	611000	612000
chr19	614000	615000
chr19	615000	616000
chr19	621000	622000
chr19	622000	623000
chr19	624000	625000
chr19	625000	626000
chr19	626000	627000
chr19	630000	631000
chr19	632000	633000
chr19	633000	634000
chr19	634000	635000
chr19	635000	636000
chr19	639000	640000
chr19	642000	643000
chr19	643000	644000
chr19	648000	649000
chr19	662000	663000
chr19	663000	664000
chr19	664000	665000
chr19	665000	666000
chr19	675000	676000
chr19	676000	677000
chr19	677000	678000
chr19	679000	680000
chr19	682000	683000
chr19	683000	684000
chr19	684000	685000
chr19	685000	686000
chr19	690000	691000
chr19	691000	692000
chr19	692000	693000
chr19	694000	695000
chr19	696000	697000
chr19	697000	698000
chr19	698000	699000
chr19	699000	700000
chr19	701000	702000
chr19	702000	703000
chr19	703000	704000
chr19	704000	705000
chr19	705000	706000
chr19	715000	716000
chr19	716000	717000
chr19	717000	718000
chr19	718000	719000
chr19	719000	720000
chr19	722000	723000
chr19	749000	750000
chr19	752000	753000
chr19	753000	754000
chr19	754000	755000
chr19	756000	757000
chr19	768000	769000
chr19	769000	770000
chr19	770000	771000
chr19	771000	772000
chr19	772000	773000
chr19	774000	775000
chr19	775000	776000
chr19	776000	777000
chr19	777000	778000
chr19	778000	779000
chr19	779000	780000
chr19	780000	781000
chr19	783000	784000
chr19	784000	785000
chr19	785000	786000
chr19	786000	787000
chr19	787000	788000
chr19	788000	789000
chr19	789000	790000
chr19	790000	791000
chr19	791000	792000
chr19	794000	795000
chr19	795000	796000
chr19	797000	798000
chr19	798000	799000
chr19	799000	800000
chr19	800000	801000
chr19	801000	802000
chr19	802000	803000
chr19	803000	804000
chr19	811000	812000
chr19	813000	814000
chr19	814000	815000
chr19	817000	818000
chr19	818000	819000
chr19	820000	821000
chr19	829000	830000
chr19	830000	831000
chr19	833000	834000
chr19	841000	842000
chr19	843000	844000
chr19	844000	845000
chr19	847000	848000
chr19	848000	849000
chr19	851000	852000
chr19	881000	882000
chr19	885000	886000
chr19	886000	887000
chr19	887000	888000
chr19	889000	890000
chr19	890000	891000
chr19	891000	892000
chr19	892000	893000
chr19	894000	895000
chr19	895000	896000
chr19	897000	898000
chr19	898000	899000
chr19	899000	900000
chr19	900000	901000
chr19	903000	904000
chr19	923000	924000
chr19	925000	926000
chr19	932000	933000
chr19	985000	986000
chr19	986000	987000
chr19	988000	989000
chr19	992000	993000
chr19	994000	995000
chr19	995000	996000
chr19	998000	999000
chr19	999000	1000000
chr19	1005000	1006000
chr19	1018000	1019000
chr19	1022000	1023000
chr19	1023000	1024000
chr19	1024000	1025000
chr19	1025000	1026000
chr19	1026000	1027000
chr19	1039000	1040000
chr19	1042000	1043000
chr19	1044000	1045000
chr19	1061000	1062000
chr19	1062000	1063000
chr19	1064000	1065000
chr19	1066000	1067000
chr19	1067000	1068000
chr19	1068000	1069000
chr19	1069000	1070000
chr19	1070000	1071000
chr19	1075000	1076000
chr19	1076000	1077000
chr19	1091000	1092000
chr19	1092000	1093000
chr19	1094000	1095000
chr19	1095000	1096000
chr19	1096000	1097000
chr19	1098000	1099000
chr19	1124000	1125000
chr19	1125000	1126000
chr19	1127000	1128000
chr19	1128000	1129000
chr19	1129000	1130000
chr19	1130000	1131000
chr19	1131000	1132000
chr19	1132000	1133000
chr19	1134000	1135000
chr19	1142000	1143000
chr19	1148000	1149000
chr19	1149000	1150000
chr19	1150000	1151000
chr19	1151000	1152000
chr19	1152000	1153000
chr19	1154000	1155000
chr19	1155000	1156000
chr19	1156000	1157000
chr19	1157000	1158000
chr19	1158000	1159000
chr19	1159000	1160000
chr19	1160000	1161000
chr19	1161000	1162000
chr19	1167000	1168000
chr19	1168000	1169000
chr19	1169000	1170000
chr19	1170000	1171000
chr19	1171000	1172000
chr19	1172000	1173000
chr19	1173000	1174000
chr19	1179000	1180000
chr19	1184000	1185000
chr19	1185000	1186000
chr19	1207000	1208000
chr19	1208000	1209000
chr19	1209000	1210000
chr19	1210000	1211000
chr19	1212000	1213000
chr19	1214000	1215000
chr19	1215000	1216000
chr19	1219000	1220000
chr19	1220000	1221000
chr19	1235000	1236000
chr19	1238000	1239000
chr19	1241000	1242000
chr19	1242000	1243000
chr19	1244000	1245000
chr19	1258000	1259000
chr19	1263000	1264000
chr19	1268000	1269000
chr19	1278000	1279000
chr19	1279000	1280000
chr19	1280000	1281000
chr19	1282000	1283000
chr19	1290000	1291000
chr19	1291000	1292000
chr19	1292000	1293000
chr19	1293000	1294000
chr19	1294000	1295000
chr19	1297000	1298000
chr19	1299000	1300000
chr19	1300000	1301000
chr19	1317000	1318000
chr19	1318000	1319000
chr19	1320000	1321000
chr19	1321000	1322000
chr19	1325000	1326000
chr19	1326000	1327000
chr19	1333000	1334000
chr19	1334000	1335000
chr19	1335000	1336000
chr19	1336000	1337000
chr19	1339000	1340000
chr19	1341000	1342000
chr19	1348000	1349000
chr19	1353000	1354000
chr19	1358000	1359000
chr19	1376000	1377000
chr19	1379000	1380000
chr19	1380000	1381000
chr19	1383000	1384000
chr19	1384000	1385000
chr19	1385000	1386000
chr19	1386000	1387000
chr19	1389000	1390000
chr19	1401000	1402000
chr19	1431000	1432000
chr19	1437000	1438000
chr19	1439000	1440000
chr19	1440000	1441000
chr19	1443000	1444000
chr19	1445000	1446000
chr19	1447000	1448000
chr19	1450000	1451000
chr19	1451000	1452000
chr19	1452000	1453000
chr19	1453000	1454000
chr19	1473000	1474000
chr19	1475000	1476000
chr19	1477000	1478000
chr19	1478000	1479000
chr19	1479000	1480000
chr19	1480000	1481000
chr19	1487000	1488000
chr19	1492000	1493000
chr19	1504000	1505000
chr19	1505000	1506000
chr19	1506000	1507000
chr19	1530000	1531000
chr19	1532000	1533000
chr19	1534000	1535000
chr19	1535000	1536000
chr19	1536000	1537000
chr19	1540000	1541000
chr19	1541000	1542000
chr19	1542000	1543000
chr19	1543000	1544000
chr19	1545000	1546000
chr19	1546000	1547000
chr19	1547000	1548000
chr19	1549000	1550000
chr19	1550000	1551000
chr19	1551000	1552000
chr19	1557000	1558000
chr19	1558000	1559000
chr19	1565000	1566000
chr19	1566000	1567000
chr19	1567000	1568000
chr19	1568000	1569000
chr19	1573000	1574000
chr19	1577000	1578000
chr19	1578000	1579000
chr19	1579000	1580000
chr19	1581000	1582000
chr19	1586000	1587000
chr19	1588000	1589000
chr19	1589000	1590000
chr19	1599000	1600000
chr19	1600000	1601000
chr19	1601000	1602000
chr19	1603000	1604000
chr19	1604000	1605000
chr19	1605000	1606000
chr19	1606000	1607000
chr19	1608000	1609000
chr19	1609000	1610000
chr19	1610000	1611000
chr19	1611000	1612000
chr19	1612000	1613000
chr19	1613000	1614000
chr19	1614000	1615000
chr19	1615000	1616000
chr19	1616000	1617000
chr19	1617000	1618000
chr19	1618000	1619000
chr19	1624000	1625000
chr19	1625000	1626000
chr19	1627000	1628000
chr19	1640000	1641000
chr19	1642000	1643000
chr19	1644000	1645000
chr19	1646000	1647000
chr19	1647000	1648000
chr19	1648000	1649000
chr19	1650000	1651000
chr19	1651000	1652000
chr19	1652000	1653000
chr19	1669000	1670000
chr19	1670000	1671000
chr19	1672000	1673000
chr19	1673000	1674000
chr19	1674000	1675000
chr19	1675000	1676000
chr19	1676000	1677000
chr19	1682000	1683000
chr19	1697000	1698000
chr19	1702000	1703000
chr19	1705000	1706000
chr19	1708000	1709000
chr19	1709000	1710000
chr19	1714000	1715000
chr19	1717000	1718000
chr19	1737000	1738000
chr19	1738000	1739000
chr19	1742000	1743000
chr19	1743000	1744000
chr19	1744000	1745000
chr19	1747000	1748000
chr19	1748000	1749000
chr19	1750000	1751000
chr19	1751000	1752000
chr19	1752000	1753000
chr19	1753000	1754000
chr19	1755000	1756000
chr19	1756000	1757000
chr19	1757000	1758000
chr19	1760000	1761000
chr19	1762000	1763000
chr19	1769000	1770000
chr19	1770000	1771000
chr19	1771000	1772000
chr19	1772000	1773000
chr19	1773000	1774000
chr19	1774000	1775000
chr19	1776000	1777000
chr19	1777000	1778000
chr19	1781000	1782000
chr19	1782000	1783000
chr19	1783000	1784000
chr19	1784000	1785000
chr19	1791000	1792000
chr19	1794000	1795000
chr19	1796000	1797000
chr19	1802000	1803000
chr19	1806000	1807000
chr19	1831000	1832000
chr19	1833000	1834000
chr19	1834000	1835000
chr19	1835000	1836000
chr19	1838000	1839000
chr19	1839000	1840000
chr19	1847000	1848000
chr19	1878000	1879000
chr19	1879000	1880000
chr19	1880000	1881000
chr19	1881000	1882000
chr19	1882000	1883000
chr19	1883000	1884000
chr19	1884000	1885000
chr19	1885000	1886000
chr19	1886000	1887000
chr19	1887000	1888000
chr19	1888000	1889000
chr19	1895000	1896000
chr19	1898000	1899000
chr19	1899000	1900000
chr19	1902000	1903000
chr19	1903000	1904000
chr19	1904000	1905000
chr19	1909000	1910000
chr19	1910000	1911000
chr19	1912000	1913000
chr19	1920000	1921000
chr19	1921000	1922000
chr19	1932000	1933000
chr19	1933000	1934000
chr19	1934000	1935000
chr19	1938000	1939000
chr19	1939000	1940000
chr19	1940000	1941000
chr19	1941000	1942000
chr19	1942000	1943000
chr19	1943000	1944000
chr19	1947000	1948000
chr19	1950000	1951000
chr19	1951000	1952000
chr19	1952000	1953000
chr19	1953000	1954000
chr19	1959000	1960000
chr19	1961000	1962000
chr19	1962000	1963000
chr19	1963000	1964000
chr19	1965000	1966000
chr19	1973000	1974000
chr19	1974000	1975000
chr19	1976000	1977000
chr19	1977000	1978000
chr19	1978000	1979000
chr19	1980000	1981000
chr19	1981000	1982000
chr19	1983000	1984000
chr19	1986000	1987000
chr19	1992000	1993000
chr19	1993000	1994000
chr19	1995000	1996000
chr19	1997000	1998000
chr19	1999000	2000000
chr19	2000000	2001000
chr19	2001000	2002000
chr19	2002000	2003000
chr19	2004000	2005000
chr19	2006000	2007000
chr19	2007000	2008000
chr19	2010000	2011000
chr19	2012000	2013000
chr19	2020000	2021000
chr19	2021000	2022000
chr19	2022000	2023000
chr19	2038000	2039000
chr19	2059000	2060000
chr19	2060000	2061000
chr19	2061000	2062000
chr19	2062000	2063000
chr19	2063000	2064000
chr19	2064000	2065000
chr19	2065000	2066000
chr19	2066000	2067000
chr19	2070000	2071000
chr19	2071000	2072000
chr19	2072000	2073000
chr19	2073000	2074000
chr19	2074000	2075000
chr19	2075000	2076000
chr19	2076000	2077000
chr19	2077000	2078000
chr19	2078000	2079000
chr19	2080000	2081000
chr19	2083000	2084000
chr19	2084000	2085000
chr19	2085000	2086000
chr19	2092000	2093000
chr19	2093000	2094000
chr19	2094000	2095000
chr19	2095000	2096000
chr19	2096000	2097000
chr19	2097000	2098000
chr19	2098000	2099000
chr19	2099000	2100000
chr19	2100000	2101000
chr19	2102000	2103000
chr19	2104000	2105000
chr19	2105000	2106000
chr19	2108000	2109000
chr19	2109000	2110000
chr19	2110000	2111000
chr19	2111000	2112000
chr19	2112000	2113000
chr19	2113000	2114000
chr19	2114000	2115000
chr19	2115000	2116000
chr19	2116000	2117000
chr19	2119000	2120000
chr19	2120000	2121000
chr19	2121000	2122000
chr19	2122000	2123000
chr19	2124000	2125000
chr19	2125000	2126000
chr19	2126000	2127000
chr19	2128000	2129000
chr19	2138000	2139000
chr19	2139000	2140000
chr19	2149000	2150000
chr19	2150000	2151000
chr19	2151000	2152000
chr19	2152000	2153000
chr19	2153000	2154000
chr19	2154000	2155000
chr19	2155000	2156000
chr19	2156000	2157000
chr19	2157000	2158000
chr19	2158000	2159000
chr19	2160000	2161000
chr19	2161000	2162000
chr19	2162000	2163000
chr19	2177000	2178000
chr19	2178000	2179000
chr19	2190000	2191000
chr19	2220000	2221000
chr19	2222000	2223000
chr19	2223000	2224000
chr19	2226000	2227000
chr19	2228000	2229000
chr19	2229000	2230000
chr19	2230000	2231000
chr19	2231000	2232000
chr19	2232000	2233000
chr19	2233000	2234000
chr19	2235000	2236000
chr19	2236000	2237000
chr19	2237000	2238000
chr19	2239000	2240000
chr19	2244000	2245000
chr19	2245000	2246000
chr19	2246000	2247000
chr19	2247000	2248000
chr19	2248000	2249000
chr19	2249000	2250000
chr19	2250000	2251000
chr19	2251000	2252000
chr19	2257000	2258000
chr19	2263000	2264000
chr19	2264000	2265000
chr19	2265000	2266000
chr19	2267000	2268000
chr19	2268000	2269000
chr19	2269000	2270000
chr19	2270000	2271000
chr19	2271000	2272000
chr19	2272000	2273000
chr19	2273000	2274000
chr19	2274000	2275000
chr19	2275000	2276000
chr19	2276000	2277000
chr19	2278000	2279000
chr19	2279000	2280000
chr19	2280000	2281000
chr19	2281000	2282000
chr19	2283000	2284000
chr19	2284000	2285000
chr19	2288000	2289000
chr19	2290000	2291000
chr19	2291000	2292000
chr19	2292000	2293000
chr19	2293000	2294000
chr19	2294000	2295000
chr19	2295000	2296000
chr19	2296000	2297000
chr19	2297000	2298000
chr19	2298000	2299000
chr19	2306000	2307000
chr19	2312000	2313000
chr19	2313000	2314000
chr19	2316000	2317000
chr19	2317000	2318000
chr19	2318000	2319000
chr19	2326000	2327000
chr19	2327000	2328000
chr19	2329000	2330000
chr19	2330000	2331000
chr19	2332000	2333000
chr19	2337000	2338000
chr19	2338000	2339000
chr19	2339000	2340000
chr19	2341000	2342000
chr19	2342000	2343000
chr19	2344000	2345000
chr19	2347000	2348000
chr19	2350000	2351000
chr19	2351000	2352000
chr19	2352000	2353000
chr19	2353000	2354000
chr19	2354000	2355000
chr19	2355000	2356000
chr19	2356000	2357000
chr19	2358000	2359000
chr19	2359000	2360000
chr19	2369000	2370000
chr19	2370000	2371000
chr19	2371000	2372000
chr19	2372000	2373000
chr19	2379000	2380000
chr19	2380000	2381000
chr19	2381000	2382000
chr19	2383000	2384000
chr19	2384000	2385000
chr19	2385000	2386000
chr19	2387000	2388000
chr19	2388000	2389000
chr19	2390000	2391000
chr19	2391000	2392000
chr19	2392000	2393000
chr19	2396000	2397000
chr19	2397000	2398000
chr19	2398000	2399000
chr19	2399000	2400000
chr19	2400000	2401000
chr19	2401000	2402000
chr19	2402000	2403000
chr19	2403000	2404000
chr19	2410000	2411000
chr19	2411000	2412000
chr19	2414000	2415000
chr19	2415000	2416000
chr19	2416000	2417000
chr19	2417000	2418000
chr19	2423000	2424000
chr19	2425000	2426000
chr19	2426000	2427000
chr19	2427000	2428000
chr19	2428000	2429000
chr19	2429000	2430000
chr19	2430000	2431000
chr19	2433000	2434000
chr19	2434000	2435000
chr19	2435000	2436000
chr19	2442000	2443000
chr19	2443000	2444000
chr19	2445000	2446000
chr19	2446000	2447000
chr19	2449000	2450000
chr19	2450000	2451000
chr19	2451000	2452000
chr19	2452000	2453000
chr19	2458000	2459000
chr19	2459000	2460000
chr19	2460000	2461000
chr19	2462000	2463000
chr19	2465000	2466000
chr19	2478000	2479000
chr19	2487000	2488000
chr19	2488000	2489000
chr19	2491000	2492000
chr19	2494000	2495000
chr19	2496000	2497000
chr19	2497000	2498000
chr19	2498000	2499000
chr19	2501000	2502000
chr19	2502000	2503000
chr19	2505000	2506000
chr19	2525000	2526000
chr19	2530000	2531000
chr19	2533000	2534000
chr19	2537000	2538000
chr19	2546000	2547000
chr19	2547000	2548000
chr19	2553000	2554000
chr19	2555000	2556000
chr19	2557000	2558000
chr19	2558000	2559000
chr19	2562000	2563000
chr19	2563000	2564000
chr19	2564000	2565000
chr19	2565000	2566000
chr19	2566000	2567000
chr19	2567000	2568000
chr19	2569000	2570000
chr19	2570000	2571000
chr19	2571000	2572000
chr19	2572000	2573000
chr19	2573000	2574000
chr19	2575000	2576000
chr19	2579000	2580000
chr19	2580000	2581000
chr19	2588000	2589000
chr19	2589000	2590000
chr19	2590000	2591000
chr19	2592000	2593000
chr19	2593000	2594000
chr19	2594000	2595000
chr19	2600000	2601000
chr19	2604000	2605000
chr19	2606000	2607000
chr19	2607000	2608000
chr19	2611000	2612000
chr19	2614000	2615000
chr19	2619000	2620000
chr19	2620000	2621000
chr19	2621000	2622000
chr19	2623000	2624000
chr19	2624000	2625000
chr19	2625000	2626000
chr19	2639000	2640000
chr19	2642000	2643000
chr19	2643000	2644000
chr19	2650000	2651000
chr19	2659000	2660000
chr19	2660000	2661000
chr19	2661000	2662000
chr19	2662000	2663000
chr19	2663000	2664000
chr19	2666000	2667000
chr19	2667000	2668000
chr19	2668000	2669000
chr19	2669000	2670000
chr19	2670000	2671000
chr19	2671000	2672000
chr19	2672000	2673000
chr19	2673000	2674000
chr19	2686000	2687000
chr19	2698000	2699000
chr19	2699000	2700000
chr19	2700000	2701000
chr19	2701000	2702000
chr19	2713000	2714000
chr19	2714000	2715000
chr19	2721000	2722000
chr19	2722000	2723000
chr19	2727000	2728000
chr19	2728000	2729000
chr19	2742000	2743000
chr19	2743000	2744000
chr19	2744000	2745000
chr19	2745000	2746000
chr19	2746000	2747000
chr19	2747000	2748000
chr19	2752000	2753000
chr19	2754000	2755000
chr19	2759000	2760000
chr19	2760000	2761000
chr19	2763000	2764000
chr19	2767000	2768000
chr19	2768000	2769000
chr19	2769000	2770000
chr19	2770000	2771000
chr19	2772000	2773000
chr19	2775000	2776000
chr19	2776000	2777000
chr19	2777000	2778000
chr19	2779000	2780000
chr19	2780000	2781000
chr19	2785000	2786000
chr19	2790000	2791000
chr19	2791000	2792000
chr19	2792000	2793000
chr19	2793000	2794000
chr19	2794000	2795000
chr19	2795000	2796000
chr19	2796000	2797000
chr19	2801000	2802000
chr19	2803000	2804000
chr19	2804000	2805000
chr19	2807000	2808000
chr19	2808000	2809000
chr19	2809000	2810000
chr19	2811000	2812000
chr19	2812000	2813000
chr19	2814000	2815000
chr19	2816000	2817000
chr19	2821000	2822000
chr19	2822000	2823000
chr19	2824000	2825000
chr19	2825000	2826000
chr19	2829000	2830000
chr19	2834000	2835000
chr19	2835000	2836000
chr19	2836000	2837000
chr19	2837000	2838000
chr19	2839000	2840000
chr19	2840000	2841000
chr19	2841000	2842000
chr19	2842000	2843000
chr19	2843000	2844000
chr19	2844000	2845000
chr19	2845000	2846000
chr19	2851000	2852000
chr19	2867000	2868000
chr19	2868000	2869000
chr19	2871000	2872000
chr19	2876000	2877000
chr19	2882000	2883000
chr19	2885000	2886000
chr19	2889000	2890000
chr19	2890000	2891000
chr19	2891000	2892000
chr19	2895000	2896000
chr19	2896000	2897000
chr19	2897000	2898000
chr19	2900000	2901000
chr19	2902000	2903000
chr19	2903000	2904000
chr19	2905000	2906000
chr19	2908000	2909000
chr19	2910000	2911000
chr19	2917000	2918000
chr19	2924000	2925000
chr19	2925000	2926000
chr19	2928000	2929000
chr19	2930000	2931000
chr19	2931000	2932000
chr19	2935000	2936000
chr19	2936000	2937000
chr19	2937000	2938000
chr19	2938000	2939000
chr19	2939000	2940000
chr19	2940000	2941000
chr19	2941000	2942000
chr19	2944000	2945000
chr19	2945000	2946000
chr19	2946000	2947000
chr19	2947000	2948000
chr19	2948000	2949000
chr19	2949000	2950000
chr19	2951000	2952000
chr19	2952000	2953000
chr19	2954000	2955000
chr19	2955000	2956000
chr19	2958000	2959000
chr19	2959000	2960000
chr19	2960000	2961000
chr19	2963000	2964000
chr19	2964000	2965000
chr19	2965000	2966000
chr19	2966000	2967000
chr19	2968000	2969000
chr19	2969000	2970000
chr19	2970000	2971000
chr19	2971000	2972000
chr19	2972000	2973000
chr19	2973000	2974000
chr19	2974000	2975000
chr19	2975000	2976000
chr19	2984000	2985000
chr19	2990000	2991000
chr19	2991000	2992000
chr19	3002000	3003000
chr19	3007000	3008000
chr19	3009000	3010000
chr19	3011000	3012000
chr19	3012000	3013000
chr19	3013000	3014000
chr19	3014000	3015000
chr19	3017000	3018000
chr19	3041000	3042000
chr19	3042000	3043000
chr19	3045000	3046000
chr19	3046000	3047000
chr19	3051000	3052000
chr19	3078000	3079000
chr19	3087000	3088000
chr19	3090000	3091000
chr19	3091000	3092000
chr19	3092000	3093000
chr19	3093000	3094000
chr19	3104000	3105000
chr19	3111000	3112000
chr19	3112000	3113000
chr19	3113000	3114000
chr19	3114000	3115000
chr19	3116000	3117000
chr19	3117000	3118000
chr19	3118000	3119000
chr19	3120000	3121000
chr19	3121000	3122000
chr19	3122000	3123000
chr19	3123000	3124000
chr19	3126000	3127000
chr19	3164000	3165000
chr19	3165000	3166000
chr19	3166000	3167000
chr19	3167000	3168000
chr19	3170000	3171000
chr19	3176000	3177000
chr19	3206000	3207000
chr19	3207000	3208000
chr19	3230000	3231000
chr19	3231000	3232000
chr19	3232000	3233000
chr19	3233000	3234000
chr19	3235000	3236000
chr19	3236000	3237000
chr19	3238000	3239000
chr19	3239000	3240000
chr19	3240000	3241000
chr19	3241000	3242000
chr19	3247000	3248000
chr19	3248000	3249000
chr19	3249000	3250000
chr19	3251000	3252000
chr19	3252000	3253000
chr19	3253000	3254000
chr19	3254000	3255000
chr19	3255000	3256000
chr19	3260000	3261000
chr19	3261000	3262000
chr19	3264000	3265000
chr19	3266000	3267000
chr19	3267000	3268000
chr19	3268000	3269000
chr19	3269000	3270000
chr19	3270000	3271000
chr19	3274000	3275000
chr19	3276000	3277000
chr19	3280000	3281000
chr19	3281000	3282000
chr19	3283000	3284000
chr19	3292000	3293000
chr19	3293000	3294000
chr19	3294000	3295000
chr19	3295000	3296000
chr19	3296000	3297000
chr19	3297000	3298000
chr19	3298000	3299000
chr19	3303000	3304000
chr19	3307000	3308000
chr19	3310000	3311000
chr19	3321000	3322000
chr19	3322000	3323000
chr19	3327000	3328000
chr19	3334000	3335000
chr19	3335000	3336000
chr19	3337000	3338000
chr19	3339000	3340000
chr19	3357000	3358000
chr19	3361000	3362000
chr19	3362000	3363000
chr19	3364000	3365000
chr19	3371000	3372000
chr19	3382000	3383000
chr19	3386000	3387000
chr19	3387000	3388000
chr19	3392000	3393000
chr19	3407000	3408000
chr19	3411000	3412000
chr19	3417000	3418000
chr19	3418000	3419000
chr19	3426000	3427000
chr19	3433000	3434000
chr19	3434000	3435000
chr19	3435000	3436000
chr19	3436000	3437000
chr19	3437000	3438000
chr19	3442000	3443000
chr19	3443000	3444000
chr19	3444000	3445000
chr19	3445000	3446000
chr19	3447000	3448000
chr19	3451000	3452000
chr19	3458000	3459000
chr19	3461000	3462000
chr19	3462000	3463000
chr19	3463000	3464000
chr19	3464000	3465000
chr19	3465000	3466000
chr19	3466000	3467000
chr19	3468000	3469000
chr19	3469000	3470000
chr19	3471000	3472000
chr19	3472000	3473000
chr19	3474000	3475000
chr19	3476000	3477000
chr19	3477000	3478000
chr19	3478000	3479000
chr19	3480000	3481000
chr19	3484000	3485000
chr19	3497000	3498000
chr19	3498000	3499000
chr19	3499000	3500000
chr19	3500000	3501000
chr19	3502000	3503000
chr19	3503000	3504000
chr19	3505000	3506000
chr19	3506000	3507000
chr19	3508000	3509000
chr19	3515000	3516000
chr19	3519000	3520000
chr19	3525000	3526000
chr19	3526000	3527000
chr19	3527000	3528000
chr19	3537000	3538000
chr19	3538000	3539000
chr19	3542000	3543000
chr19	3544000	3545000
chr19	3545000	3546000
chr19	3546000	3547000
chr19	3547000	3548000
chr19	3548000	3549000
chr19	3549000	3550000
chr19	3551000	3552000
chr19	3552000	3553000
chr19	3565000	3566000
chr19	3566000	3567000
chr19	3568000	3569000
chr19	3569000	3570000
chr19	3570000	3571000
chr19	3571000	3572000
chr19	3572000	3573000
chr19	3573000	3574000
chr19	3574000	3575000
chr19	3580000	3581000
chr19	3581000	3582000
chr19	3582000	3583000
chr19	3583000	3584000
chr19	3584000	3585000
chr19	3586000	3587000
chr19	3587000	3588000
chr19	3588000	3589000
chr19	3589000	3590000
chr19	3590000	3591000
chr19	3591000	3592000
chr19	3592000	3593000
chr19	3593000	3594000
chr19	3594000	3595000
chr19	3595000	3596000
chr19	3596000	3597000
chr19	3597000	3598000
chr19	3598000	3599000
chr19	3601000	3602000
chr19	3602000	3603000
chr19	3603000	3604000
chr19	3604000	3605000
chr19	3605000	3606000
chr19	3606000	3607000
chr19	3607000	3608000
chr19	3608000	3609000
chr19	3609000	3610000
chr19	3610000	3611000
chr19	3612000	3613000
chr19	3613000	3614000
chr19	3614000	3615000
chr19	3615000	3616000
chr19	3616000	3617000
chr19	3621000	3622000
chr19	3625000	3626000
chr19	3626000	3627000
chr19	3627000	3628000
chr19	3628000	3629000
chr19	3629000	3630000
chr19	3630000	3631000
chr19	3634000	3635000
chr19	3642000	3643000
chr19	3644000	3645000
chr19	3645000	3646000
chr19	3646000	3647000
chr19	3647000	3648000
chr19	3648000	3649000
chr19	3649000	3650000
chr19	3650000	3651000
chr19	3653000	3654000
chr19	3655000	3656000
chr19	3656000	3657000
chr19	3657000	3658000
chr19	3659000	3660000
chr19	3660000	3661000
chr19	3661000	3662000
chr19	3663000	3664000
chr19	3664000	3665000
chr19	3665000	3666000
chr19	3666000	3667000
chr19	3667000	3668000
chr19	3668000	3669000
chr19	3671000	3672000
chr19	3672000	3673000
chr19	3673000	3674000
chr19	3675000	3676000
chr19	3676000	3677000
chr19	3678000	3679000
chr19	3679000	3680000
chr19	3685000	3686000
chr19	3687000	3688000
chr19	3699000	3700000
chr19	3700000	3701000
chr19	3701000	3702000
chr19	3702000	3703000
chr19	3703000	3704000
chr19	3705000	3706000
chr19	3706000	3707000
chr19	3707000	3708000
chr19	3708000	3709000
chr19	3709000	3710000
chr19	3710000	3711000
chr19	3711000	3712000
chr19	3712000	3713000
chr19	3713000	3714000
chr19	3714000	3715000
chr19	3715000	3716000
chr19	3716000	3717000
chr19	3718000	3719000
chr19	3719000	3720000
chr19	3720000	3721000
chr19	3721000	3722000
chr19	3722000	3723000
chr19	3725000	3726000
chr19	3726000	3727000
chr19	3728000	3729000
chr19	3729000	3730000
chr19	3730000	3731000
chr19	3731000	3732000
chr19	3732000	3733000
chr19	3733000	3734000
chr19	3734000	3735000
chr19	3735000	3736000
chr19	3736000	3737000
chr19	3737000	3738000
chr19	3738000	3739000
chr19	3739000	3740000
chr19	3740000	3741000
chr19	3741000	3742000
chr19	3742000	3743000
chr19	3743000	3744000
chr19	3744000	3745000
chr19	3745000	3746000
chr19	3751000	3752000
chr19	3752000	3753000
chr19	3758000	3759000
chr19	3760000	3761000
chr19	3761000	3762000
chr19	3762000	3763000
chr19	3763000	3764000
chr19	3766000	3767000
chr19	3769000	3770000
chr19	3772000	3773000
chr19	3773000	3774000
chr19	3774000	3775000
chr19	3775000	3776000
chr19	3779000	3780000
chr19	3783000	3784000
chr19	3787000	3788000
chr19	3792000	3793000
chr19	3793000	3794000
chr19	3794000	3795000
chr19	3795000	3796000
chr19	3796000	3797000
chr19	3802000	3803000
chr19	3806000	3807000
chr19	3808000	3809000
chr19	3809000	3810000
chr19	3810000	3811000
chr19	3812000	3813000
chr19	3813000	3814000
chr19	3814000	3815000
chr19	3815000	3816000
chr19	3819000	3820000
chr19	3820000	3821000
chr19	3822000	3823000
chr19	3825000	3826000
chr19	3826000	3827000
chr19	3827000	3828000
chr19	3828000	3829000
chr19	3829000	3830000
chr19	3830000	3831000
chr19	3831000	3832000
chr19	3833000	3834000
chr19	3834000	3835000
chr19	3835000	3836000
chr19	3836000	3837000
chr19	3840000	3841000
chr19	3843000	3844000
chr19	3844000	3845000
chr19	3846000	3847000
chr19	3847000	3848000
chr19	3850000	3851000
chr19	3851000	3852000
chr19	3852000	3853000
chr19	3855000	3856000
chr19	3856000	3857000
chr19	3858000	3859000
chr19	3861000	3862000
chr19	3862000	3863000
chr19	3863000	3864000
chr19	3864000	3865000
chr19	3866000	3867000
chr19	3894000	3895000
chr19	3895000	3896000
chr19	3900000	3901000
chr19	3910000	3911000
chr19	3911000	3912000
chr19	3916000	3917000
chr19	3917000	3918000
chr19	3923000	3924000
chr19	3924000	3925000
chr19	3927000	3928000
chr19	3935000	3936000
chr19	3940000	3941000
chr19	3944000	3945000
chr19	3945000	3946000
chr19	3947000	3948000
chr19	3948000	3949000
chr19	3949000	3950000
chr19	3950000	3951000
chr19	3951000	3952000
chr19	3952000	3953000
chr19	3953000	3954000
chr19	3954000	3955000
chr19	3955000	3956000
chr19	3956000	3957000
chr19	3957000	3958000
chr19	3958000	3959000
chr19	3959000	3960000
chr19	3960000	3961000
chr19	3961000	3962000
chr19	3962000	3963000
chr19	3964000	3965000
chr19	3966000	3967000
chr19	3968000	3969000
chr19	3971000	3972000
chr19	3975000	3976000
chr19	3978000	3979000
chr19	3980000	3981000
chr19	3981000	3982000
chr19	3985000	3986000
chr19	3986000	3987000
chr19	3987000	3988000
chr19	3988000	3989000
chr19	3990000	3991000
chr19	3991000	3992000
chr19	3994000	3995000
chr19	3996000	3997000
chr19	3997000	3998000
chr19	4000000	4001000
chr19	4009000	4010000
chr19	4012000	4013000
chr19	4016000	4017000
chr19	4024000	4025000
chr19	4025000	4026000
chr19	4026000	4027000
chr19	4030000	4031000
chr19	4031000	4032000
chr19	4032000	4033000
chr19	4034000	4035000
chr19	4035000	4036000
chr19	4036000	4037000
chr19	4044000	4045000
chr19	4045000	4046000
chr19	4046000	4047000
chr19	4047000	4048000
chr19	4048000	4049000
chr19	4049000	4050000
chr19	4050000	4051000
chr19	4051000	4052000
chr19	4052000	4053000
chr19	4053000	4054000
chr19	4054000	4055000
chr19	4055000	4056000
chr19	4056000	4057000
chr19	4059000	4060000
chr19	4061000	4062000
chr19	4072000	4073000
chr19	4089000	4090000
chr19	4101000	4102000
chr19	4142000	4143000
chr19	4146000	4147000
chr19	4176000	4177000
chr19	4177000	4178000
chr19	4183000	4184000
chr19	4208000	4209000
chr19	4210000	4211000
chr19	4212000	4213000
chr19	4213000	4214000
chr19	4214000	4215000
chr19	4215000	4216000
chr19	4217000	4218000
chr19	4218000	4219000
chr19	4220000	4221000
chr19	4235000	4236000
chr19	4246000	4247000
chr19	4247000	4248000
chr19	4248000	4249000
chr19	4249000	4250000
chr19	4250000	4251000
chr19	4251000	4252000
chr19	4252000	4253000
chr19	4253000	4254000
chr19	4254000	4255000
chr19	4255000	4256000
chr19	4256000	4257000
chr19	4257000	4258000
chr19	4258000	4259000
chr19	4259000	4260000
chr19	4261000	4262000
chr19	4262000	4263000
chr19	4264000	4265000
chr19	4267000	4268000
chr19	4268000	4269000
chr19	4275000	4276000
chr19	4276000	4277000
chr19	4277000	4278000
chr19	4279000	4280000
chr19	4280000	4281000
chr19	4281000	4282000
chr19	4282000	4283000
chr19	4283000	4284000
chr19	4284000	4285000
chr19	4285000	4286000
chr19	4286000	4287000
chr19	4287000	4288000
chr19	4291000	4292000
chr19	4292000	4293000
chr19	4299000	4300000
chr19	4300000	4301000
chr19	4301000	4302000
chr19	4302000	4303000
chr19	4310000	4311000
chr19	4340000	4341000
chr19	4347000	4348000
chr19	4348000	4349000
chr19	4353000	4354000
chr19	4354000	4355000
chr19	4360000	4361000
chr19	4361000	4362000
chr19	4363000	4364000
chr19	4371000	4372000
chr19	4372000	4373000
chr19	4373000	4374000
chr19	4374000	4375000
chr19	4387000	4388000
chr19	4388000	4389000
chr19	4389000	4390000
chr19	4390000	4391000
chr19	4398000	4399000
chr19	4399000	4400000
chr19	4408000	4409000
chr19	4416000	4417000
chr19	4417000	4418000
chr19	4419000	4420000
chr19	4421000	4422000
chr19	4422000	4423000
chr19	4437000	4438000
chr19	4438000	4439000
chr19	4439000	4440000
chr19	4440000	4441000
chr19	4446000	4447000
chr19	4447000	4448000
chr19	4450000	4451000
chr19	4451000	4452000
chr19	4453000	4454000
chr19	4464000	4465000
chr19	4465000	4466000
chr19	4466000	4467000
chr19	4467000	4468000
chr19	4468000	4469000
chr19	4469000	4470000
chr19	4472000	4473000
chr19	4474000	4475000
chr19	4480000	4481000
chr19	4486000	4487000
chr19	4487000	4488000
chr19	4491000	4492000
chr19	4492000	4493000
chr19	4493000	4494000
chr19	4495000	4496000
chr19	4496000	4497000
chr19	4508000	4509000
chr19	4509000	4510000
chr19	4510000	4511000
chr19	4511000	4512000
chr19	4515000	4516000
chr19	4534000	4535000
chr19	4535000	4536000
chr19	4537000	4538000
chr19	4538000	4539000
chr19	4564000	4565000
chr19	4575000	4576000
chr19	4577000	4578000
chr19	4578000	4579000
chr19	4581000	4582000
chr19	4582000	4583000
chr19	4587000	4588000
chr19	4588000	4589000
chr19	4589000	4590000
chr19	4591000	4592000
chr19	4593000	4594000
chr19	4597000	4598000
chr19	4598000	4599000
chr19	4599000	4600000
chr19	4603000	4604000
chr19	4604000	4605000
chr19	4605000	4606000
chr19	4608000	4609000
chr19	4610000	4611000
chr19	4611000	4612000
chr19	4612000	4613000
chr19	4613000	4614000
chr19	4615000	4616000
chr19	4616000	4617000
chr19	4617000	4618000
chr19	4618000	4619000
chr19	4620000	4621000
chr19	4681000	4682000
chr19	4682000	4683000
chr19	4683000	4684000
chr19	4684000	4685000
chr19	4686000	4687000
chr19	4689000	4690000
chr19	4690000	4691000
chr19	4691000	4692000
chr19	4693000	4694000
chr19	4695000	4696000
chr19	4701000	4702000
chr19	4707000	4708000
chr19	4713000	4714000
chr19	4718000	4719000
chr19	4739000	4740000
chr19	4740000	4741000
chr19	4741000	4742000
chr19	4742000	4743000
chr19	4753000	4754000
chr19	4761000	4762000
chr19	4763000	4764000
chr19	4766000	4767000
chr19	4767000	4768000
chr19	4771000	4772000
chr19	4780000	4781000
chr19	4781000	4782000
chr19	4783000	4784000
chr19	4784000	4785000
chr19	4785000	4786000
chr19	4786000	4787000
chr19	4787000	4788000
chr19	4788000	4789000
chr19	4789000	4790000
chr19	4790000	4791000
chr19	4792000	4793000
chr19	4797000	4798000
chr19	4802000	4803000
chr19	4803000	4804000
chr19	4806000	4807000
chr19	4807000	4808000
chr19	4808000	4809000
chr19	4809000	4810000
chr19	4810000	4811000
chr19	4811000	4812000
chr19	4812000	4813000
chr19	4813000	4814000
chr19	4818000	4819000
chr19	4819000	4820000
chr19	4837000	4838000
chr19	4841000	4842000
chr19	4842000	4843000
chr19	4843000	4844000
chr19	4844000	4845000
chr19	4846000	4847000
chr19	4847000	4848000
chr19	4848000	4849000
chr19	4850000	4851000
chr19	4852000	4853000
chr19	4853000	4854000
chr19	4855000	4856000
chr19	4856000	4857000
chr19	4857000	4858000
chr19	4860000	4861000
chr19	4861000	4862000
chr19	4862000	4863000
chr19	4863000	4864000
chr19	4864000	4865000
chr19	4865000	4866000
chr19	4867000	4868000
chr19	4871000	4872000
chr19	4883000	4884000
chr19	4886000	4887000
chr19	4887000	4888000
chr19	4888000	4889000
chr19	4893000	4894000
chr19	4894000	4895000
chr19	4895000	4896000
chr19	4898000	4899000
chr19	4899000	4900000
chr19	4926000	4927000
chr19	4935000	4936000
chr19	4942000	4943000
chr19	4946000	4947000
chr19	4950000	4951000
chr19	4952000	4953000
chr19	4953000	4954000
chr19	4956000	4957000
chr19	4958000	4959000
chr19	4959000	4960000
chr19	4960000	4961000
chr19	4961000	4962000
chr19	4962000	4963000
chr19	4967000	4968000
chr19	4968000	4969000
chr19	4971000	4972000
chr19	4973000	4974000
chr19	4981000	4982000
chr19	4982000	4983000
chr19	4983000	4984000
chr19	4991000	4992000
chr19	5038000	5039000
chr19	5043000	5044000
chr19	5046000	5047000
chr19	5048000	5049000
chr19	5050000	5051000
chr19	5054000	5055000
chr19	5055000	5056000
chr19	5057000	5058000
chr19	5058000	5059000
chr19	5061000	5062000
chr19	5062000	5063000
chr19	5063000	5064000
chr19	5067000	5068000
chr19	5068000	5069000
chr19	5069000	5070000
chr19	5070000	5071000
chr19	5071000	5072000
chr19	5078000	5079000
chr19	5079000	5080000
chr19	5083000	5084000
chr19	5094000	5095000
chr19	5095000	5096000
chr19	5096000	5097000
chr19	5098000	5099000
chr19	5100000	5101000
chr19	5101000	5102000
chr19	5102000	5103000
chr19	5104000	5105000
chr19	5105000	5106000
chr19	5107000	5108000
chr19	5109000	5110000
chr19	5110000	5111000
chr19	5111000	5112000
chr19	5112000	5113000
chr19	5116000	5117000
chr19	5119000	5120000
chr19	5120000	5121000
chr19	5128000	5129000
chr19	5129000	5130000
chr19	5130000	5131000
chr19	5137000	5138000
chr19	5140000	5141000
chr19	5161000	5162000
chr19	5162000	5163000
chr19	5166000	5167000
chr19	5167000	5168000
chr19	5168000	5169000
chr19	5169000	5170000
chr19	5171000	5172000
chr19	5172000	5173000
chr19	5173000	5174000
chr19	5179000	5180000
chr19	5181000	5182000
chr19	5182000	5183000
chr19	5184000	5185000
chr19	5185000	5186000
chr19	5186000	5187000
chr19	5187000	5188000
chr19	5191000	5192000
chr19	5192000	5193000
chr19	5193000	5194000
chr19	5195000	5196000
chr19	5196000	5197000
chr19	5197000	5198000
chr19	5198000	5199000
chr19	5199000	5200000
chr19	5200000	5201000
chr19	5208000	5209000
chr19	5209000	5210000
chr19	5210000	5211000
chr19	5211000	5212000
chr19	5214000	5215000
chr19	5215000	5216000
chr19	5216000	5217000
chr19	5217000	5218000
chr19	5218000	5219000
chr19	5226000	5227000
chr19	5232000	5233000
chr19	5235000	5236000
chr19	5239000	5240000
chr19	5246000	5247000
chr19	5261000	5262000
chr19	5274000	5275000
chr19	5275000	5276000
chr19	5276000	5277000
chr19	5277000	5278000
chr19	5280000	5281000
chr19	5281000	5282000
chr19	5286000	5287000
chr19	5287000	5288000
chr19	5299000	5300000
chr19	5309000	5310000
chr19	5312000	5313000
chr19	5314000	5315000
chr19	5315000	5316000
chr19	5317000	5318000
chr19	5324000	5325000
chr19	5325000	5326000
chr19	5328000	5329000
chr19	5329000	5330000
chr19	5331000	5332000
chr19	5333000	5334000
chr19	5336000	5337000
chr19	5337000	5338000
chr19	5340000	5341000
chr19	5342000	5343000
chr19	5344000	5345000
chr19	5345000	5346000
chr19	5347000	5348000
chr19	5349000	5350000
chr19	5350000	5351000
chr19	5351000	5352000
chr19	5352000	5353000
chr19	5353000	5354000
chr19	5354000	5355000
chr19	5355000	5356000
chr19	5358000	5359000
chr19	5391000	5392000
chr19	5392000	5393000
chr19	5393000	5394000
chr19	5394000	5395000
chr19	5396000	5397000
chr19	5397000	5398000
chr19	5400000	5401000
chr19	5413000	5414000
chr19	5422000	5423000
chr19	5429000	5430000
chr19	5433000	5434000
chr19	5434000	5435000
chr19	5440000	5441000
chr19	5442000	5443000
chr19	5444000	5445000
chr19	5451000	5452000
chr19	5453000	5454000
chr19	5456000	5457000
chr19	5458000	5459000
chr19	5459000	5460000
chr19	5460000	5461000
chr19	5463000	5464000
chr19	5466000	5467000
chr19	5467000	5468000
chr19	5468000	5469000
chr19	5469000	5470000
chr19	5470000	5471000
chr19	5471000	5472000
chr19	5472000	5473000
chr19	5475000	5476000
chr19	5477000	5478000
chr19	5478000	5479000
chr19	5479000	5480000
chr19	5480000	5481000
chr19	5481000	5482000
chr19	5483000	5484000
chr19	5484000	5485000
chr19	5493000	5494000
chr19	5494000	5495000
chr19	5509000	5510000
chr19	5519000	5520000
chr19	5520000	5521000
chr19	5521000	5522000
chr19	5529000	5530000
chr19	5531000	5532000
chr19	5532000	5533000
chr19	5539000	5540000
chr19	5542000	5543000
chr19	5543000	5544000
chr19	5549000	5550000
chr19	5550000	5551000
chr19	5554000	5555000
chr19	5563000	5564000
chr19	5582000	5583000
chr19	5583000	5584000
chr19	5589000	5590000
chr19	5597000	5598000
chr19	5619000	5620000
chr19	5637000	5638000
chr19	5655000	5656000
chr19	5656000	5657000
chr19	5657000	5658000
chr19	5658000	5659000
chr19	5662000	5663000
chr19	5663000	5664000
chr19	5664000	5665000
chr19	5666000	5667000
chr19	5667000	5668000
chr19	5669000	5670000
chr19	5670000	5671000
chr19	5674000	5675000
chr19	5675000	5676000
chr19	5676000	5677000
chr19	5677000	5678000
chr19	5679000	5680000
chr19	5680000	5681000
chr19	5682000	5683000
chr19	5683000	5684000
chr19	5684000	5685000
chr19	5685000	5686000
chr19	5686000	5687000
chr19	5693000	5694000
chr19	5694000	5695000
chr19	5697000	5698000
chr19	5698000	5699000
chr19	5700000	5701000
chr19	5701000	5702000
chr19	5704000	5705000
chr19	5709000	5710000
chr19	5710000	5711000
chr19	5711000	5712000
chr19	5712000	5713000
chr19	5713000	5714000
chr19	5717000	5718000
chr19	5720000	5721000
chr19	5723000	5724000
chr19	5724000	5725000
chr19	5726000	5727000
chr19	5732000	5733000
chr19	5733000	5734000
chr19	5735000	5736000
chr19	5736000	5737000
chr19	5739000	5740000
chr19	5741000	5742000
chr19	5745000	5746000
chr19	5746000	5747000
chr19	5748000	5749000
chr19	5749000	5750000
chr19	5750000	5751000
chr19	5752000	5753000
chr19	5753000	5754000
chr19	5754000	5755000
chr19	5757000	5758000
chr19	5769000	5770000
chr19	5781000	5782000
chr19	5782000	5783000
chr19	5794000	5795000
chr19	5795000	5796000
chr19	5797000	5798000
chr19	5799000	5800000
chr19	5800000	5801000
chr19	5802000	5803000
chr19	5803000	5804000
chr19	5815000	5816000
chr19	5816000	5817000
chr19	5818000	5819000
chr19	5827000	5828000
chr19	5828000	5829000
chr19	5830000	5831000
chr19	5831000	5832000
chr19	5834000	5835000
chr19	5836000	5837000
chr19	5837000	5838000
chr19	5840000	5841000
chr19	5842000	5843000
chr19	5845000	5846000
chr19	5848000	5849000
chr19	5860000	5861000
chr19	5861000	5862000
chr19	5862000	5863000
chr19	5863000	5864000
chr19	5865000	5866000
chr19	5884000	5885000
chr19	5896000	5897000
chr19	5897000	5898000
chr19	5898000	5899000
chr19	5899000	5900000
chr19	5900000	5901000
chr19	5902000	5903000
chr19	5905000	5906000
chr19	5906000	5907000
chr19	5916000	5917000
chr19	5920000	5921000
chr19	5928000	5929000
chr19	5929000	5930000
chr19	5930000	5931000
chr19	5931000	5932000
chr19	5932000	5933000
chr19	5934000	5935000
chr19	5940000	5941000
chr19	5942000	5943000
chr19	5943000	5944000
chr19	5944000	5945000
chr19	5945000	5946000
chr19	5949000	5950000
chr19	5953000	5954000
chr19	5954000	5955000
chr19	5955000	5956000
chr19	5956000	5957000
chr19	5962000	5963000
chr19	5964000	5965000
chr19	5984000	5985000
chr19	5985000	5986000
chr19	6013000	6014000
chr19	6014000	6015000
chr19	6015000	6016000
chr19	6016000	6017000
chr19	6017000	6018000
chr19	6018000	6019000
chr19	6019000	6020000
chr19	6021000	6022000
chr19	6022000	6023000
chr19	6024000	6025000
chr19	6025000	6026000
chr19	6029000	6030000
chr19	6030000	6031000
chr19	6032000	6033000
chr19	6033000	6034000
chr19	6034000	6035000
chr19	6035000	6036000
chr19	6036000	6037000
chr19	6037000	6038000
chr19	6038000	6039000
chr19	6039000	6040000
chr19	6040000	6041000
chr19	6044000	6045000
chr19	6049000	6050000
chr19	6050000	6051000
chr19	6051000	6052000
chr19	6053000	6054000
chr19	6070000	6071000
chr19	6071000	6072000
chr19	6072000	6073000
chr19	6073000	6074000
chr19	6074000	6075000
chr19	6075000	6076000
chr19	6076000	6077000
chr19	6077000	6078000
chr19	6079000	6080000
chr19	6080000	6081000
chr19	6082000	6083000
chr19	6083000	6084000
chr19	6084000	6085000
chr19	6085000	6086000
chr19	6086000	6087000
chr19	6087000	6088000
chr19	6088000	6089000
chr19	6089000	6090000
chr19	6090000	6091000
chr19	6091000	6092000
chr19	6092000	6093000
chr19	6095000	6096000
chr19	6098000	6099000
chr19	6099000	6100000
chr19	6100000	6101000
chr19	6101000	6102000
chr19	6106000	6107000
chr19	6107000	6108000
chr19	6109000	6110000
chr19	6110000	6111000
chr19	6120000	6121000
chr19	6123000	6124000
chr19	6124000	6125000
chr19	6126000	6127000
chr19	6128000	6129000
chr19	6130000	6131000
chr19	6136000	6137000
chr19	6149000	6150000
chr19	6152000	6153000
chr19	6166000	6167000
chr19	6179000	6180000
chr19	6180000	6181000
chr19	6181000	6182000
chr19	6183000	6184000
chr19	6184000	6185000
chr19	6185000	6186000
chr19	6186000	6187000
chr19	6188000	6189000
chr19	6191000	6192000
chr19	6195000	6196000
chr19	6196000	6197000
chr19	6199000	6200000
chr19	6201000	6202000
chr19	6204000	6205000
chr19	6206000	6207000
chr19	6207000	6208000
chr19	6209000	6210000
chr19	6210000	6211000
chr19	6211000	6212000
chr19	6214000	6215000
chr19	6215000	6216000
chr19	6218000	6219000
chr19	6219000	6220000
chr19	6220000	6221000
chr19	6221000	6222000
chr19	6222000	6223000
chr19	6223000	6224000
chr19	6225000	6226000
chr19	6226000	6227000
chr19	6235000	6236000
chr19	6236000	6237000
chr19	6249000	6250000
chr19	6251000	6252000
chr19	6252000	6253000
chr19	6254000	6255000
chr19	6257000	6258000
chr19	6258000	6259000
chr19	6260000	6261000
chr19	6261000	6262000
chr19	6262000	6263000
chr19	6263000	6264000
chr19	6265000	6266000
chr19	6266000	6267000
chr19	6267000	6268000
chr19	6268000	6269000
chr19	6269000	6270000
chr19	6270000	6271000
chr19	6272000	6273000
chr19	6274000	6275000
chr19	6275000	6276000
chr19	6276000	6277000
chr19	6277000	6278000
chr19	6278000	6279000
chr19	6279000	6280000
chr19	6280000	6281000
chr19	6281000	6282000
chr19	6282000	6283000
chr19	6286000	6287000
chr19	6287000	6288000
chr19	6299000	6300000
chr19	6311000	6312000
chr19	6312000	6313000
chr19	6335000	6336000
chr19	6341000	6342000
chr19	6359000	6360000
chr19	6361000	6362000
chr19	6365000	6366000
chr19	6366000	6367000
chr19	6369000	6370000
chr19	6375000	6376000
chr19	6379000	6380000
chr19	6405000	6406000
chr19	6406000	6407000
chr19	6407000	6408000
chr19	6408000	6409000
chr19	6409000	6410000
chr19	6410000	6411000
chr19	6411000	6412000
chr19	6412000	6413000
chr19	6413000	6414000
chr19	6414000	6415000
chr19	6415000	6416000
chr19	6416000	6417000
chr19	6425000	6426000
chr19	6448000	6449000
chr19	6453000	6454000
chr19	6460000	6461000
chr19	6461000	6462000
chr19	6462000	6463000
chr19	6463000	6464000
chr19	6464000	6465000
chr19	6465000	6466000
chr19	6466000	6467000
chr19	6470000	6471000
chr19	6471000	6472000
chr19	6472000	6473000
chr19	6474000	6475000
chr19	6475000	6476000
chr19	6476000	6477000
chr19	6477000	6478000
chr19	6478000	6479000
chr19	6479000	6480000
chr19	6513000	6514000
chr19	6519000	6520000
chr19	6520000	6521000
chr19	6527000	6528000
chr19	6528000	6529000
chr19	6529000	6530000
chr19	6530000	6531000
chr19	6531000	6532000
chr19	6532000	6533000
chr19	6533000	6534000
chr19	6534000	6535000
chr19	6535000	6536000
chr19	6538000	6539000
chr19	6542000	6543000
chr19	6543000	6544000
chr19	6544000	6545000
chr19	6545000	6546000
chr19	6546000	6547000
chr19	6547000	6548000
chr19	6548000	6549000
chr19	6549000	6550000
chr19	6551000	6552000
chr19	6555000	6556000
chr19	6557000	6558000
chr19	6560000	6561000
chr19	6561000	6562000
chr19	6565000	6566000
chr19	6567000	6568000
chr19	6568000	6569000
chr19	6570000	6571000
chr19	6571000	6572000
chr19	6572000	6573000
chr19	6573000	6574000
chr19	6574000	6575000
chr19	6575000	6576000
chr19	6577000	6578000
chr19	6579000	6580000
chr19	6581000	6582000
chr19	6582000	6583000
chr19	6583000	6584000
chr19	6584000	6585000
chr19	6585000	6586000
chr19	6586000	6587000
chr19	6587000	6588000
chr19	6589000	6590000
chr19	6591000	6592000
chr19	6594000	6595000
chr19	6595000	6596000
chr19	6596000	6597000
chr19	6597000	6598000
chr19	6599000	6600000
chr19	6601000	6602000
chr19	6602000	6603000
chr19	6604000	6605000
chr19	6605000	6606000
chr19	6640000	6641000
chr19	6650000	6651000
chr19	6653000	6654000
chr19	6655000	6656000
chr19	6657000	6658000
chr19	6660000	6661000
chr19	6669000	6670000
chr19	6673000	6674000
chr19	6675000	6676000
chr19	6679000	6680000
chr19	6680000	6681000
chr19	6692000	6693000
chr19	6694000	6695000
chr19	6696000	6697000
chr19	6701000	6702000
chr19	6720000	6721000
chr19	6721000	6722000
chr19	6722000	6723000
chr19	6728000	6729000
chr19	6729000	6730000
chr19	6733000	6734000
chr19	6737000	6738000
chr19	6738000	6739000
chr19	6739000	6740000
chr19	6741000	6742000
chr19	6745000	6746000
chr19	6746000	6747000
chr19	6747000	6748000
chr19	6748000	6749000
chr19	6749000	6750000
chr19	6752000	6753000
chr19	6753000	6754000
chr19	6754000	6755000
chr19	6755000	6756000
chr19	6756000	6757000
chr19	6758000	6759000
chr19	6759000	6760000
chr19	6761000	6762000
chr19	6762000	6763000
chr19	6763000	6764000
chr19	6766000	6767000
chr19	6767000	6768000
chr19	6768000	6769000
chr19	6769000	6770000
chr19	6770000	6771000
chr19	6771000	6772000
chr19	6772000	6773000
chr19	6773000	6774000
chr19	6774000	6775000
chr19	6775000	6776000
chr19	6776000	6777000
chr19	6777000	6778000
chr19	6778000	6779000
chr19	6779000	6780000
chr19	6780000	6781000
chr19	6782000	6783000
chr19	6783000	6784000
chr19	6784000	6785000
chr19	6785000	6786000
chr19	6786000	6787000
chr19	6787000	6788000
chr19	6788000	6789000
chr19	6790000	6791000
chr19	6791000	6792000
chr19	6796000	6797000
chr19	6797000	6798000
chr19	6800000	6801000
chr19	6802000	6803000
chr19	6803000	6804000
chr19	6804000	6805000
chr19	6805000	6806000
chr19	6806000	6807000
chr19	6807000	6808000
chr19	6808000	6809000
chr19	6809000	6810000
chr19	6812000	6813000
chr19	6814000	6815000
chr19	6815000	6816000
chr19	6821000	6822000
chr19	6846000	6847000
chr19	6847000	6848000
chr19	6851000	6852000
chr19	6852000	6853000
chr19	6853000	6854000
chr19	6854000	6855000
chr19	6855000	6856000
chr19	6856000	6857000
chr19	6857000	6858000
chr19	6859000	6860000
chr19	6862000	6863000
chr19	6874000	6875000
chr19	6875000	6876000
chr19	6876000	6877000
chr19	6877000	6878000
chr19	6879000	6880000
chr19	6882000	6883000
chr19	6883000	6884000
chr19	6884000	6885000
chr19	6886000	6887000
chr19	6887000	6888000
chr19	6888000	6889000
chr19	6889000	6890000
chr19	6890000	6891000
chr19	6891000	6892000
chr19	6892000	6893000
chr19	6894000	6895000
chr19	6896000	6897000
chr19	6898000	6899000
chr19	6900000	6901000
chr19	6901000	6902000
chr19	6902000	6903000
chr19	6903000	6904000
chr19	6904000	6905000
chr19	6905000	6906000
chr19	6906000	6907000
chr19	6908000	6909000
chr19	6909000	6910000
chr19	6910000	6911000
chr19	6911000	6912000
chr19	6913000	6914000
chr19	6917000	6918000
chr19	6920000	6921000
chr19	6921000	6922000
chr19	6936000	6937000
chr19	6940000	6941000
chr19	6942000	6943000
chr19	6944000	6945000
chr19	6945000	6946000
chr19	6946000	6947000
chr19	6947000	6948000
chr19	6948000	6949000
chr19	6949000	6950000
chr19	6950000	6951000
chr19	6951000	6952000
chr19	6953000	6954000
chr19	6954000	6955000
chr19	6955000	6956000
chr19	6956000	6957000
chr19	6957000	6958000
chr19	6958000	6959000
chr19	6959000	6960000
chr19	6961000	6962000
chr19	6962000	6963000
chr19	6973000	6974000
chr19	6974000	6975000
chr19	6975000	6976000
chr19	6976000	6977000
chr19	6977000	6978000
chr19	6978000	6979000
chr19	6979000	6980000
chr19	6980000	6981000
chr19	6982000	6983000
chr19	6983000	6984000
chr19	6985000	6986000
chr19	6986000	6987000
chr19	6987000	6988000
chr19	6988000	6989000
chr19	6992000	6993000
chr19	6994000	6995000
chr19	6995000	6996000
chr19	6996000	6997000
chr19	6997000	6998000
chr19	6998000	6999000
chr19	6999000	7000000
chr19	7000000	7001000
chr19	7001000	7002000
chr19	7002000	7003000
chr19	7003000	7004000
chr19	7004000	7005000
chr19	7005000	7006000
chr19	7006000	7007000
chr19	7007000	7008000
chr19	7008000	7009000
chr19	7009000	7010000
chr19	7010000	7011000
chr19	7011000	7012000
chr19	7013000	7014000
chr19	7014000	7015000
chr19	7017000	7018000
chr19	7018000	7019000
chr19	7024000	7025000
chr19	7026000	7027000
chr19	7027000	7028000
chr19	7028000	7029000
chr19	7029000	7030000
chr19	7030000	7031000
chr19	7031000	7032000
chr19	7032000	7033000
chr19	7033000	7034000
chr19	7034000	7035000
chr19	7035000	7036000
chr19	7037000	7038000
chr19	7038000	7039000
chr19	7039000	7040000
chr19	7040000	7041000
chr19	7042000	7043000
chr19	7043000	7044000
chr19	7045000	7046000
chr19	7046000	7047000
chr19	7050000	7051000
chr19	7053000	7054000
chr19	7054000	7055000
chr19	7055000	7056000
chr19	7056000	7057000
chr19	7057000	7058000
chr19	7059000	7060000
chr19	7060000	7061000
chr19	7064000	7065000
chr19	7073000	7074000
chr19	7074000	7075000
chr19	7075000	7076000
chr19	7076000	7077000
chr19	7077000	7078000
chr19	7078000	7079000
chr19	7081000	7082000
chr19	7084000	7085000
chr19	7085000	7086000
chr19	7089000	7090000
chr19	7090000	7091000
chr19	7091000	7092000
chr19	7092000	7093000
chr19	7093000	7094000
chr19	7094000	7095000
chr19	7096000	7097000
chr19	7097000	7098000
chr19	7098000	7099000
chr19	7099000	7100000
chr19	7100000	7101000
chr19	7101000	7102000
chr19	7104000	7105000
chr19	7110000	7111000
chr19	7123000	7124000
chr19	7127000	7128000
chr19	7130000	7131000
chr19	7131000	7132000
chr19	7133000	7134000
chr19	7134000	7135000
chr19	7135000	7136000
chr19	7136000	7137000
chr19	7137000	7138000
chr19	7140000	7141000
chr19	7141000	7142000
chr19	7142000	7143000
chr19	7143000	7144000
chr19	7144000	7145000
chr19	7145000	7146000
chr19	7146000	7147000
chr19	7147000	7148000
chr19	7151000	7152000
chr19	7152000	7153000
chr19	7153000	7154000
chr19	7154000	7155000
chr19	7155000	7156000
chr19	7156000	7157000
chr19	7158000	7159000
chr19	7159000	7160000
chr19	7160000	7161000
chr19	7162000	7163000
chr19	7163000	7164000
chr19	7167000	7168000
chr19	7168000	7169000
chr19	7170000	7171000
chr19	7173000	7174000
chr19	7174000	7175000
chr19	7177000	7178000
chr19	7178000	7179000
chr19	7180000	7181000
chr19	7181000	7182000
chr19	7183000	7184000
chr19	7185000	7186000
chr19	7189000	7190000
chr19	7192000	7193000
chr19	7193000	7194000
chr19	7195000	7196000
chr19	7197000	7198000
chr19	7198000	7199000
chr19	7202000	7203000
chr19	7203000	7204000
chr19	7204000	7205000
chr19	7206000	7207000
chr19	7207000	7208000
chr19	7208000	7209000
chr19	7212000	7213000
chr19	7213000	7214000
chr19	7214000	7215000
chr19	7217000	7218000
chr19	7218000	7219000
chr19	7219000	7220000
chr19	7220000	7221000
chr19	7221000	7222000
chr19	7222000	7223000
chr19	7223000	7224000
chr19	7224000	7225000
chr19	7227000	7228000
chr19	7229000	7230000
chr19	7232000	7233000
chr19	7235000	7236000
chr19	7237000	7238000
chr19	7238000	7239000
chr19	7239000	7240000
chr19	7241000	7242000
chr19	7245000	7246000
chr19	7253000	7254000
chr19	7254000	7255000
chr19	7255000	7256000
chr19	7256000	7257000
chr19	7258000	7259000
chr19	7259000	7260000
chr19	7261000	7262000
chr19	7262000	7263000
chr19	7263000	7264000
chr19	7264000	7265000
chr19	7266000	7267000
chr19	7267000	7268000
chr19	7269000	7270000
chr19	7271000	7272000
chr19	7274000	7275000
chr19	7275000	7276000
chr19	7277000	7278000
chr19	7285000	7286000
chr19	7288000	7289000
chr19	7302000	7303000
chr19	7304000	7305000
chr19	7306000	7307000
chr19	7308000	7309000
chr19	7310000	7311000
chr19	7311000	7312000
chr19	7312000	7313000
chr19	7313000	7314000
chr19	7314000	7315000
chr19	7315000	7316000
chr19	7316000	7317000
chr19	7317000	7318000
chr19	7318000	7319000
chr19	7319000	7320000
chr19	7320000	7321000
chr19	7325000	7326000
chr19	7330000	7331000
chr19	7333000	7334000
chr19	7334000	7335000
chr19	7335000	7336000
chr19	7336000	7337000
chr19	7338000	7339000
chr19	7340000	7341000
chr19	7342000	7343000
chr19	7343000	7344000
chr19	7345000	7346000
chr19	7346000	7347000
chr19	7351000	7352000
chr19	7353000	7354000
chr19	7357000	7358000
chr19	7358000	7359000
chr19	7361000	7362000
chr19	7363000	7364000
chr19	7365000	7366000
chr19	7366000	7367000
chr19	7367000	7368000
chr19	7368000	7369000
chr19	7369000	7370000
chr19	7370000	7371000
chr19	7371000	7372000
chr19	7374000	7375000
chr19	7376000	7377000
chr19	7378000	7379000
chr19	7379000	7380000
chr19	7380000	7381000
chr19	7381000	7382000
chr19	7382000	7383000
chr19	7383000	7384000
chr19	7384000	7385000
chr19	7385000	7386000
chr19	7386000	7387000
chr19	7387000	7388000
chr19	7388000	7389000
chr19	7389000	7390000
chr19	7390000	7391000
chr19	7391000	7392000
chr19	7392000	7393000
chr19	7401000	7402000
chr19	7403000	7404000
chr19	7404000	7405000
chr19	7405000	7406000
chr19	7407000	7408000
chr19	7409000	7410000
chr19	7412000	7413000
chr19	7417000	7418000
chr19	7418000	7419000
chr19	7420000	7421000
chr19	7422000	7423000
chr19	7423000	7424000
chr19	7425000	7426000
chr19	7426000	7427000
chr19	7427000	7428000
chr19	7428000	7429000
chr19	7429000	7430000
chr19	7430000	7431000
chr19	7431000	7432000
chr19	7432000	7433000
chr19	7433000	7434000
chr19	7434000	7435000
chr19	7436000	7437000
chr19	7438000	7439000
chr19	7439000	7440000
chr19	7440000	7441000
chr19	7442000	7443000
chr19	7443000	7444000
chr19	7444000	7445000
chr19	7446000	7447000
chr19	7448000	7449000
chr19	7449000	7450000
chr19	7452000	7453000
chr19	7455000	7456000
chr19	7458000	7459000
chr19	7459000	7460000
chr19	7461000	7462000
chr19	7463000	7464000
chr19	7466000	7467000
chr19	7467000	7468000
chr19	7468000	7469000
chr19	7469000	7470000
chr19	7475000	7476000
chr19	7477000	7478000
chr19	7478000	7479000
chr19	7480000	7481000
chr19	7481000	7482000
chr19	7482000	7483000
chr19	7483000	7484000
chr19	7484000	7485000
chr19	7487000	7488000
chr19	7488000	7489000
chr19	7490000	7491000
chr19	7491000	7492000
chr19	7500000	7501000
chr19	7504000	7505000
chr19	7505000	7506000
chr19	7507000	7508000
chr19	7508000	7509000
chr19	7510000	7511000
chr19	7511000	7512000
chr19	7514000	7515000
chr19	7515000	7516000
chr19	7518000	7519000
chr19	7519000	7520000
chr19	7523000	7524000
chr19	7524000	7525000
chr19	7525000	7526000
chr19	7526000	7527000
chr19	7527000	7528000
chr19	7528000	7529000
chr19	7529000	7530000
chr19	7530000	7531000
chr19	7533000	7534000
chr19	7534000	7535000
chr19	7535000	7536000
chr19	7536000	7537000
chr19	7537000	7538000
chr19	7545000	7546000
chr19	7546000	7547000
chr19	7548000	7549000
chr19	7549000	7550000
chr19	7550000	7551000
chr19	7551000	7552000
chr19	7552000	7553000
chr19	7553000	7554000
chr19	7554000	7555000
chr19	7555000	7556000
chr19	7556000	7557000
chr19	7558000	7559000
chr19	7572000	7573000
chr19	7576000	7577000
chr19	7577000	7578000
chr19	7578000	7579000
chr19	7579000	7580000
chr19	7580000	7581000
chr19	7581000	7582000
chr19	7583000	7584000
chr19	7584000	7585000
chr19	7585000	7586000
chr19	7586000	7587000
chr19	7587000	7588000
chr19	7592000	7593000
chr19	7593000	7594000
chr19	7594000	7595000
chr19	7598000	7599000
chr19	7599000	7600000
chr19	7603000	7604000
chr19	7606000	7607000
chr19	7608000	7609000
chr19	7609000	7610000
chr19	7620000	7621000
chr19	7621000	7622000
chr19	7623000	7624000
chr19	7625000	7626000
chr19	7630000	7631000
chr19	7631000	7632000
chr19	7632000	7633000
chr19	7633000	7634000
chr19	7634000	7635000
chr19	7636000	7637000
chr19	7638000	7639000
chr19	7640000	7641000
chr19	7641000	7642000
chr19	7642000	7643000
chr19	7643000	7644000
chr19	7644000	7645000
chr19	7648000	7649000
chr19	7649000	7650000
chr19	7650000	7651000
chr19	7651000	7652000
chr19	7652000	7653000
chr19	7653000	7654000
chr19	7654000	7655000
chr19	7656000	7657000
chr19	7657000	7658000
chr19	7658000	7659000
chr19	7661000	7662000
chr19	7662000	7663000
chr19	7663000	7664000
chr19	7664000	7665000
chr19	7666000	7667000
chr19	7667000	7668000
chr19	7668000	7669000
chr19	7674000	7675000
chr19	7675000	7676000
chr19	7676000	7677000
chr19	7677000	7678000
chr19	7678000	7679000
chr19	7679000	7680000
chr19	7683000	7684000
chr19	7684000	7685000
chr19	7685000	7686000
chr19	7686000	7687000
chr19	7687000	7688000
chr19	7689000	7690000
chr19	7690000	7691000
chr19	7691000	7692000
chr19	7692000	7693000
chr19	7693000	7694000
chr19	7694000	7695000
chr19	7695000	7696000
chr19	7696000	7697000
chr19	7698000	7699000
chr19	7700000	7701000
chr19	7701000	7702000
chr19	7702000	7703000
chr19	7705000	7706000
chr19	7709000	7710000
chr19	7710000	7711000
chr19	7715000	7716000
chr19	7716000	7717000
chr19	7718000	7719000
chr19	7719000	7720000
chr19	7727000	7728000
chr19	7734000	7735000
chr19	7735000	7736000
chr19	7736000	7737000
chr19	7737000	7738000
chr19	7741000	7742000
chr19	7742000	7743000
chr19	7743000	7744000
chr19	7744000	7745000
chr19	7748000	7749000
chr19	7749000	7750000
chr19	7750000	7751000
chr19	7752000	7753000
chr19	7753000	7754000
chr19	7754000	7755000
chr19	7755000	7756000
chr19	7756000	7757000
chr19	7757000	7758000
chr19	7758000	7759000
chr19	7759000	7760000
chr19	7761000	7762000
chr19	7762000	7763000
chr19	7763000	7764000
chr19	7764000	7765000
chr19	7778000	7779000
chr19	7787000	7788000
chr19	7788000	7789000
chr19	7789000	7790000
chr19	7795000	7796000
chr19	7798000	7799000
chr19	7807000	7808000
chr19	7808000	7809000
chr19	7811000	7812000
chr19	7812000	7813000
chr19	7814000	7815000
chr19	7816000	7817000
chr19	7817000	7818000
chr19	7818000	7819000
chr19	7820000	7821000
chr19	7821000	7822000
chr19	7822000	7823000
chr19	7823000	7824000
chr19	7824000	7825000
chr19	7825000	7826000
chr19	7826000	7827000
chr19	7827000	7828000
chr19	7828000	7829000
chr19	7829000	7830000
chr19	7830000	7831000
chr19	7831000	7832000
chr19	7832000	7833000
chr19	7833000	7834000
chr19	7834000	7835000
chr19	7835000	7836000
chr19	7837000	7838000
chr19	7864000	7865000
chr19	7865000	7866000
chr19	7866000	7867000
chr19	7867000	7868000
chr19	7868000	7869000
chr19	7869000	7870000
chr19	7871000	7872000
chr19	7873000	7874000
chr19	7874000	7875000
chr19	7875000	7876000
chr19	7876000	7877000
chr19	7877000	7878000
chr19	7879000	7880000
chr19	7880000	7881000
chr19	7881000	7882000
chr19	7882000	7883000
chr19	7883000	7884000
chr19	7884000	7885000
chr19	7887000	7888000
chr19	7888000	7889000
chr19	7889000	7890000
chr19	7890000	7891000
chr19	7892000	7893000
chr19	7893000	7894000
chr19	7894000	7895000
chr19	7895000	7896000
chr19	7896000	7897000
chr19	7897000	7898000
chr19	7898000	7899000
chr19	7899000	7900000
chr19	7900000	7901000
chr19	7901000	7902000
chr19	7902000	7903000
chr19	7903000	7904000
chr19	7904000	7905000
chr19	7905000	7906000
chr19	7906000	7907000
chr19	7907000	7908000
chr19	7908000	7909000
chr19	7909000	7910000
chr19	7910000	7911000
chr19	7912000	7913000
chr19	7913000	7914000
chr19	7914000	7915000
chr19	7924000	7925000
chr19	7926000	7927000
chr19	7928000	7929000
chr19	7930000	7931000
chr19	7931000	7932000
chr19	7932000	7933000
chr19	7934000	7935000
chr19	7935000	7936000
chr19	7936000	7937000
chr19	7937000	7938000
chr19	7938000	7939000
chr19	7944000	7945000
chr19	7945000	7946000
chr19	7946000	7947000
chr19	7947000	7948000
chr19	7948000	7949000
chr19	7949000	7950000
chr19	7950000	7951000
chr19	7951000	7952000
chr19	7952000	7953000
chr19	7953000	7954000
chr19	7954000	7955000
chr19	7956000	7957000
chr19	7959000	7960000
chr19	7960000	7961000
chr19	7961000	7962000
chr19	7962000	7963000
chr19	7963000	7964000
chr19	7964000	7965000
chr19	7965000	7966000
chr19	7967000	7968000
chr19	7979000	7980000
chr19	7981000	7982000
chr19	7983000	7984000
chr19	7986000	7987000
chr19	7987000	7988000
chr19	7988000	7989000
chr19	7992000	7993000
chr19	7993000	7994000
chr19	7994000	7995000
chr19	7995000	7996000
chr19	7997000	7998000
chr19	7998000	7999000
chr19	8000000	8001000
chr19	8001000	8002000
chr19	8002000	8003000
chr19	8003000	8004000
chr19	8004000	8005000
chr19	8005000	8006000
chr19	8006000	8007000
chr19	8007000	8008000
chr19	8008000	8009000
chr19	8009000	8010000
chr19	8010000	8011000
chr19	8011000	8012000
chr19	8013000	8014000
chr19	8014000	8015000
chr19	8015000	8016000
chr19	8016000	8017000
chr19	8018000	8019000
chr19	8019000	8020000
chr19	8020000	8021000
chr19	8021000	8022000
chr19	8023000	8024000
chr19	8024000	8025000
chr19	8025000	8026000
chr19	8026000	8027000
chr19	8027000	8028000
chr19	8028000	8029000
chr19	8029000	8030000
chr19	8030000	8031000
chr19	8031000	8032000
chr19	8032000	8033000
chr19	8034000	8035000
chr19	8035000	8036000
chr19	8037000	8038000
chr19	8038000	8039000
chr19	8039000	8040000
chr19	8040000	8041000
chr19	8041000	8042000
chr19	8042000	8043000
chr19	8043000	8044000
chr19	8044000	8045000
chr19	8045000	8046000
chr19	8046000	8047000
chr19	8047000	8048000
chr19	8048000	8049000
chr19	8050000	8051000
chr19	8051000	8052000
chr19	8054000	8055000
chr19	8055000	8056000
chr19	8056000	8057000
chr19	8057000	8058000
chr19	8058000	8059000
chr19	8060000	8061000
chr19	8061000	8062000
chr19	8062000	8063000
chr19	8063000	8064000
chr19	8065000	8066000
chr19	8066000	8067000
chr19	8067000	8068000
chr19	8068000	8069000
chr19	8069000	8070000
chr19	8084000	8085000
chr19	8085000	8086000
chr19	8086000	8087000
chr19	8087000	8088000
chr19	8088000	8089000
chr19	8089000	8090000
chr19	8090000	8091000
chr19	8091000	8092000
chr19	8092000	8093000
chr19	8093000	8094000
chr19	8094000	8095000
chr19	8095000	8096000
chr19	8096000	8097000
chr19	8097000	8098000
chr19	8098000	8099000
chr19	8101000	8102000
chr19	8102000	8103000
chr19	8103000	8104000
chr19	8104000	8105000
chr19	8105000	8106000
chr19	8106000	8107000
chr19	8107000	8108000
chr19	8108000	8109000
chr19	8109000	8110000
chr19	8110000	8111000
chr19	8111000	8112000
chr19	8112000	8113000
chr19	8114000	8115000
chr19	8115000	8116000
chr19	8116000	8117000
chr19	8117000	8118000
chr19	8118000	8119000
chr19	8120000	8121000
chr19	8122000	8123000
chr19	8123000	8124000
chr19	8124000	8125000
chr19	8125000	8126000
chr19	8127000	8128000
chr19	8128000	8129000
chr19	8129000	8130000
chr19	8130000	8131000
chr19	8131000	8132000
chr19	8133000	8134000
chr19	8134000	8135000
chr19	8135000	8136000
chr19	8143000	8144000
chr19	8145000	8146000
chr19	8146000	8147000
chr19	8148000	8149000
chr19	8149000	8150000
chr19	8150000	8151000
chr19	8151000	8152000
chr19	8152000	8153000
chr19	8153000	8154000
chr19	8154000	8155000
chr19	8155000	8156000
chr19	8156000	8157000
chr19	8162000	8163000
chr19	8174000	8175000
chr19	8175000	8176000
chr19	8178000	8179000
chr19	8179000	8180000
chr19	8181000	8182000
chr19	8182000	8183000
chr19	8183000	8184000
chr19	8185000	8186000
chr19	8186000	8187000
chr19	8187000	8188000
chr19	8188000	8189000
chr19	8189000	8190000
chr19	8190000	8191000
chr19	8191000	8192000
chr19	8193000	8194000
chr19	8195000	8196000
chr19	8196000	8197000
chr19	8197000	8198000
chr19	8199000	8200000
chr19	8201000	8202000
chr19	8202000	8203000
chr19	8203000	8204000
chr19	8204000	8205000
chr19	8206000	8207000
chr19	8207000	8208000
chr19	8208000	8209000
chr19	8209000	8210000
chr19	8210000	8211000
chr19	8211000	8212000
chr19	8213000	8214000
chr19	8214000	8215000
chr19	8217000	8218000
chr19	8218000	8219000
chr19	8219000	8220000
chr19	8220000	8221000
chr19	8221000	8222000
chr19	8222000	8223000
chr19	8223000	8224000
chr19	8224000	8225000
chr19	8226000	8227000
chr19	8227000	8228000
chr19	8228000	8229000
chr19	8229000	8230000
chr19	8230000	8231000
chr19	8234000	8235000
chr19	8236000	8237000
chr19	8237000	8238000
chr19	8241000	8242000
chr19	8242000	8243000
chr19	8244000	8245000
chr19	8245000	8246000
chr19	8246000	8247000
chr19	8247000	8248000
chr19	8248000	8249000
chr19	8249000	8250000
chr19	8250000	8251000
chr19	8251000	8252000
chr19	8252000	8253000
chr19	8253000	8254000
chr19	8254000	8255000
chr19	8255000	8256000
chr19	8256000	8257000
chr19	8262000	8263000
chr19	8263000	8264000
chr19	8264000	8265000
chr19	8265000	8266000
chr19	8266000	8267000
chr19	8267000	8268000
chr19	8269000	8270000
chr19	8273000	8274000
chr19	8274000	8275000
chr19	8284000	8285000
chr19	8287000	8288000
chr19	8288000	8289000
chr19	8289000	8290000
chr19	8292000	8293000
chr19	8293000	8294000
chr19	8299000	8300000
chr19	8304000	8305000
chr19	8305000	8306000
chr19	8307000	8308000
chr19	8308000	8309000
chr19	8309000	8310000
chr19	8315000	8316000
chr19	8316000	8317000
chr19	8317000	8318000
chr19	8319000	8320000
chr19	8320000	8321000
chr19	8321000	8322000
chr19	8322000	8323000
chr19	8324000	8325000
chr19	8325000	8326000
chr19	8326000	8327000
chr19	8328000	8329000
chr19	8329000	8330000
chr19	8330000	8331000
chr19	8331000	8332000
chr19	8332000	8333000
chr19	8333000	8334000
chr19	8334000	8335000
chr19	8335000	8336000
chr19	8336000	8337000
chr19	8337000	8338000
chr19	8338000	8339000
chr19	8340000	8341000
chr19	8341000	8342000
chr19	8342000	8343000
chr19	8343000	8344000
chr19	8344000	8345000
chr19	8345000	8346000
chr19	8346000	8347000
chr19	8347000	8348000
chr19	8348000	8349000
chr19	8350000	8351000
chr19	8351000	8352000
chr19	8352000	8353000
chr19	8354000	8355000
chr19	8355000	8356000
chr19	8356000	8357000
chr19	8357000	8358000
chr19	8358000	8359000
chr19	8359000	8360000
chr19	8360000	8361000
chr19	8361000	8362000
chr19	8363000	8364000
chr19	8364000	8365000
chr19	8365000	8366000
chr19	8366000	8367000
chr19	8367000	8368000
chr19	8368000	8369000
chr19	8369000	8370000
chr19	8370000	8371000
chr19	8371000	8372000
chr19	8372000	8373000
chr19	8373000	8374000
chr19	8374000	8375000
chr19	8375000	8376000
chr19	8376000	8377000
chr19	8377000	8378000
chr19	8378000	8379000
chr19	8381000	8382000
chr19	8388000	8389000
chr19	8389000	8390000
chr19	8390000	8391000
chr19	8391000	8392000
chr19	8392000	8393000
chr19	8393000	8394000
chr19	8394000	8395000
chr19	8398000	8399000
chr19	8399000	8400000
chr19	8400000	8401000
chr19	8401000	8402000
chr19	8402000	8403000
chr19	8403000	8404000
chr19	8404000	8405000
chr19	8405000	8406000
chr19	8406000	8407000
chr19	8407000	8408000
chr19	8408000	8409000
chr19	8409000	8410000
chr19	8410000	8411000
chr19	8412000	8413000
chr19	8413000	8414000
chr19	8414000	8415000
chr19	8418000	8419000
chr19	8419000	8420000
chr19	8420000	8421000
chr19	8421000	8422000
chr19	8422000	8423000
chr19	8423000	8424000
chr19	8424000	8425000
chr19	8425000	8426000
chr19	8431000	8432000
chr19	8432000	8433000
chr19	8433000	8434000
chr19	8434000	8435000
chr19	8435000	8436000
chr19	8436000	8437000
chr19	8437000	8438000
chr19	8438000	8439000
chr19	8439000	8440000
chr19	8442000	8443000
chr19	8443000	8444000
chr19	8444000	8445000
chr19	8445000	8446000
chr19	8446000	8447000
chr19	8449000	8450000
chr19	8450000	8451000
chr19	8457000	8458000
chr19	8458000	8459000
chr19	8461000	8462000
chr19	8462000	8463000
chr19	8463000	8464000
chr19	8464000	8465000
chr19	8465000	8466000
chr19	8466000	8467000
chr19	8468000	8469000
chr19	8473000	8474000
chr19	8474000	8475000
chr19	8475000	8476000
chr19	8476000	8477000
chr19	8479000	8480000
chr19	8480000	8481000
chr19	8481000	8482000
chr19	8482000	8483000
chr19	8483000	8484000
chr19	8484000	8485000
chr19	8485000	8486000
chr19	8492000	8493000
chr19	8494000	8495000
chr19	8495000	8496000
chr19	8498000	8499000
chr19	8499000	8500000
chr19	8500000	8501000
chr19	8501000	8502000
chr19	8502000	8503000
chr19	8505000	8506000
chr19	8506000	8507000
chr19	8507000	8508000
chr19	8509000	8510000
chr19	8510000	8511000
chr19	8515000	8516000
chr19	8516000	8517000
chr19	8517000	8518000
chr19	8530000	8531000
chr19	8531000	8532000
chr19	8533000	8534000
chr19	8535000	8536000
chr19	8536000	8537000
chr19	8537000	8538000
chr19	8538000	8539000
chr19	8539000	8540000
chr19	8540000	8541000
chr19	8541000	8542000
chr19	8542000	8543000
chr19	8544000	8545000
chr19	8545000	8546000
chr19	8546000	8547000
chr19	8547000	8548000
chr19	8548000	8549000
chr19	8549000	8550000
chr19	8550000	8551000
chr19	8551000	8552000
chr19	8555000	8556000
chr19	8556000	8557000
chr19	8557000	8558000
chr19	8558000	8559000
chr19	8559000	8560000
chr19	8560000	8561000
chr19	8561000	8562000
chr19	8562000	8563000
chr19	8563000	8564000
chr19	8564000	8565000
chr19	8565000	8566000
chr19	8566000	8567000
chr19	8567000	8568000
chr19	8568000	8569000
chr19	8570000	8571000
chr19	8571000	8572000
chr19	8572000	8573000
chr19	8574000	8575000
chr19	8575000	8576000
chr19	8576000	8577000
chr19	8578000	8579000
chr19	8579000	8580000
chr19	8582000	8583000
chr19	8584000	8585000
chr19	8585000	8586000
chr19	8586000	8587000
chr19	8590000	8591000
chr19	8594000	8595000
chr19	8595000	8596000
chr19	8602000	8603000
chr19	8608000	8609000
chr19	8611000	8612000
chr19	8616000	8617000
chr19	8619000	8620000
chr19	8625000	8626000
chr19	8628000	8629000
chr19	8629000	8630000
chr19	8630000	8631000
chr19	8632000	8633000
chr19	8634000	8635000
chr19	8635000	8636000
chr19	8638000	8639000
chr19	8639000	8640000
chr19	8640000	8641000
chr19	8641000	8642000
chr19	8643000	8644000
chr19	8646000	8647000
chr19	8648000	8649000
chr19	8649000	8650000
chr19	8651000	8652000
chr19	8652000	8653000
chr19	8653000	8654000
chr19	8654000	8655000
chr19	8655000	8656000
chr19	8656000	8657000
chr19	8657000	8658000
chr19	8658000	8659000
chr19	8659000	8660000
chr19	8660000	8661000
chr19	8661000	8662000
chr19	8662000	8663000
chr19	8663000	8664000
chr19	8664000	8665000
chr19	8666000	8667000
chr19	8667000	8668000
chr19	8668000	8669000
chr19	8669000	8670000
chr19	8670000	8671000
chr19	8674000	8675000
chr19	8675000	8676000
chr19	8677000	8678000
chr19	8679000	8680000
chr19	8681000	8682000
chr19	8682000	8683000
chr19	8683000	8684000
chr19	8684000	8685000
chr19	8686000	8687000
chr19	8687000	8688000
chr19	8688000	8689000
chr19	8689000	8690000
chr19	8693000	8694000
chr19	8694000	8695000
chr19	8695000	8696000
chr19	8698000	8699000
chr19	8710000	8711000
chr19	8711000	8712000
chr19	8712000	8713000
chr19	8714000	8715000
chr19	8715000	8716000
chr19	8716000	8717000
chr19	8717000	8718000
chr19	8718000	8719000
chr19	8720000	8721000
chr19	8721000	8722000
chr19	8722000	8723000
chr19	8724000	8725000
chr19	8725000	8726000
chr19	8726000	8727000
chr19	8728000	8729000
chr19	8730000	8731000
chr19	8731000	8732000
chr19	8733000	8734000
chr19	8734000	8735000
chr19	8735000	8736000
chr19	8736000	8737000
chr19	8737000	8738000
chr19	8738000	8739000
chr19	8739000	8740000
chr19	8740000	8741000
chr19	8742000	8743000
chr19	8744000	8745000
chr19	8745000	8746000
chr19	8746000	8747000
chr19	8748000	8749000
chr19	8749000	8750000
chr19	8751000	8752000
chr19	8755000	8756000
chr19	8757000	8758000
chr19	8758000	8759000
chr19	8759000	8760000
chr19	8760000	8761000
chr19	8761000	8762000
chr19	8762000	8763000
chr19	8763000	8764000
chr19	8764000	8765000
chr19	8765000	8766000
chr19	8766000	8767000
chr19	8768000	8769000
chr19	8772000	8773000
chr19	8773000	8774000
chr19	8775000	8776000
chr19	8776000	8777000
chr19	8777000	8778000
chr19	8778000	8779000
chr19	8779000	8780000
chr19	8780000	8781000
chr19	8781000	8782000
chr19	8782000	8783000
chr19	8783000	8784000
chr19	8785000	8786000
chr19	8786000	8787000
chr19	8789000	8790000
chr19	8790000	8791000
chr19	8794000	8795000
chr19	8797000	8798000
chr19	8798000	8799000
chr19	8799000	8800000
chr19	8800000	8801000
chr19	8801000	8802000
chr19	8802000	8803000
chr19	8806000	8807000
chr19	8807000	8808000
chr19	8808000	8809000
chr19	8809000	8810000
chr19	8810000	8811000
chr19	8812000	8813000
chr19	8813000	8814000
chr19	8814000	8815000
chr19	8815000	8816000
chr19	8816000	8817000
chr19	8817000	8818000
chr19	8818000	8819000
chr19	8819000	8820000
chr19	8820000	8821000
chr19	8821000	8822000
chr19	8822000	8823000
chr19	8823000	8824000
chr19	8824000	8825000
chr19	8825000	8826000
chr19	8828000	8829000
chr19	8829000	8830000
chr19	8832000	8833000
chr19	8833000	8834000
chr19	8835000	8836000
chr19	8836000	8837000
chr19	8840000	8841000
chr19	8841000	8842000
chr19	8842000	8843000
chr19	8843000	8844000
chr19	8844000	8845000
chr19	8845000	8846000
chr19	8846000	8847000
chr19	8848000	8849000
chr19	8851000	8852000
chr19	8852000	8853000
chr19	8853000	8854000
chr19	8858000	8859000
chr19	8860000	8861000
chr19	8861000	8862000
chr19	8862000	8863000
chr19	8863000	8864000
chr19	8865000	8866000
chr19	8866000	8867000
chr19	8867000	8868000
chr19	8868000	8869000
chr19	8869000	8870000
chr19	8870000	8871000
chr19	8871000	8872000
chr19	8875000	8876000
chr19	8876000	8877000
chr19	8877000	8878000
chr19	8878000	8879000
chr19	8879000	8880000
chr19	8880000	8881000
chr19	8881000	8882000
chr19	8883000	8884000
chr19	8884000	8885000
chr19	8885000	8886000
chr19	8888000	8889000
chr19	8889000	8890000
chr19	8890000	8891000
chr19	8891000	8892000
chr19	8892000	8893000
chr19	8893000	8894000
chr19	8894000	8895000
chr19	8895000	8896000
chr19	8897000	8898000
chr19	8899000	8900000
chr19	8900000	8901000
chr19	8901000	8902000
chr19	8903000	8904000
chr19	8905000	8906000
chr19	8906000	8907000
chr19	8907000	8908000
chr19	8908000	8909000
chr19	8909000	8910000
chr19	8910000	8911000
chr19	8911000	8912000
chr19	8912000	8913000
chr19	8914000	8915000
chr19	8915000	8916000
chr19	8916000	8917000
chr19	8919000	8920000
chr19	8920000	8921000
chr19	8921000	8922000
chr19	8929000	8930000
chr19	8941000	8942000
chr19	8952000	8953000
chr19	8953000	8954000
chr19	8954000	8955000
chr19	8955000	8956000
chr19	8962000	8963000
chr19	8964000	8965000
chr19	8965000	8966000
chr19	8966000	8967000
chr19	8968000	8969000
chr19	8969000	8970000
chr19	8972000	8973000
chr19	8973000	8974000
chr19	8974000	8975000
chr19	8975000	8976000
chr19	8978000	8979000
chr19	8979000	8980000
chr19	8982000	8983000
chr19	8983000	8984000
chr19	8984000	8985000
chr19	8985000	8986000
chr19	8986000	8987000
chr19	8987000	8988000
chr19	8990000	8991000
chr19	8991000	8992000
chr19	8992000	8993000
chr19	8993000	8994000
chr19	8994000	8995000
chr19	8995000	8996000
chr19	8997000	8998000
chr19	9000000	9001000
chr19	9001000	9002000
chr19	9003000	9004000
chr19	9004000	9005000
chr19	9005000	9006000
chr19	9006000	9007000
chr19	9009000	9010000
chr19	9016000	9017000
chr19	9017000	9018000
chr19	9021000	9022000
chr19	9023000	9024000
chr19	9024000	9025000
chr19	9025000	9026000
chr19	9027000	9028000
chr19	9028000	9029000
chr19	9029000	9030000
chr19	9030000	9031000
chr19	9031000	9032000
chr19	9032000	9033000
chr19	9033000	9034000
chr19	9034000	9035000
chr19	9035000	9036000
chr19	9036000	9037000
chr19	9037000	9038000
chr19	9038000	9039000
chr19	9039000	9040000
chr19	9040000	9041000
chr19	9041000	9042000
chr19	9042000	9043000
chr19	9043000	9044000
chr19	9045000	9046000
chr19	9048000	9049000
chr19	9051000	9052000
chr19	9053000	9054000
chr19	9055000	9056000
chr19	9056000	9057000
chr19	9057000	9058000
chr19	9058000	9059000
chr19	9059000	9060000
chr19	9060000	9061000
chr19	9061000	9062000
chr19	9062000	9063000
chr19	9063000	9064000
chr19	9064000	9065000
chr19	9065000	9066000
chr19	9066000	9067000
chr19	9067000	9068000
chr19	9068000	9069000
chr19	9069000	9070000
chr19	9070000	9071000
chr19	9071000	9072000
chr19	9072000	9073000
chr19	9073000	9074000
chr19	9074000	9075000
chr19	9075000	9076000
chr19	9081000	9082000
chr19	9082000	9083000
chr19	9083000	9084000
chr19	9084000	9085000
chr19	9085000	9086000
chr19	9086000	9087000
chr19	9090000	9091000
chr19	9092000	9093000
chr19	9093000	9094000
chr19	9094000	9095000
chr19	9096000	9097000
chr19	9097000	9098000
chr19	9098000	9099000
chr19	9099000	9100000
chr19	9100000	9101000
chr19	9101000	9102000
chr19	9102000	9103000
chr19	9103000	9104000
chr19	9104000	9105000
chr19	9105000	9106000
chr19	9106000	9107000
chr19	9107000	9108000
chr19	9108000	9109000
chr19	9109000	9110000
chr19	9110000	9111000
chr19	9111000	9112000
chr19	9112000	9113000
chr19	9113000	9114000
chr19	9114000	9115000
chr19	9115000	9116000
chr19	9117000	9118000
chr19	9118000	9119000
chr19	9119000	9120000
chr19	9120000	9121000
chr19	9121000	9122000
chr19	9122000	9123000
chr19	9123000	9124000
chr19	9124000	9125000
chr19	9125000	9126000
chr19	9126000	9127000
chr19	9127000	9128000
chr19	9128000	9129000
chr19	9129000	9130000
chr19	9131000	9132000
chr19	9132000	9133000
chr19	9135000	9136000
chr19	9137000	9138000
chr19	9138000	9139000
chr19	9140000	9141000
chr19	9141000	9142000
chr19	9142000	9143000
chr19	9143000	9144000
chr19	9145000	9146000
chr19	9151000	9152000
chr19	9154000	9155000
chr19	9155000	9156000
chr19	9156000	9157000
chr19	9157000	9158000
chr19	9158000	9159000
chr19	9159000	9160000
chr19	9160000	9161000
chr19	9161000	9162000
chr19	9162000	9163000
chr19	9164000	9165000
chr19	9167000	9168000
chr19	9176000	9177000
chr19	9177000	9178000
chr19	9178000	9179000
chr19	9179000	9180000
chr19	9182000	9183000
chr19	9184000	9185000
chr19	9206000	9207000
chr19	9212000	9213000
chr19	9213000	9214000
chr19	9214000	9215000
chr19	9215000	9216000
chr19	9221000	9222000
chr19	9243000	9244000
chr19	9244000	9245000
chr19	9254000	9255000
chr19	9257000	9258000
chr19	9265000	9266000
chr19	9266000	9267000
chr19	9267000	9268000
chr19	9268000	9269000
chr19	9270000	9271000
chr19	9271000	9272000
chr19	9272000	9273000
chr19	9280000	9281000
chr19	9282000	9283000
chr19	9283000	9284000
chr19	9284000	9285000
chr19	9285000	9286000
chr19	9286000	9287000
chr19	9287000	9288000
chr19	9288000	9289000
chr19	9289000	9290000
chr19	9291000	9292000
chr19	9292000	9293000
chr19	9293000	9294000
chr19	9294000	9295000
chr19	9295000	9296000
chr19	9296000	9297000
chr19	9298000	9299000
chr19	9300000	9301000
chr19	9301000	9302000
chr19	9306000	9307000
chr19	9307000	9308000
chr19	9308000	9309000
chr19	9310000	9311000
chr19	9318000	9319000
chr19	9319000	9320000
chr19	9323000	9324000
chr19	9324000	9325000
chr19	9331000	9332000
chr19	9332000	9333000
chr19	9334000	9335000
chr19	9335000	9336000
chr19	9337000	9338000
chr19	9338000	9339000
chr19	9339000	9340000
chr19	9340000	9341000
chr19	9341000	9342000
chr19	9342000	9343000
chr19	9343000	9344000
chr19	9344000	9345000
chr19	9345000	9346000
chr19	9346000	9347000
chr19	9347000	9348000
chr19	9348000	9349000
chr19	9349000	9350000
chr19	9350000	9351000
chr19	9351000	9352000
chr19	9352000	9353000
chr19	9353000	9354000
chr19	9354000	9355000
chr19	9357000	9358000
chr19	9358000	9359000
chr19	9360000	9361000
chr19	9361000	9362000
chr19	9362000	9363000
chr19	9370000	9371000
chr19	9371000	9372000
chr19	9372000	9373000
chr19	9378000	9379000
chr19	9389000	9390000
chr19	9391000	9392000
chr19	9392000	9393000
chr19	9393000	9394000
chr19	9394000	9395000
chr19	9395000	9396000
chr19	9399000	9400000
chr19	9400000	9401000
chr19	9401000	9402000
chr19	9402000	9403000
chr19	9403000	9404000
chr19	9404000	9405000
chr19	9405000	9406000
chr19	9406000	9407000
chr19	9407000	9408000
chr19	9408000	9409000
chr19	9409000	9410000
chr19	9410000	9411000
chr19	9411000	9412000
chr19	9412000	9413000
chr19	9413000	9414000
chr19	9414000	9415000
chr19	9415000	9416000
chr19	9416000	9417000
chr19	9429000	9430000
chr19	9431000	9432000
chr19	9432000	9433000
chr19	9433000	9434000
chr19	9435000	9436000
chr19	9436000	9437000
chr19	9437000	9438000
chr19	9438000	9439000
chr19	9439000	9440000
chr19	9440000	9441000
chr19	9441000	9442000
chr19	9472000	9473000
chr19	9473000	9474000
chr19	9477000	9478000
chr19	9481000	9482000
chr19	9483000	9484000
chr19	9485000	9486000
chr19	9486000	9487000
chr19	9487000	9488000
chr19	9488000	9489000
chr19	9489000	9490000
chr19	9490000	9491000
chr19	9491000	9492000
chr19	9492000	9493000
chr19	9493000	9494000
chr19	9503000	9504000
chr19	9529000	9530000
chr19	9537000	9538000
chr19	9543000	9544000
chr19	9550000	9551000
chr19	9551000	9552000
chr19	9554000	9555000
chr19	9555000	9556000
chr19	9556000	9557000
chr19	9557000	9558000
chr19	9564000	9565000
chr19	9565000	9566000
chr19	9566000	9567000
chr19	9568000	9569000
chr19	9569000	9570000
chr19	9571000	9572000
chr19	9572000	9573000
chr19	9573000	9574000
chr19	9574000	9575000
chr19	9576000	9577000
chr19	9577000	9578000
chr19	9578000	9579000
chr19	9580000	9581000
chr19	9581000	9582000
chr19	9582000	9583000
chr19	9583000	9584000
chr19	9587000	9588000
chr19	9590000	9591000
chr19	9593000	9594000
chr19	9594000	9595000
chr19	9595000	9596000
chr19	9596000	9597000
chr19	9597000	9598000
chr19	9598000	9599000
chr19	9600000	9601000
chr19	9601000	9602000
chr19	9602000	9603000
chr19	9603000	9604000
chr19	9604000	9605000
chr19	9605000	9606000
chr19	9606000	9607000
chr19	9608000	9609000
chr19	9609000	9610000
chr19	9610000	9611000
chr19	9611000	9612000
chr19	9612000	9613000
chr19	9614000	9615000
chr19	9615000	9616000
chr19	9616000	9617000
chr19	9617000	9618000
chr19	9618000	9619000
chr19	9619000	9620000
chr19	9620000	9621000
chr19	9621000	9622000
chr19	9622000	9623000
chr19	9623000	9624000
chr19	9624000	9625000
chr19	9629000	9630000
chr19	9630000	9631000
chr19	9631000	9632000
chr19	9632000	9633000
chr19	9633000	9634000
chr19	9634000	9635000
chr19	9635000	9636000
chr19	9636000	9637000
chr19	9638000	9639000
chr19	9645000	9646000
chr19	9646000	9647000
chr19	9647000	9648000
chr19	9648000	9649000
chr19	9649000	9650000
chr19	9650000	9651000
chr19	9652000	9653000
chr19	9655000	9656000
chr19	9659000	9660000
chr19	9665000	9666000
chr19	9666000	9667000
chr19	9667000	9668000
chr19	9668000	9669000
chr19	9674000	9675000
chr19	9675000	9676000
chr19	9677000	9678000
chr19	9678000	9679000
chr19	9680000	9681000
chr19	9681000	9682000
chr19	9685000	9686000
chr19	9688000	9689000
chr19	9689000	9690000
chr19	9696000	9697000
chr19	9698000	9699000
chr19	9699000	9700000
chr19	9700000	9701000
chr19	9701000	9702000
chr19	9702000	9703000
chr19	9703000	9704000
chr19	9705000	9706000
chr19	9707000	9708000
chr19	9711000	9712000
chr19	9715000	9716000
chr19	9717000	9718000
chr19	9718000	9719000
chr19	9719000	9720000
chr19	9720000	9721000
chr19	9721000	9722000
chr19	9722000	9723000
chr19	9725000	9726000
chr19	9726000	9727000
chr19	9729000	9730000
chr19	9730000	9731000
chr19	9731000	9732000
chr19	9732000	9733000
chr19	9733000	9734000
chr19	9734000	9735000
chr19	9735000	9736000
chr19	9736000	9737000
chr19	9737000	9738000
chr19	9738000	9739000
chr19	9739000	9740000
chr19	9740000	9741000
chr19	9741000	9742000
chr19	9742000	9743000
chr19	9743000	9744000
chr19	9745000	9746000
chr19	9746000	9747000
chr19	9747000	9748000
chr19	9748000	9749000
chr19	9749000	9750000
chr19	9750000	9751000
chr19	9751000	9752000
chr19	9752000	9753000
chr19	9753000	9754000
chr19	9758000	9759000
chr19	9760000	9761000
chr19	9764000	9765000
chr19	9765000	9766000
chr19	9766000	9767000
chr19	9769000	9770000
chr19	9770000	9771000
chr19	9772000	9773000
chr19	9773000	9774000
chr19	9774000	9775000
chr19	9775000	9776000
chr19	9776000	9777000
chr19	9777000	9778000
chr19	9778000	9779000
chr19	9779000	9780000
chr19	9780000	9781000
chr19	9781000	9782000
chr19	9784000	9785000
chr19	9785000	9786000
chr19	9786000	9787000
chr19	9787000	9788000
chr19	9791000	9792000
chr19	9793000	9794000
chr19	9794000	9795000
chr19	9795000	9796000
chr19	9800000	9801000
chr19	9801000	9802000
chr19	9803000	9804000
chr19	9806000	9807000
chr19	9808000	9809000
chr19	9814000	9815000
chr19	9815000	9816000
chr19	9823000	9824000
chr19	9832000	9833000
chr19	9833000	9834000
chr19	9834000	9835000
chr19	9835000	9836000
chr19	9836000	9837000
chr19	9838000	9839000
chr19	9839000	9840000
chr19	9841000	9842000
chr19	9842000	9843000
chr19	9844000	9845000
chr19	9845000	9846000
chr19	9846000	9847000
chr19	9847000	9848000
chr19	9848000	9849000
chr19	9852000	9853000
chr19	9853000	9854000
chr19	9854000	9855000
chr19	9861000	9862000
chr19	9863000	9864000
chr19	9865000	9866000
chr19	9866000	9867000
chr19	9867000	9868000
chr19	9868000	9869000
chr19	9873000	9874000
chr19	9875000	9876000
chr19	9876000	9877000
chr19	9877000	9878000
chr19	9878000	9879000
chr19	9879000	9880000
chr19	9881000	9882000
chr19	9885000	9886000
chr19	9891000	9892000
chr19	9892000	9893000
chr19	9893000	9894000
chr19	9895000	9896000
chr19	9896000	9897000
chr19	9897000	9898000
chr19	9899000	9900000
chr19	9900000	9901000
chr19	9901000	9902000
chr19	9903000	9904000
chr19	9904000	9905000
chr19	9907000	9908000
chr19	9908000	9909000
chr19	9910000	9911000
chr19	9911000	9912000
chr19	9912000	9913000
chr19	9913000	9914000
chr19	9916000	9917000
chr19	9918000	9919000
chr19	9922000	9923000
chr19	9924000	9925000
chr19	9925000	9926000
chr19	9926000	9927000
chr19	9936000	9937000
chr19	9950000	9951000
chr19	9954000	9955000
chr19	9955000	9956000
chr19	9956000	9957000
chr19	9959000	9960000
chr19	9962000	9963000
chr19	9963000	9964000
chr19	9965000	9966000
chr19	9967000	9968000
chr19	9971000	9972000
chr19	9972000	9973000
chr19	9973000	9974000
chr19	9974000	9975000
chr19	9975000	9976000
chr19	9976000	9977000
chr19	9977000	9978000
chr19	9978000	9979000
chr19	9979000	9980000
chr19	9980000	9981000
chr19	9981000	9982000
chr19	9982000	9983000
chr19	9983000	9984000
chr19	9984000	9985000
chr19	9985000	9986000
chr19	9986000	9987000
chr19	9987000	9988000
chr19	9988000	9989000
chr19	9990000	9991000
chr19	9991000	9992000
chr19	9993000	9994000
chr19	9994000	9995000
chr19	10006000	10007000
chr19	10011000	10012000
chr19	10012000	10013000
chr19	10013000	10014000
chr19	10014000	10015000
chr19	10015000	10016000
chr19	10016000	10017000
chr19	10018000	10019000
chr19	10019000	10020000
chr19	10020000	10021000
chr19	10023000	10024000
chr19	10024000	10025000
chr19	10025000	10026000
chr19	10026000	10027000
chr19	10027000	10028000
chr19	10028000	10029000
chr19	10029000	10030000
chr19	10031000	10032000
chr19	10036000	10037000
chr19	10037000	10038000
chr19	10038000	10039000
chr19	10039000	10040000
chr19	10040000	10041000
chr19	10041000	10042000
chr19	10042000	10043000
chr19	10043000	10044000
chr19	10047000	10048000
chr19	10056000	10057000
chr19	10057000	10058000
chr19	10058000	10059000
chr19	10059000	10060000
chr19	10063000	10064000
chr19	10064000	10065000
chr19	10066000	10067000
chr19	10067000	10068000
chr19	10069000	10070000
chr19	10070000	10071000
chr19	10071000	10072000
chr19	10074000	10075000
chr19	10075000	10076000
chr19	10077000	10078000
chr19	10078000	10079000
chr19	10079000	10080000
chr19	10080000	10081000
chr19	10083000	10084000
chr19	10085000	10086000
chr19	10086000	10087000
chr19	10088000	10089000
chr19	10089000	10090000
chr19	10090000	10091000
chr19	10091000	10092000
chr19	10093000	10094000
chr19	10094000	10095000
chr19	10096000	10097000
chr19	10097000	10098000
chr19	10098000	10099000
chr19	10101000	10102000
chr19	10102000	10103000
chr19	10103000	10104000
chr19	10105000	10106000
chr19	10107000	10108000
chr19	10108000	10109000
chr19	10109000	10110000
chr19	10110000	10111000
chr19	10111000	10112000
chr19	10112000	10113000
chr19	10113000	10114000
chr19	10114000	10115000
chr19	10115000	10116000
chr19	10116000	10117000
chr19	10117000	10118000
chr19	10118000	10119000
chr19	10119000	10120000
chr19	10127000	10128000
chr19	10129000	10130000
chr19	10130000	10131000
chr19	10133000	10134000
chr19	10134000	10135000
chr19	10135000	10136000
chr19	10136000	10137000
chr19	10137000	10138000
chr19	10138000	10139000
chr19	10142000	10143000
chr19	10143000	10144000
chr19	10145000	10146000
chr19	10146000	10147000
chr19	10147000	10148000
chr19	10148000	10149000
chr19	10149000	10150000
chr19	10150000	10151000
chr19	10151000	10152000
chr19	10152000	10153000
chr19	10156000	10157000
chr19	10157000	10158000
chr19	10161000	10162000
chr19	10162000	10163000
chr19	10163000	10164000
chr19	10164000	10165000
chr19	10165000	10166000
chr19	10166000	10167000
chr19	10167000	10168000
chr19	10168000	10169000
chr19	10169000	10170000
chr19	10174000	10175000
chr19	10176000	10177000
chr19	10177000	10178000
chr19	10178000	10179000
chr19	10180000	10181000
chr19	10181000	10182000
chr19	10182000	10183000
chr19	10183000	10184000
chr19	10184000	10185000
chr19	10187000	10188000
chr19	10188000	10189000
chr19	10189000	10190000
chr19	10190000	10191000
chr19	10191000	10192000
chr19	10192000	10193000
chr19	10198000	10199000
chr19	10200000	10201000
chr19	10201000	10202000
chr19	10206000	10207000
chr19	10207000	10208000
chr19	10209000	10210000
chr19	10210000	10211000
chr19	10211000	10212000
chr19	10212000	10213000
chr19	10213000	10214000
chr19	10214000	10215000
chr19	10215000	10216000
chr19	10216000	10217000
chr19	10217000	10218000
chr19	10222000	10223000
chr19	10223000	10224000
chr19	10224000	10225000
chr19	10232000	10233000
chr19	10252000	10253000
chr19	10254000	10255000
chr19	10256000	10257000
chr19	10261000	10262000
chr19	10262000	10263000
chr19	10264000	10265000
chr19	10265000	10266000
chr19	10266000	10267000
chr19	10267000	10268000
chr19	10270000	10271000
chr19	10271000	10272000
chr19	10272000	10273000
chr19	10273000	10274000
chr19	10274000	10275000
chr19	10275000	10276000
chr19	10278000	10279000
chr19	10281000	10282000
chr19	10283000	10284000
chr19	10285000	10286000
chr19	10287000	10288000
chr19	10296000	10297000
chr19	10297000	10298000
chr19	10298000	10299000
chr19	10303000	10304000
chr19	10305000	10306000
chr19	10306000	10307000
chr19	10307000	10308000
chr19	10309000	10310000
chr19	10311000	10312000
chr19	10313000	10314000
chr19	10314000	10315000
chr19	10318000	10319000
chr19	10319000	10320000
chr19	10321000	10322000
chr19	10322000	10323000
chr19	10324000	10325000
chr19	10325000	10326000
chr19	10326000	10327000
chr19	10327000	10328000
chr19	10330000	10331000
chr19	10331000	10332000
chr19	10332000	10333000
chr19	10355000	10356000
chr19	10356000	10357000
chr19	10357000	10358000
chr19	10358000	10359000
chr19	10361000	10362000
chr19	10363000	10364000
chr19	10364000	10365000
chr19	10373000	10374000
chr19	10377000	10378000
chr19	10379000	10380000
chr19	10380000	10381000
chr19	10383000	10384000
chr19	10395000	10396000
chr19	10397000	10398000
chr19	10402000	10403000
chr19	10403000	10404000
chr19	10404000	10405000
chr19	10407000	10408000
chr19	10410000	10411000
chr19	10411000	10412000
chr19	10413000	10414000
chr19	10414000	10415000
chr19	10416000	10417000
chr19	10417000	10418000
chr19	10420000	10421000
chr19	10421000	10422000
chr19	10422000	10423000
chr19	10423000	10424000
chr19	10424000	10425000
chr19	10428000	10429000
chr19	10429000	10430000
chr19	10430000	10431000
chr19	10431000	10432000
chr19	10432000	10433000
chr19	10436000	10437000
chr19	10439000	10440000
chr19	10441000	10442000
chr19	10442000	10443000
chr19	10443000	10444000
chr19	10444000	10445000
chr19	10445000	10446000
chr19	10446000	10447000
chr19	10448000	10449000
chr19	10451000	10452000
chr19	10452000	10453000
chr19	10453000	10454000
chr19	10456000	10457000
chr19	10459000	10460000
chr19	10461000	10462000
chr19	10465000	10466000
chr19	10467000	10468000
chr19	10468000	10469000
chr19	10469000	10470000
chr19	10470000	10471000
chr19	10471000	10472000
chr19	10473000	10474000
chr19	10474000	10475000
chr19	10475000	10476000
chr19	10476000	10477000
chr19	10477000	10478000
chr19	10478000	10479000
chr19	10479000	10480000
chr19	10480000	10481000
chr19	10481000	10482000
chr19	10483000	10484000
chr19	10484000	10485000
chr19	10485000	10486000
chr19	10486000	10487000
chr19	10487000	10488000
chr19	10488000	10489000
chr19	10489000	10490000
chr19	10490000	10491000
chr19	10491000	10492000
chr19	10492000	10493000
chr19	10494000	10495000
chr19	10495000	10496000
chr19	10496000	10497000
chr19	10497000	10498000
chr19	10498000	10499000
chr19	10499000	10500000
chr19	10500000	10501000
chr19	10501000	10502000
chr19	10502000	10503000
chr19	10504000	10505000
chr19	10505000	10506000
chr19	10507000	10508000
chr19	10508000	10509000
chr19	10509000	10510000
chr19	10510000	10511000
chr19	10511000	10512000
chr19	10512000	10513000
chr19	10514000	10515000
chr19	10524000	10525000
chr19	10525000	10526000
chr19	10526000	10527000
chr19	10529000	10530000
chr19	10533000	10534000
chr19	10534000	10535000
chr19	10535000	10536000
chr19	10536000	10537000
chr19	10537000	10538000
chr19	10538000	10539000
chr19	10539000	10540000
chr19	10540000	10541000
chr19	10541000	10542000
chr19	10542000	10543000
chr19	10543000	10544000
chr19	10544000	10545000
chr19	10549000	10550000
chr19	10552000	10553000
chr19	10553000	10554000
chr19	10554000	10555000
chr19	10555000	10556000
chr19	10556000	10557000
chr19	10557000	10558000
chr19	10558000	10559000
chr19	10574000	10575000
chr19	10577000	10578000
chr19	10579000	10580000
chr19	10584000	10585000
chr19	10585000	10586000
chr19	10588000	10589000
chr19	10589000	10590000
chr19	10590000	10591000
chr19	10591000	10592000
chr19	10593000	10594000
chr19	10597000	10598000
chr19	10600000	10601000
chr19	10601000	10602000
chr19	10602000	10603000
chr19	10603000	10604000
chr19	10606000	10607000
chr19	10607000	10608000
chr19	10608000	10609000
chr19	10609000	10610000
chr19	10613000	10614000
chr19	10614000	10615000
chr19	10616000	10617000
chr19	10618000	10619000
chr19	10619000	10620000
chr19	10623000	10624000
chr19	10628000	10629000
chr19	10648000	10649000
chr19	10653000	10654000
chr19	10654000	10655000
chr19	10662000	10663000
chr19	10663000	10664000
chr19	10668000	10669000
chr19	10672000	10673000
chr19	10673000	10674000
chr19	10674000	10675000
chr19	10680000	10681000
chr19	10693000	10694000
chr19	10695000	10696000
chr19	10697000	10698000
chr19	10699000	10700000
chr19	10700000	10701000
chr19	10702000	10703000
chr19	10705000	10706000
chr19	10706000	10707000
chr19	10708000	10709000
chr19	10709000	10710000
chr19	10710000	10711000
chr19	10711000	10712000
chr19	10712000	10713000
chr19	10713000	10714000
chr19	10714000	10715000
chr19	10715000	10716000
chr19	10716000	10717000
chr19	10717000	10718000
chr19	10719000	10720000
chr19	10721000	10722000
chr19	10724000	10725000
chr19	10725000	10726000
chr19	10733000	10734000
chr19	10734000	10735000
chr19	10735000	10736000
chr19	10736000	10737000
chr19	10737000	10738000
chr19	10738000	10739000
chr19	10739000	10740000
chr19	10740000	10741000
chr19	10741000	10742000
chr19	10742000	10743000
chr19	10743000	10744000
chr19	10752000	10753000
chr19	10753000	10754000
chr19	10754000	10755000
chr19	10757000	10758000
chr19	10758000	10759000
chr19	10759000	10760000
chr19	10760000	10761000
chr19	10761000	10762000
chr19	10762000	10763000
chr19	10763000	10764000
chr19	10764000	10765000
chr19	10767000	10768000
chr19	10768000	10769000
chr19	10770000	10771000
chr19	10771000	10772000
chr19	10774000	10775000
chr19	10776000	10777000
chr19	10777000	10778000
chr19	10778000	10779000
chr19	10779000	10780000
chr19	10780000	10781000
chr19	10784000	10785000
chr19	10785000	10786000
chr19	10786000	10787000
chr19	10787000	10788000
chr19	10788000	10789000
chr19	10789000	10790000
chr19	10790000	10791000
chr19	10791000	10792000
chr19	10793000	10794000
chr19	10795000	10796000
chr19	10797000	10798000
chr19	10798000	10799000
chr19	10799000	10800000
chr19	10800000	10801000
chr19	10802000	10803000
chr19	10804000	10805000
chr19	10807000	10808000
chr19	10808000	10809000
chr19	10809000	10810000
chr19	10810000	10811000
chr19	10811000	10812000
chr19	10812000	10813000
chr19	10813000	10814000
chr19	10815000	10816000
chr19	10818000	10819000
chr19	10820000	10821000
chr19	10827000	10828000
chr19	10828000	10829000
chr19	10831000	10832000
chr19	10833000	10834000
chr19	10835000	10836000
chr19	10836000	10837000
chr19	10837000	10838000
chr19	10838000	10839000
chr19	10839000	10840000
chr19	10840000	10841000
chr19	10841000	10842000
chr19	10843000	10844000
chr19	10844000	10845000
chr19	10845000	10846000
chr19	10846000	10847000
chr19	10847000	10848000
chr19	10848000	10849000
chr19	10849000	10850000
chr19	10850000	10851000
chr19	10851000	10852000
chr19	10852000	10853000
chr19	10853000	10854000
chr19	10854000	10855000
chr19	10857000	10858000
chr19	10858000	10859000
chr19	10859000	10860000
chr19	10867000	10868000
chr19	10868000	10869000
chr19	10869000	10870000
chr19	10870000	10871000
chr19	10872000	10873000
chr19	10874000	10875000
chr19	10875000	10876000
chr19	10876000	10877000
chr19	10877000	10878000
chr19	10878000	10879000
chr19	10879000	10880000
chr19	10880000	10881000
chr19	10882000	10883000
chr19	10883000	10884000
chr19	10885000	10886000
chr19	10888000	10889000
chr19	10890000	10891000
chr19	10903000	10904000
chr19	10906000	10907000
chr19	10907000	10908000
chr19	10908000	10909000
chr19	10909000	10910000
chr19	10911000	10912000
chr19	10912000	10913000
chr19	10913000	10914000
chr19	10916000	10917000
chr19	10918000	10919000
chr19	10920000	10921000
chr19	10921000	10922000
chr19	10922000	10923000
chr19	10923000	10924000
chr19	10924000	10925000
chr19	10927000	10928000
chr19	10931000	10932000
chr19	10932000	10933000
chr19	10933000	10934000
chr19	10934000	10935000
chr19	10936000	10937000
chr19	10937000	10938000
chr19	10939000	10940000
chr19	10940000	10941000
chr19	10941000	10942000
chr19	10942000	10943000
chr19	10943000	10944000
chr19	10944000	10945000
chr19	10946000	10947000
chr19	10947000	10948000
chr19	10948000	10949000
chr19	10949000	10950000
chr19	10950000	10951000
chr19	10952000	10953000
chr19	10953000	10954000
chr19	10954000	10955000
chr19	10955000	10956000
chr19	10956000	10957000
chr19	10957000	10958000
chr19	10958000	10959000
chr19	10959000	10960000
chr19	10960000	10961000
chr19	10962000	10963000
chr19	10969000	10970000
chr19	10970000	10971000
chr19	10971000	10972000
chr19	10972000	10973000
chr19	10974000	10975000
chr19	10975000	10976000
chr19	10976000	10977000
chr19	10978000	10979000
chr19	10979000	10980000
chr19	10980000	10981000
chr19	10981000	10982000
chr19	10982000	10983000
chr19	10983000	10984000
chr19	10984000	10985000
chr19	10985000	10986000
chr19	10987000	10988000
chr19	10988000	10989000
chr19	10989000	10990000
chr19	10991000	10992000
chr19	10992000	10993000
chr19	10993000	10994000
chr19	10994000	10995000
chr19	10998000	10999000
chr19	11000000	11001000
chr19	11001000	11002000
chr19	11002000	11003000
chr19	11004000	11005000
chr19	11005000	11006000
chr19	11006000	11007000
chr19	11007000	11008000
chr19	11009000	11010000
chr19	11010000	11011000
chr19	11011000	11012000
chr19	11013000	11014000
chr19	11018000	11019000
chr19	11019000	11020000
chr19	11033000	11034000
chr19	11034000	11035000
chr19	11057000	11058000
chr19	11058000	11059000
chr19	11062000	11063000
chr19	11104000	11105000
chr19	11105000	11106000
chr19	11106000	11107000
chr19	11107000	11108000
chr19	11108000	11109000
chr19	11109000	11110000
chr19	11110000	11111000
chr19	11111000	11112000
chr19	11112000	11113000
chr19	11113000	11114000
chr19	11114000	11115000
chr19	11115000	11116000
chr19	11127000	11128000
chr19	11139000	11140000
chr19	11142000	11143000
chr19	11150000	11151000
chr19	11151000	11152000
chr19	11152000	11153000
chr19	11156000	11157000
chr19	11157000	11158000
chr19	11158000	11159000
chr19	11159000	11160000
chr19	11160000	11161000
chr19	11161000	11162000
chr19	11162000	11163000
chr19	11163000	11164000
chr19	11164000	11165000
chr19	11165000	11166000
chr19	11167000	11168000
chr19	11168000	11169000
chr19	11169000	11170000
chr19	11170000	11171000
chr19	11171000	11172000
chr19	11172000	11173000
chr19	11173000	11174000
chr19	11174000	11175000
chr19	11177000	11178000
chr19	11178000	11179000
chr19	11179000	11180000
chr19	11180000	11181000
chr19	11181000	11182000
chr19	11182000	11183000
chr19	11183000	11184000
chr19	11185000	11186000
chr19	11186000	11187000
chr19	11187000	11188000
chr19	11188000	11189000
chr19	11189000	11190000
chr19	11190000	11191000
chr19	11191000	11192000
chr19	11192000	11193000
chr19	11193000	11194000
chr19	11194000	11195000
chr19	11195000	11196000
chr19	11196000	11197000
chr19	11197000	11198000
chr19	11198000	11199000
chr19	11199000	11200000
chr19	11200000	11201000
chr19	11201000	11202000
chr19	11202000	11203000
chr19	11209000	11210000
chr19	11210000	11211000
chr19	11211000	11212000
chr19	11212000	11213000
chr19	11213000	11214000
chr19	11214000	11215000
chr19	11216000	11217000
chr19	11217000	11218000
chr19	11218000	11219000
chr19	11219000	11220000
chr19	11222000	11223000
chr19	11223000	11224000
chr19	11225000	11226000
chr19	11226000	11227000
chr19	11227000	11228000
chr19	11228000	11229000
chr19	11232000	11233000
chr19	11236000	11237000
chr19	11238000	11239000
chr19	11240000	11241000
chr19	11243000	11244000
chr19	11244000	11245000
chr19	11248000	11249000
chr19	11251000	11252000
chr19	11253000	11254000
chr19	11254000	11255000
chr19	11255000	11256000
chr19	11256000	11257000
chr19	11258000	11259000
chr19	11259000	11260000
chr19	11260000	11261000
chr19	11261000	11262000
chr19	11262000	11263000
chr19	11267000	11268000
chr19	11268000	11269000
chr19	11269000	11270000
chr19	11272000	11273000
chr19	11273000	11274000
chr19	11276000	11277000
chr19	11277000	11278000
chr19	11278000	11279000
chr19	11279000	11280000
chr19	11280000	11281000
chr19	11281000	11282000
chr19	11282000	11283000
chr19	11283000	11284000
chr19	11284000	11285000
chr19	11285000	11286000
chr19	11286000	11287000
chr19	11287000	11288000
chr19	11289000	11290000
chr19	11290000	11291000
chr19	11291000	11292000
chr19	11292000	11293000
chr19	11293000	11294000
chr19	11294000	11295000
chr19	11295000	11296000
chr19	11296000	11297000
chr19	11327000	11328000
chr19	11337000	11338000
chr19	11343000	11344000
chr19	11346000	11347000
chr19	11347000	11348000
chr19	11348000	11349000
chr19	11349000	11350000
chr19	11350000	11351000
chr19	11351000	11352000
chr19	11353000	11354000
chr19	11354000	11355000
chr19	11355000	11356000
chr19	11356000	11357000
chr19	11369000	11370000
chr19	11370000	11371000
chr19	11371000	11372000
chr19	11372000	11373000
chr19	11374000	11375000
chr19	11377000	11378000
chr19	11382000	11383000
chr19	11383000	11384000
chr19	11384000	11385000
chr19	11385000	11386000
chr19	11387000	11388000
chr19	11388000	11389000
chr19	11389000	11390000
chr19	11390000	11391000
chr19	11391000	11392000
chr19	11392000	11393000
chr19	11393000	11394000
chr19	11394000	11395000
chr19	11396000	11397000
chr19	11397000	11398000
chr19	11398000	11399000
chr19	11409000	11410000
chr19	11410000	11411000
chr19	11411000	11412000
chr19	11412000	11413000
chr19	11416000	11417000
chr19	11417000	11418000
chr19	11418000	11419000
chr19	11420000	11421000
chr19	11423000	11424000
chr19	11424000	11425000
chr19	11425000	11426000
chr19	11426000	11427000
chr19	11427000	11428000
chr19	11428000	11429000
chr19	11429000	11430000
chr19	11440000	11441000
chr19	11441000	11442000
chr19	11450000	11451000
chr19	11451000	11452000
chr19	11452000	11453000
chr19	11457000	11458000
chr19	11458000	11459000
chr19	11459000	11460000
chr19	11460000	11461000
chr19	11461000	11462000
chr19	11462000	11463000
chr19	11471000	11472000
chr19	11489000	11490000
chr19	11514000	11515000
chr19	11525000	11526000
chr19	11526000	11527000
chr19	11527000	11528000
chr19	11528000	11529000
chr19	11529000	11530000
chr19	11530000	11531000
chr19	11531000	11532000
chr19	11532000	11533000
chr19	11533000	11534000
chr19	11534000	11535000
chr19	11536000	11537000
chr19	11538000	11539000
chr19	11539000	11540000
chr19	11540000	11541000
chr19	11541000	11542000
chr19	11542000	11543000
chr19	11547000	11548000
chr19	11549000	11550000
chr19	11550000	11551000
chr19	11551000	11552000
chr19	11552000	11553000
chr19	11553000	11554000
chr19	11555000	11556000
chr19	11556000	11557000
chr19	11557000	11558000
chr19	11561000	11562000
chr19	11562000	11563000
chr19	11565000	11566000
chr19	11566000	11567000
chr19	11585000	11586000
chr19	11587000	11588000
chr19	11588000	11589000
chr19	11589000	11590000
chr19	11590000	11591000
chr19	11591000	11592000
chr19	11592000	11593000
chr19	11593000	11594000
chr19	11594000	11595000
chr19	11618000	11619000
chr19	11626000	11627000
chr19	11629000	11630000
chr19	11631000	11632000
chr19	11633000	11634000
chr19	11646000	11647000
chr19	11647000	11648000
chr19	11648000	11649000
chr19	11649000	11650000
chr19	11650000	11651000
chr19	11651000	11652000
chr19	11653000	11654000
chr19	11654000	11655000
chr19	11655000	11656000
chr19	11656000	11657000
chr19	11657000	11658000
chr19	11658000	11659000
chr19	11659000	11660000
chr19	11660000	11661000
chr19	11661000	11662000
chr19	11662000	11663000
chr19	11663000	11664000
chr19	11664000	11665000
chr19	11665000	11666000
chr19	11666000	11667000
chr19	11667000	11668000
chr19	11668000	11669000
chr19	11669000	11670000
chr19	11670000	11671000
chr19	11671000	11672000
chr19	11672000	11673000
chr19	11673000	11674000
chr19	11674000	11675000
chr19	11675000	11676000
chr19	11676000	11677000
chr19	11677000	11678000
chr19	11678000	11679000
chr19	11679000	11680000
chr19	11680000	11681000
chr19	11681000	11682000
chr19	11682000	11683000
chr19	11683000	11684000
chr19	11684000	11685000
chr19	11686000	11687000
chr19	11688000	11689000
chr19	11689000	11690000
chr19	11698000	11699000
chr19	11724000	11725000
chr19	11725000	11726000
chr19	11726000	11727000
chr19	11730000	11731000
chr19	11731000	11732000
chr19	11732000	11733000
chr19	11733000	11734000
chr19	11734000	11735000
chr19	11736000	11737000
chr19	11737000	11738000
chr19	11739000	11740000
chr19	11740000	11741000
chr19	11742000	11743000
chr19	11743000	11744000
chr19	11744000	11745000
chr19	11745000	11746000
chr19	11746000	11747000
chr19	11747000	11748000
chr19	11748000	11749000
chr19	11750000	11751000
chr19	11751000	11752000
chr19	11752000	11753000
chr19	11755000	11756000
chr19	11757000	11758000
chr19	11759000	11760000
chr19	11762000	11763000
chr19	11763000	11764000
chr19	11764000	11765000
chr19	11768000	11769000
chr19	11769000	11770000
chr19	11770000	11771000
chr19	11771000	11772000
chr19	11772000	11773000
chr19	11773000	11774000
chr19	11774000	11775000
chr19	11775000	11776000
chr19	11776000	11777000
chr19	11777000	11778000
chr19	11778000	11779000
chr19	11779000	11780000
chr19	11780000	11781000
chr19	11782000	11783000
chr19	11783000	11784000
chr19	11784000	11785000
chr19	11785000	11786000
chr19	11786000	11787000
chr19	11787000	11788000
chr19	11788000	11789000
chr19	11789000	11790000
chr19	11790000	11791000
chr19	11792000	11793000
chr19	11795000	11796000
chr19	11796000	11797000
chr19	11797000	11798000
chr19	11798000	11799000
chr19	11799000	11800000
chr19	11800000	11801000
chr19	11801000	11802000
chr19	11802000	11803000
chr19	11803000	11804000
chr19	11804000	11805000
chr19	11805000	11806000
chr19	11806000	11807000
chr19	11807000	11808000
chr19	11812000	11813000
chr19	11813000	11814000
chr19	11814000	11815000
chr19	11818000	11819000
chr19	11821000	11822000
chr19	11822000	11823000
chr19	11823000	11824000
chr19	11825000	11826000
chr19	11826000	11827000
chr19	11827000	11828000
chr19	11828000	11829000
chr19	11829000	11830000
chr19	11831000	11832000
chr19	11834000	11835000
chr19	11835000	11836000
chr19	11838000	11839000
chr19	11839000	11840000
chr19	11840000	11841000
chr19	11842000	11843000
chr19	11843000	11844000
chr19	11844000	11845000
chr19	11845000	11846000
chr19	11846000	11847000
chr19	11847000	11848000
chr19	11848000	11849000
chr19	11849000	11850000
chr19	11850000	11851000
chr19	11851000	11852000
chr19	11852000	11853000
chr19	11853000	11854000
chr19	11854000	11855000
chr19	11855000	11856000
chr19	11856000	11857000
chr19	11857000	11858000
chr19	11858000	11859000
chr19	11859000	11860000
chr19	11860000	11861000
chr19	11861000	11862000
chr19	11863000	11864000
chr19	11864000	11865000
chr19	11865000	11866000
chr19	11867000	11868000
chr19	11868000	11869000
chr19	11869000	11870000
chr19	11870000	11871000
chr19	11871000	11872000
chr19	11872000	11873000
chr19	11875000	11876000
chr19	11876000	11877000
chr19	11877000	11878000
chr19	11879000	11880000
chr19	11880000	11881000
chr19	11881000	11882000
chr19	11882000	11883000
chr19	11886000	11887000
chr19	11891000	11892000
chr19	11892000	11893000
chr19	11894000	11895000
chr19	11896000	11897000
chr19	11897000	11898000
chr19	11898000	11899000
chr19	11899000	11900000
chr19	11900000	11901000
chr19	11901000	11902000
chr19	11902000	11903000
chr19	11903000	11904000
chr19	11904000	11905000
chr19	11905000	11906000
chr19	11906000	11907000
chr19	11907000	11908000
chr19	11912000	11913000
chr19	11913000	11914000
chr19	11915000	11916000
chr19	11916000	11917000
chr19	11917000	11918000
chr19	11918000	11919000
chr19	11919000	11920000
chr19	11931000	11932000
chr19	11932000	11933000
chr19	11933000	11934000
chr19	11934000	11935000
chr19	11938000	11939000
chr19	11939000	11940000
chr19	11940000	11941000
chr19	11952000	11953000
chr19	11955000	11956000
chr19	11956000	11957000
chr19	11957000	11958000
chr19	11959000	11960000
chr19	11962000	11963000
chr19	11963000	11964000
chr19	11965000	11966000
chr19	11972000	11973000
chr19	11986000	11987000
chr19	11987000	11988000
chr19	11988000	11989000
chr19	11994000	11995000
chr19	11996000	11997000
chr19	11999000	12000000
chr19	12003000	12004000
chr19	12004000	12005000
chr19	12005000	12006000
chr19	12015000	12016000
chr19	12016000	12017000
chr19	12033000	12034000
chr19	12035000	12036000
chr19	12036000	12037000
chr19	12038000	12039000
chr19	12039000	12040000
chr19	12040000	12041000
chr19	12045000	12046000
chr19	12049000	12050000
chr19	12050000	12051000
chr19	12051000	12052000
chr19	12052000	12053000
chr19	12054000	12055000
chr19	12055000	12056000
chr19	12057000	12058000
chr19	12058000	12059000
chr19	12061000	12062000
chr19	12062000	12063000
chr19	12063000	12064000
chr19	12064000	12065000
chr19	12069000	12070000
chr19	12070000	12071000
chr19	12071000	12072000
chr19	12072000	12073000
chr19	12073000	12074000
chr19	12084000	12085000
chr19	12085000	12086000
chr19	12086000	12087000
chr19	12090000	12091000
chr19	12091000	12092000
chr19	12092000	12093000
chr19	12094000	12095000
chr19	12097000	12098000
chr19	12098000	12099000
chr19	12099000	12100000
chr19	12101000	12102000
chr19	12102000	12103000
chr19	12103000	12104000
chr19	12104000	12105000
chr19	12105000	12106000
chr19	12106000	12107000
chr19	12107000	12108000
chr19	12110000	12111000
chr19	12111000	12112000
chr19	12113000	12114000
chr19	12114000	12115000
chr19	12115000	12116000
chr19	12118000	12119000
chr19	12119000	12120000
chr19	12121000	12122000
chr19	12122000	12123000
chr19	12123000	12124000
chr19	12124000	12125000
chr19	12125000	12126000
chr19	12126000	12127000
chr19	12127000	12128000
chr19	12128000	12129000
chr19	12130000	12131000
chr19	12131000	12132000
chr19	12132000	12133000
chr19	12133000	12134000
chr19	12134000	12135000
chr19	12135000	12136000
chr19	12166000	12167000
chr19	12167000	12168000
chr19	12173000	12174000
chr19	12177000	12178000
chr19	12181000	12182000
chr19	12190000	12191000
chr19	12191000	12192000
chr19	12192000	12193000
chr19	12193000	12194000
chr19	12195000	12196000
chr19	12196000	12197000
chr19	12197000	12198000
chr19	12201000	12202000
chr19	12203000	12204000
chr19	12204000	12205000
chr19	12205000	12206000
chr19	12206000	12207000
chr19	12207000	12208000
chr19	12208000	12209000
chr19	12209000	12210000
chr19	12210000	12211000
chr19	12211000	12212000
chr19	12212000	12213000
chr19	12213000	12214000
chr19	12214000	12215000
chr19	12215000	12216000
chr19	12225000	12226000
chr19	12226000	12227000
chr19	12227000	12228000
chr19	12228000	12229000
chr19	12229000	12230000
chr19	12230000	12231000
chr19	12264000	12265000
chr19	12265000	12266000
chr19	12266000	12267000
chr19	12267000	12268000
chr19	12268000	12269000
chr19	12269000	12270000
chr19	12271000	12272000
chr19	12272000	12273000
chr19	12273000	12274000
chr19	12274000	12275000
chr19	12275000	12276000
chr19	12276000	12277000
chr19	12277000	12278000
chr19	12282000	12283000
chr19	12289000	12290000
chr19	12290000	12291000
chr19	12291000	12292000
chr19	12292000	12293000
chr19	12294000	12295000
chr19	12296000	12297000
chr19	12297000	12298000
chr19	12298000	12299000
chr19	12299000	12300000
chr19	12303000	12304000
chr19	12309000	12310000
chr19	12310000	12311000
chr19	12314000	12315000
chr19	12315000	12316000
chr19	12316000	12317000
chr19	12317000	12318000
chr19	12318000	12319000
chr19	12319000	12320000
chr19	12323000	12324000
chr19	12324000	12325000
chr19	12327000	12328000
chr19	12328000	12329000
chr19	12329000	12330000
chr19	12330000	12331000
chr19	12331000	12332000
chr19	12332000	12333000
chr19	12333000	12334000
chr19	12334000	12335000
chr19	12338000	12339000
chr19	12339000	12340000
chr19	12340000	12341000
chr19	12341000	12342000
chr19	12342000	12343000
chr19	12348000	12349000
chr19	12349000	12350000
chr19	12350000	12351000
chr19	12352000	12353000
chr19	12355000	12356000
chr19	12372000	12373000
chr19	12373000	12374000
chr19	12374000	12375000
chr19	12375000	12376000
chr19	12376000	12377000
chr19	12377000	12378000
chr19	12378000	12379000
chr19	12379000	12380000
chr19	12380000	12381000
chr19	12382000	12383000
chr19	12383000	12384000
chr19	12384000	12385000
chr19	12387000	12388000
chr19	12389000	12390000
chr19	12391000	12392000
chr19	12392000	12393000
chr19	12393000	12394000
chr19	12402000	12403000
chr19	12408000	12409000
chr19	12409000	12410000
chr19	12410000	12411000
chr19	12411000	12412000
chr19	12412000	12413000
chr19	12413000	12414000
chr19	12414000	12415000
chr19	12417000	12418000
chr19	12419000	12420000
chr19	12420000	12421000
chr19	12421000	12422000
chr19	12422000	12423000
chr19	12423000	12424000
chr19	12425000	12426000
chr19	12426000	12427000
chr19	12428000	12429000
chr19	12429000	12430000
chr19	12430000	12431000
chr19	12434000	12435000
chr19	12435000	12436000
chr19	12436000	12437000
chr19	12437000	12438000
chr19	12438000	12439000
chr19	12439000	12440000
chr19	12440000	12441000
chr19	12441000	12442000
chr19	12442000	12443000
chr19	12443000	12444000
chr19	12444000	12445000
chr19	12446000	12447000
chr19	12447000	12448000
chr19	12448000	12449000
chr19	12452000	12453000
chr19	12453000	12454000
chr19	12455000	12456000
chr19	12456000	12457000
chr19	12457000	12458000
chr19	12458000	12459000
chr19	12459000	12460000
chr19	12462000	12463000
chr19	12463000	12464000
chr19	12464000	12465000
chr19	12465000	12466000
chr19	12470000	12471000
chr19	12472000	12473000
chr19	12476000	12477000
chr19	12477000	12478000
chr19	12478000	12479000
chr19	12479000	12480000
chr19	12480000	12481000
chr19	12481000	12482000
chr19	12485000	12486000
chr19	12488000	12489000
chr19	12489000	12490000
chr19	12490000	12491000
chr19	12491000	12492000
chr19	12493000	12494000
chr19	12495000	12496000
chr19	12497000	12498000
chr19	12498000	12499000
chr19	12499000	12500000
chr19	12501000	12502000
chr19	12503000	12504000
chr19	12504000	12505000
chr19	12505000	12506000
chr19	12510000	12511000
chr19	12512000	12513000
chr19	12515000	12516000
chr19	12516000	12517000
chr19	12518000	12519000
chr19	12519000	12520000
chr19	12523000	12524000
chr19	12525000	12526000
chr19	12526000	12527000
chr19	12530000	12531000
chr19	12532000	12533000
chr19	12534000	12535000
chr19	12535000	12536000
chr19	12536000	12537000
chr19	12538000	12539000
chr19	12539000	12540000
chr19	12540000	12541000
chr19	12543000	12544000
chr19	12544000	12545000
chr19	12545000	12546000
chr19	12548000	12549000
chr19	12549000	12550000
chr19	12550000	12551000
chr19	12551000	12552000
chr19	12552000	12553000
chr19	12553000	12554000
chr19	12554000	12555000
chr19	12555000	12556000
chr19	12558000	12559000
chr19	12559000	12560000
chr19	12561000	12562000
chr19	12562000	12563000
chr19	12563000	12564000
chr19	12564000	12565000
chr19	12573000	12574000
chr19	12588000	12589000
chr19	12593000	12594000
chr19	12600000	12601000
chr19	12605000	12606000
chr19	12609000	12610000
chr19	12611000	12612000
chr19	12612000	12613000
chr19	12613000	12614000
chr19	12614000	12615000
chr19	12615000	12616000
chr19	12616000	12617000
chr19	12617000	12618000
chr19	12618000	12619000
chr19	12625000	12626000
chr19	12627000	12628000
chr19	12629000	12630000
chr19	12630000	12631000
chr19	12631000	12632000
chr19	12632000	12633000
chr19	12637000	12638000
chr19	12639000	12640000
chr19	12640000	12641000
chr19	12643000	12644000
chr19	12646000	12647000
chr19	12648000	12649000
chr19	12650000	12651000
chr19	12651000	12652000
chr19	12652000	12653000
chr19	12655000	12656000
chr19	12658000	12659000
chr19	12659000	12660000
chr19	12660000	12661000
chr19	12661000	12662000
chr19	12666000	12667000
chr19	12667000	12668000
chr19	12669000	12670000
chr19	12670000	12671000
chr19	12671000	12672000
chr19	12672000	12673000
chr19	12674000	12675000
chr19	12675000	12676000
chr19	12676000	12677000
chr19	12677000	12678000
chr19	12678000	12679000
chr19	12679000	12680000
chr19	12681000	12682000
chr19	12684000	12685000
chr19	12688000	12689000
chr19	12691000	12692000
chr19	12692000	12693000
chr19	12694000	12695000
chr19	12695000	12696000
chr19	12696000	12697000
chr19	12697000	12698000
chr19	12698000	12699000
chr19	12699000	12700000
chr19	12700000	12701000
chr19	12701000	12702000
chr19	12702000	12703000
chr19	12703000	12704000
chr19	12704000	12705000
chr19	12707000	12708000
chr19	12708000	12709000
chr19	12711000	12712000
chr19	12714000	12715000
chr19	12716000	12717000
chr19	12717000	12718000
chr19	12718000	12719000
chr19	12719000	12720000
chr19	12720000	12721000
chr19	12721000	12722000
chr19	12726000	12727000
chr19	12727000	12728000
chr19	12728000	12729000
chr19	12732000	12733000
chr19	12734000	12735000
chr19	12735000	12736000
chr19	12738000	12739000
chr19	12739000	12740000
chr19	12744000	12745000
chr19	12747000	12748000
chr19	12748000	12749000
chr19	12749000	12750000
chr19	12750000	12751000
chr19	12751000	12752000
chr19	12752000	12753000
chr19	12753000	12754000
chr19	12754000	12755000
chr19	12756000	12757000
chr19	12757000	12758000
chr19	12758000	12759000
chr19	12759000	12760000
chr19	12760000	12761000
chr19	12761000	12762000
chr19	12762000	12763000
chr19	12763000	12764000
chr19	12764000	12765000
chr19	12765000	12766000
chr19	12766000	12767000
chr19	12767000	12768000
chr19	12769000	12770000
chr19	12770000	12771000
chr19	12773000	12774000
chr19	12774000	12775000
chr19	12775000	12776000
chr19	12776000	12777000
chr19	12777000	12778000
chr19	12779000	12780000
chr19	12780000	12781000
chr19	12781000	12782000
chr19	12784000	12785000
chr19	12785000	12786000
chr19	12786000	12787000
chr19	12787000	12788000
chr19	12788000	12789000
chr19	12789000	12790000
chr19	12790000	12791000
chr19	12791000	12792000
chr19	12792000	12793000
chr19	12793000	12794000
chr19	12794000	12795000
chr19	12795000	12796000
chr19	12796000	12797000
chr19	12797000	12798000
chr19	12798000	12799000
chr19	12799000	12800000
chr19	12802000	12803000
chr19	12803000	12804000
chr19	12804000	12805000
chr19	12805000	12806000
chr19	12806000	12807000
chr19	12807000	12808000
chr19	12808000	12809000
chr19	12809000	12810000
chr19	12810000	12811000
chr19	12811000	12812000
chr19	12812000	12813000
chr19	12813000	12814000
chr19	12814000	12815000
chr19	12815000	12816000
chr19	12816000	12817000
chr19	12817000	12818000
chr19	12818000	12819000
chr19	12819000	12820000
chr19	12820000	12821000
chr19	12823000	12824000
chr19	12824000	12825000
chr19	12826000	12827000
chr19	12827000	12828000
chr19	12828000	12829000
chr19	12829000	12830000
chr19	12830000	12831000
chr19	12831000	12832000
chr19	12833000	12834000
chr19	12835000	12836000
chr19	12867000	12868000
chr19	12870000	12871000
chr19	12871000	12872000
chr19	12872000	12873000
chr19	12873000	12874000
chr19	12874000	12875000
chr19	12875000	12876000
chr19	12876000	12877000
chr19	12877000	12878000
chr19	12878000	12879000
chr19	12885000	12886000
chr19	12888000	12889000
chr19	12889000	12890000
chr19	12890000	12891000
chr19	12891000	12892000
chr19	12893000	12894000
chr19	12894000	12895000
chr19	12897000	12898000
chr19	12898000	12899000
chr19	12899000	12900000
chr19	12900000	12901000
chr19	12901000	12902000
chr19	12902000	12903000
chr19	12903000	12904000
chr19	12904000	12905000
chr19	12905000	12906000
chr19	12906000	12907000
chr19	12907000	12908000
chr19	12912000	12913000
chr19	12913000	12914000
chr19	12916000	12917000
chr19	12918000	12919000
chr19	12920000	12921000
chr19	12922000	12923000
chr19	12926000	12927000
chr19	12928000	12929000
chr19	12929000	12930000
chr19	12930000	12931000
chr19	12931000	12932000
chr19	12933000	12934000
chr19	12934000	12935000
chr19	12935000	12936000
chr19	12936000	12937000
chr19	12937000	12938000
chr19	12938000	12939000
chr19	12939000	12940000
chr19	12940000	12941000
chr19	12941000	12942000
chr19	12945000	12946000
chr19	12946000	12947000
chr19	12947000	12948000
chr19	12948000	12949000
chr19	12949000	12950000
chr19	12951000	12952000
chr19	12954000	12955000
chr19	12955000	12956000
chr19	12956000	12957000
chr19	12957000	12958000
chr19	12959000	12960000
chr19	12960000	12961000
chr19	12961000	12962000
chr19	12962000	12963000
chr19	12975000	12976000
chr19	12976000	12977000
chr19	12987000	12988000
chr19	12988000	12989000
chr19	12990000	12991000
chr19	12991000	12992000
chr19	12992000	12993000
chr19	12994000	12995000
chr19	12996000	12997000
chr19	12997000	12998000
chr19	12999000	13000000
chr19	13002000	13003000
chr19	13003000	13004000
chr19	13004000	13005000
chr19	13008000	13009000
chr19	13009000	13010000
chr19	13012000	13013000
chr19	13013000	13014000
chr19	13014000	13015000
chr19	13040000	13041000
chr19	13050000	13051000
chr19	13051000	13052000
chr19	13052000	13053000
chr19	13053000	13054000
chr19	13054000	13055000
chr19	13055000	13056000
chr19	13056000	13057000
chr19	13057000	13058000
chr19	13060000	13061000
chr19	13061000	13062000
chr19	13062000	13063000
chr19	13069000	13070000
chr19	13070000	13071000
chr19	13073000	13074000
chr19	13076000	13077000
chr19	13083000	13084000
chr19	13085000	13086000
chr19	13086000	13087000
chr19	13089000	13090000
chr19	13090000	13091000
chr19	13091000	13092000
chr19	13092000	13093000
chr19	13094000	13095000
chr19	13102000	13103000
chr19	13105000	13106000
chr19	13112000	13113000
chr19	13114000	13115000
chr19	13115000	13116000
chr19	13116000	13117000
chr19	13117000	13118000
chr19	13118000	13119000
chr19	13119000	13120000
chr19	13120000	13121000
chr19	13122000	13123000
chr19	13123000	13124000
chr19	13124000	13125000
chr19	13125000	13126000
chr19	13126000	13127000
chr19	13127000	13128000
chr19	13128000	13129000
chr19	13129000	13130000
chr19	13130000	13131000
chr19	13131000	13132000
chr19	13132000	13133000
chr19	13133000	13134000
chr19	13134000	13135000
chr19	13135000	13136000
chr19	13136000	13137000
chr19	13137000	13138000
chr19	13138000	13139000
chr19	13139000	13140000
chr19	13140000	13141000
chr19	13142000	13143000
chr19	13145000	13146000
chr19	13146000	13147000
chr19	13147000	13148000
chr19	13149000	13150000
chr19	13150000	13151000
chr19	13151000	13152000
chr19	13160000	13161000
chr19	13161000	13162000
chr19	13162000	13163000
chr19	13163000	13164000
chr19	13164000	13165000
chr19	13165000	13166000
chr19	13166000	13167000
chr19	13167000	13168000
chr19	13168000	13169000
chr19	13169000	13170000
chr19	13170000	13171000
chr19	13171000	13172000
chr19	13172000	13173000
chr19	13173000	13174000
chr19	13175000	13176000
chr19	13176000	13177000
chr19	13177000	13178000
chr19	13179000	13180000
chr19	13180000	13181000
chr19	13182000	13183000
chr19	13184000	13185000
chr19	13185000	13186000
chr19	13188000	13189000
chr19	13190000	13191000
chr19	13191000	13192000
chr19	13192000	13193000
chr19	13193000	13194000
chr19	13194000	13195000
chr19	13195000	13196000
chr19	13196000	13197000
chr19	13197000	13198000
chr19	13199000	13200000
chr19	13200000	13201000
chr19	13201000	13202000
chr19	13204000	13205000
chr19	13205000	13206000
chr19	13206000	13207000
chr19	13207000	13208000
chr19	13208000	13209000
chr19	13209000	13210000
chr19	13210000	13211000
chr19	13211000	13212000
chr19	13212000	13213000
chr19	13213000	13214000
chr19	13214000	13215000
chr19	13217000	13218000
chr19	13218000	13219000
chr19	13219000	13220000
chr19	13221000	13222000
chr19	13223000	13224000
chr19	13228000	13229000
chr19	13229000	13230000
chr19	13230000	13231000
chr19	13231000	13232000
chr19	13232000	13233000
chr19	13233000	13234000
chr19	13234000	13235000
chr19	13235000	13236000
chr19	13236000	13237000
chr19	13237000	13238000
chr19	13238000	13239000
chr19	13239000	13240000
chr19	13240000	13241000
chr19	13241000	13242000
chr19	13242000	13243000
chr19	13243000	13244000
chr19	13245000	13246000
chr19	13247000	13248000
chr19	13249000	13250000
chr19	13253000	13254000
chr19	13254000	13255000
chr19	13255000	13256000
chr19	13256000	13257000
chr19	13257000	13258000
chr19	13258000	13259000
chr19	13259000	13260000
chr19	13260000	13261000
chr19	13261000	13262000
chr19	13264000	13265000
chr19	13265000	13266000
chr19	13266000	13267000
chr19	13268000	13269000
chr19	13269000	13270000
chr19	13270000	13271000
chr19	13271000	13272000
chr19	13272000	13273000
chr19	13273000	13274000
chr19	13274000	13275000
chr19	13275000	13276000
chr19	13276000	13277000
chr19	13277000	13278000
chr19	13278000	13279000
chr19	13279000	13280000
chr19	13281000	13282000
chr19	13286000	13287000
chr19	13288000	13289000
chr19	13300000	13301000
chr19	13306000	13307000
chr19	13307000	13308000
chr19	13308000	13309000
chr19	13316000	13317000
chr19	13323000	13324000
chr19	13349000	13350000
chr19	13350000	13351000
chr19	13381000	13382000
chr19	13382000	13383000
chr19	13383000	13384000
chr19	13384000	13385000
chr19	13385000	13386000
chr19	13386000	13387000
chr19	13387000	13388000
chr19	13388000	13389000
chr19	13391000	13392000
chr19	13394000	13395000
chr19	13395000	13396000
chr19	13396000	13397000
chr19	13398000	13399000
chr19	13399000	13400000
chr19	13400000	13401000
chr19	13401000	13402000
chr19	13402000	13403000
chr19	13403000	13404000
chr19	13404000	13405000
chr19	13405000	13406000
chr19	13407000	13408000
chr19	13408000	13409000
chr19	13409000	13410000
chr19	13410000	13411000
chr19	13411000	13412000
chr19	13412000	13413000
chr19	13415000	13416000
chr19	13421000	13422000
chr19	13422000	13423000
chr19	13423000	13424000
chr19	13424000	13425000
chr19	13425000	13426000
chr19	13427000	13428000
chr19	13429000	13430000
chr19	13430000	13431000
chr19	13453000	13454000
chr19	13454000	13455000
chr19	13455000	13456000
chr19	13456000	13457000
chr19	13457000	13458000
chr19	13518000	13519000
chr19	13519000	13520000
chr19	13520000	13521000
chr19	13535000	13536000
chr19	13536000	13537000
chr19	13537000	13538000
chr19	13538000	13539000
chr19	13539000	13540000
chr19	13540000	13541000
chr19	13541000	13542000
chr19	13542000	13543000
chr19	13545000	13546000
chr19	13547000	13548000
chr19	13549000	13550000
chr19	13550000	13551000
chr19	13551000	13552000
chr19	13552000	13553000
chr19	13553000	13554000
chr19	13555000	13556000
chr19	13556000	13557000
chr19	13557000	13558000
chr19	13558000	13559000
chr19	13569000	13570000
chr19	13570000	13571000
chr19	13572000	13573000
chr19	13573000	13574000
chr19	13575000	13576000
chr19	13576000	13577000
chr19	13577000	13578000
chr19	13578000	13579000
chr19	13585000	13586000
chr19	13586000	13587000
chr19	13587000	13588000
chr19	13588000	13589000
chr19	13589000	13590000
chr19	13590000	13591000
chr19	13591000	13592000
chr19	13592000	13593000
chr19	13596000	13597000
chr19	13597000	13598000
chr19	13598000	13599000
chr19	13599000	13600000
chr19	13600000	13601000
chr19	13601000	13602000
chr19	13604000	13605000
chr19	13605000	13606000
chr19	13608000	13609000
chr19	13609000	13610000
chr19	13610000	13611000
chr19	13612000	13613000
chr19	13614000	13615000
chr19	13615000	13616000
chr19	13617000	13618000
chr19	13618000	13619000
chr19	13619000	13620000
chr19	13620000	13621000
chr19	13621000	13622000
chr19	13624000	13625000
chr19	13627000	13628000
chr19	13635000	13636000
chr19	13637000	13638000
chr19	13638000	13639000
chr19	13639000	13640000
chr19	13640000	13641000
chr19	13641000	13642000
chr19	13642000	13643000
chr19	13644000	13645000
chr19	13645000	13646000
chr19	13646000	13647000
chr19	13649000	13650000
chr19	13651000	13652000
chr19	13652000	13653000
chr19	13657000	13658000
chr19	13658000	13659000
chr19	13660000	13661000
chr19	13661000	13662000
chr19	13662000	13663000
chr19	13663000	13664000
chr19	13665000	13666000
chr19	13668000	13669000
chr19	13670000	13671000
chr19	13671000	13672000
chr19	13673000	13674000
chr19	13674000	13675000
chr19	13676000	13677000
chr19	13677000	13678000
chr19	13678000	13679000
chr19	13680000	13681000
chr19	13681000	13682000
chr19	13682000	13683000
chr19	13683000	13684000
chr19	13684000	13685000
chr19	13685000	13686000
chr19	13686000	13687000
chr19	13687000	13688000
chr19	13688000	13689000
chr19	13689000	13690000
chr19	13690000	13691000
chr19	13692000	13693000
chr19	13693000	13694000
chr19	13696000	13697000
chr19	13697000	13698000
chr19	13698000	13699000
chr19	13699000	13700000
chr19	13700000	13701000
chr19	13701000	13702000
chr19	13704000	13705000
chr19	13705000	13706000
chr19	13706000	13707000
chr19	13715000	13716000
chr19	13716000	13717000
chr19	13717000	13718000
chr19	13718000	13719000
chr19	13719000	13720000
chr19	13720000	13721000
chr19	13723000	13724000
chr19	13724000	13725000
chr19	13725000	13726000
chr19	13727000	13728000
chr19	13728000	13729000
chr19	13730000	13731000
chr19	13731000	13732000
chr19	13732000	13733000
chr19	13734000	13735000
chr19	13735000	13736000
chr19	13736000	13737000
chr19	13737000	13738000
chr19	13742000	13743000
chr19	13743000	13744000
chr19	13744000	13745000
chr19	13745000	13746000
chr19	13746000	13747000
chr19	13747000	13748000
chr19	13748000	13749000
chr19	13749000	13750000
chr19	13751000	13752000
chr19	13752000	13753000
chr19	13753000	13754000
chr19	13754000	13755000
chr19	13755000	13756000
chr19	13756000	13757000
chr19	13757000	13758000
chr19	13758000	13759000
chr19	13759000	13760000
chr19	13760000	13761000
chr19	13762000	13763000
chr19	13763000	13764000
chr19	13764000	13765000
chr19	13765000	13766000
chr19	13766000	13767000
chr19	13767000	13768000
chr19	13768000	13769000
chr19	13769000	13770000
chr19	13770000	13771000
chr19	13772000	13773000
chr19	13773000	13774000
chr19	13774000	13775000
chr19	13777000	13778000
chr19	13778000	13779000
chr19	13779000	13780000
chr19	13780000	13781000
chr19	13781000	13782000
chr19	13782000	13783000
chr19	13783000	13784000
chr19	13784000	13785000
chr19	13785000	13786000
chr19	13786000	13787000
chr19	13787000	13788000
chr19	13788000	13789000
chr19	13790000	13791000
chr19	13791000	13792000
chr19	13792000	13793000
chr19	13793000	13794000
chr19	13794000	13795000
chr19	13795000	13796000
chr19	13796000	13797000
chr19	13797000	13798000
chr19	13798000	13799000
chr19	13799000	13800000
chr19	13800000	13801000
chr19	13801000	13802000
chr19	13802000	13803000
chr19	13804000	13805000
chr19	13805000	13806000
chr19	13807000	13808000
chr19	13808000	13809000
chr19	13809000	13810000
chr19	13810000	13811000
chr19	13811000	13812000
chr19	13812000	13813000
chr19	13813000	13814000
chr19	13814000	13815000
chr19	13815000	13816000
chr19	13816000	13817000
chr19	13818000	13819000
chr19	13821000	13822000
chr19	13822000	13823000
chr19	13823000	13824000
chr19	13824000	13825000
chr19	13825000	13826000
chr19	13826000	13827000
chr19	13827000	13828000
chr19	13828000	13829000
chr19	13829000	13830000
chr19	13830000	13831000
chr19	13831000	13832000
chr19	13832000	13833000
chr19	13833000	13834000
chr19	13834000	13835000
chr19	13837000	13838000
chr19	13838000	13839000
chr19	13839000	13840000
chr19	13840000	13841000
chr19	13841000	13842000
chr19	13842000	13843000
chr19	13843000	13844000
chr19	13844000	13845000
chr19	13845000	13846000
chr19	13846000	13847000
chr19	13849000	13850000
chr19	13850000	13851000
chr19	13851000	13852000
chr19	13852000	13853000
chr19	13853000	13854000
chr19	13854000	13855000
chr19	13855000	13856000
chr19	13856000	13857000
chr19	13857000	13858000
chr19	13858000	13859000
chr19	13859000	13860000
chr19	13860000	13861000
chr19	13861000	13862000
chr19	13862000	13863000
chr19	13863000	13864000
chr19	13864000	13865000
chr19	13868000	13869000
chr19	13869000	13870000
chr19	13872000	13873000
chr19	13873000	13874000
chr19	13874000	13875000
chr19	13875000	13876000
chr19	13876000	13877000
chr19	13877000	13878000
chr19	13878000	13879000
chr19	13879000	13880000
chr19	13880000	13881000
chr19	13881000	13882000
chr19	13883000	13884000
chr19	13885000	13886000
chr19	13889000	13890000
chr19	13890000	13891000
chr19	13891000	13892000
chr19	13892000	13893000
chr19	13893000	13894000
chr19	13894000	13895000
chr19	13895000	13896000
chr19	13896000	13897000
chr19	13899000	13900000
chr19	13900000	13901000
chr19	13901000	13902000
chr19	13902000	13903000
chr19	13903000	13904000
chr19	13904000	13905000
chr19	13905000	13906000
chr19	13907000	13908000
chr19	13909000	13910000
chr19	13913000	13914000
chr19	13914000	13915000
chr19	13916000	13917000
chr19	13919000	13920000
chr19	13921000	13922000
chr19	13923000	13924000
chr19	13924000	13925000
chr19	13925000	13926000
chr19	13926000	13927000
chr19	13927000	13928000
chr19	13928000	13929000
chr19	13930000	13931000
chr19	13934000	13935000
chr19	13936000	13937000
chr19	13939000	13940000
chr19	13941000	13942000
chr19	13943000	13944000
chr19	13944000	13945000
chr19	13946000	13947000
chr19	13948000	13949000
chr19	13949000	13950000
chr19	13950000	13951000
chr19	13951000	13952000
chr19	13952000	13953000
chr19	13953000	13954000
chr19	13954000	13955000
chr19	13956000	13957000
chr19	13957000	13958000
chr19	13958000	13959000
chr19	13959000	13960000
chr19	13962000	13963000
chr19	13963000	13964000
chr19	13964000	13965000
chr19	13965000	13966000
chr19	13966000	13967000
chr19	13968000	13969000
chr19	13971000	13972000
chr19	13975000	13976000
chr19	13976000	13977000
chr19	13977000	13978000
chr19	13979000	13980000
chr19	13980000	13981000
chr19	13984000	13985000
chr19	13986000	13987000
chr19	13987000	13988000
chr19	13990000	13991000
chr19	13991000	13992000
chr19	14004000	14005000
chr19	14005000	14006000
chr19	14007000	14008000
chr19	14008000	14009000
chr19	14009000	14010000
chr19	14010000	14011000
chr19	14011000	14012000
chr19	14013000	14014000
chr19	14014000	14015000
chr19	14015000	14016000
chr19	14016000	14017000
chr19	14017000	14018000
chr19	14019000	14020000
chr19	14022000	14023000
chr19	14024000	14025000
chr19	14028000	14029000
chr19	14038000	14039000
chr19	14042000	14043000
chr19	14043000	14044000
chr19	14044000	14045000
chr19	14045000	14046000
chr19	14046000	14047000
chr19	14047000	14048000
chr19	14048000	14049000
chr19	14049000	14050000
chr19	14050000	14051000
chr19	14052000	14053000
chr19	14054000	14055000
chr19	14055000	14056000
chr19	14056000	14057000
chr19	14057000	14058000
chr19	14058000	14059000
chr19	14059000	14060000
chr19	14061000	14062000
chr19	14062000	14063000
chr19	14063000	14064000
chr19	14068000	14069000
chr19	14069000	14070000
chr19	14070000	14071000
chr19	14071000	14072000
chr19	14073000	14074000
chr19	14074000	14075000
chr19	14075000	14076000
chr19	14077000	14078000
chr19	14078000	14079000
chr19	14079000	14080000
chr19	14080000	14081000
chr19	14081000	14082000
chr19	14082000	14083000
chr19	14083000	14084000
chr19	14084000	14085000
chr19	14085000	14086000
chr19	14086000	14087000
chr19	14090000	14091000
chr19	14091000	14092000
chr19	14093000	14094000
chr19	14094000	14095000
chr19	14095000	14096000
chr19	14096000	14097000
chr19	14099000	14100000
chr19	14101000	14102000
chr19	14103000	14104000
chr19	14108000	14109000
chr19	14109000	14110000
chr19	14110000	14111000
chr19	14114000	14115000
chr19	14116000	14117000
chr19	14118000	14119000
chr19	14122000	14123000
chr19	14123000	14124000
chr19	14125000	14126000
chr19	14128000	14129000
chr19	14132000	14133000
chr19	14133000	14134000
chr19	14134000	14135000
chr19	14135000	14136000
chr19	14137000	14138000
chr19	14138000	14139000
chr19	14142000	14143000
chr19	14143000	14144000
chr19	14144000	14145000
chr19	14145000	14146000
chr19	14146000	14147000
chr19	14147000	14148000
chr19	14149000	14150000
chr19	14150000	14151000
chr19	14155000	14156000
chr19	14158000	14159000
chr19	14160000	14161000
chr19	14161000	14162000
chr19	14163000	14164000
chr19	14164000	14165000
chr19	14165000	14166000
chr19	14166000	14167000
chr19	14167000	14168000
chr19	14168000	14169000
chr19	14169000	14170000
chr19	14171000	14172000
chr19	14172000	14173000
chr19	14173000	14174000
chr19	14176000	14177000
chr19	14177000	14178000
chr19	14178000	14179000
chr19	14179000	14180000
chr19	14180000	14181000
chr19	14184000	14185000
chr19	14186000	14187000
chr19	14187000	14188000
chr19	14188000	14189000
chr19	14189000	14190000
chr19	14190000	14191000
chr19	14191000	14192000
chr19	14193000	14194000
chr19	14194000	14195000
chr19	14195000	14196000
chr19	14196000	14197000
chr19	14197000	14198000
chr19	14199000	14200000
chr19	14201000	14202000
chr19	14202000	14203000
chr19	14203000	14204000
chr19	14204000	14205000
chr19	14205000	14206000
chr19	14206000	14207000
chr19	14208000	14209000
chr19	14209000	14210000
chr19	14211000	14212000
chr19	14212000	14213000
chr19	14214000	14215000
chr19	14215000	14216000
chr19	14216000	14217000
chr19	14218000	14219000
chr19	14219000	14220000
chr19	14220000	14221000
chr19	14223000	14224000
chr19	14224000	14225000
chr19	14225000	14226000
chr19	14227000	14228000
chr19	14228000	14229000
chr19	14229000	14230000
chr19	14230000	14231000
chr19	14231000	14232000
chr19	14234000	14235000
chr19	14238000	14239000
chr19	14239000	14240000
chr19	14240000	14241000
chr19	14243000	14244000
chr19	14244000	14245000
chr19	14246000	14247000
chr19	14249000	14250000
chr19	14251000	14252000
chr19	14252000	14253000
chr19	14253000	14254000
chr19	14254000	14255000
chr19	14255000	14256000
chr19	14256000	14257000
chr19	14257000	14258000
chr19	14258000	14259000
chr19	14259000	14260000
chr19	14260000	14261000
chr19	14261000	14262000
chr19	14262000	14263000
chr19	14264000	14265000
chr19	14265000	14266000
chr19	14266000	14267000
chr19	14267000	14268000
chr19	14268000	14269000
chr19	14269000	14270000
chr19	14270000	14271000
chr19	14271000	14272000
chr19	14272000	14273000
chr19	14273000	14274000
chr19	14278000	14279000
chr19	14279000	14280000
chr19	14280000	14281000
chr19	14281000	14282000
chr19	14285000	14286000
chr19	14286000	14287000
chr19	14287000	14288000
chr19	14288000	14289000
chr19	14289000	14290000
chr19	14291000	14292000
chr19	14292000	14293000
chr19	14294000	14295000
chr19	14296000	14297000
chr19	14317000	14318000
chr19	14318000	14319000
chr19	14319000	14320000
chr19	14320000	14321000
chr19	14321000	14322000
chr19	14323000	14324000
chr19	14325000	14326000
chr19	14326000	14327000
chr19	14328000	14329000
chr19	14331000	14332000
chr19	14336000	14337000
chr19	14342000	14343000
chr19	14343000	14344000
chr19	14344000	14345000
chr19	14345000	14346000
chr19	14347000	14348000
chr19	14348000	14349000
chr19	14349000	14350000
chr19	14351000	14352000
chr19	14352000	14353000
chr19	14355000	14356000
chr19	14356000	14357000
chr19	14357000	14358000
chr19	14359000	14360000
chr19	14365000	14366000
chr19	14366000	14367000
chr19	14367000	14368000
chr19	14368000	14369000
chr19	14371000	14372000
chr19	14372000	14373000
chr19	14376000	14377000
chr19	14378000	14379000
chr19	14379000	14380000
chr19	14380000	14381000
chr19	14381000	14382000
chr19	14384000	14385000
chr19	14385000	14386000
chr19	14386000	14387000
chr19	14387000	14388000
chr19	14388000	14389000
chr19	14389000	14390000
chr19	14390000	14391000
chr19	14391000	14392000
chr19	14393000	14394000
chr19	14394000	14395000
chr19	14395000	14396000
chr19	14396000	14397000
chr19	14397000	14398000
chr19	14398000	14399000
chr19	14399000	14400000
chr19	14400000	14401000
chr19	14401000	14402000
chr19	14402000	14403000
chr19	14403000	14404000
chr19	14404000	14405000
chr19	14405000	14406000
chr19	14406000	14407000
chr19	14407000	14408000
chr19	14408000	14409000
chr19	14409000	14410000
chr19	14410000	14411000
chr19	14413000	14414000
chr19	14417000	14418000
chr19	14419000	14420000
chr19	14420000	14421000
chr19	14421000	14422000
chr19	14422000	14423000
chr19	14423000	14424000
chr19	14424000	14425000
chr19	14425000	14426000
chr19	14426000	14427000
chr19	14427000	14428000
chr19	14428000	14429000
chr19	14429000	14430000
chr19	14430000	14431000
chr19	14431000	14432000
chr19	14432000	14433000
chr19	14433000	14434000
chr19	14434000	14435000
chr19	14436000	14437000
chr19	14437000	14438000
chr19	14439000	14440000
chr19	14440000	14441000
chr19	14441000	14442000
chr19	14442000	14443000
chr19	14444000	14445000
chr19	14447000	14448000
chr19	14450000	14451000
chr19	14451000	14452000
chr19	14452000	14453000
chr19	14454000	14455000
chr19	14457000	14458000
chr19	14458000	14459000
chr19	14459000	14460000
chr19	14460000	14461000
chr19	14462000	14463000
chr19	14464000	14465000
chr19	14466000	14467000
chr19	14467000	14468000
chr19	14468000	14469000
chr19	14469000	14470000
chr19	14470000	14471000
chr19	14472000	14473000
chr19	14473000	14474000
chr19	14477000	14478000
chr19	14479000	14480000
chr19	14480000	14481000
chr19	14485000	14486000
chr19	14487000	14488000
chr19	14490000	14491000
chr19	14498000	14499000
chr19	14499000	14500000
chr19	14502000	14503000
chr19	14503000	14504000
chr19	14510000	14511000
chr19	14523000	14524000
chr19	14527000	14528000
chr19	14533000	14534000
chr19	14534000	14535000
chr19	14550000	14551000
chr19	14551000	14552000
chr19	14558000	14559000
chr19	14561000	14562000
chr19	14562000	14563000
chr19	14566000	14567000
chr19	14569000	14570000
chr19	14570000	14571000
chr19	14587000	14588000
chr19	14588000	14589000
chr19	14589000	14590000
chr19	14590000	14591000
chr19	14591000	14592000
chr19	14594000	14595000
chr19	14595000	14596000
chr19	14597000	14598000
chr19	14598000	14599000
chr19	14601000	14602000
chr19	14604000	14605000
chr19	14605000	14606000
chr19	14607000	14608000
chr19	14610000	14611000
chr19	14611000	14612000
chr19	14612000	14613000
chr19	14613000	14614000
chr19	14614000	14615000
chr19	14615000	14616000
chr19	14616000	14617000
chr19	14617000	14618000
chr19	14620000	14621000
chr19	14622000	14623000
chr19	14623000	14624000
chr19	14624000	14625000
chr19	14625000	14626000
chr19	14627000	14628000
chr19	14629000	14630000
chr19	14630000	14631000
chr19	14631000	14632000
chr19	14632000	14633000
chr19	14633000	14634000
chr19	14634000	14635000
chr19	14635000	14636000
chr19	14636000	14637000
chr19	14638000	14639000
chr19	14639000	14640000
chr19	14641000	14642000
chr19	14642000	14643000
chr19	14643000	14644000
chr19	14645000	14646000
chr19	14646000	14647000
chr19	14648000	14649000
chr19	14649000	14650000
chr19	14651000	14652000
chr19	14654000	14655000
chr19	14655000	14656000
chr19	14656000	14657000
chr19	14657000	14658000
chr19	14658000	14659000
chr19	14659000	14660000
chr19	14660000	14661000
chr19	14661000	14662000
chr19	14662000	14663000
chr19	14665000	14666000
chr19	14666000	14667000
chr19	14667000	14668000
chr19	14668000	14669000
chr19	14669000	14670000
chr19	14670000	14671000
chr19	14671000	14672000
chr19	14672000	14673000
chr19	14674000	14675000
chr19	14676000	14677000
chr19	14677000	14678000
chr19	14678000	14679000
chr19	14679000	14680000
chr19	14680000	14681000
chr19	14681000	14682000
chr19	14682000	14683000
chr19	14683000	14684000
chr19	14684000	14685000
chr19	14685000	14686000
chr19	14686000	14687000
chr19	14687000	14688000
chr19	14688000	14689000
chr19	14689000	14690000
chr19	14691000	14692000
chr19	14692000	14693000
chr19	14693000	14694000
chr19	14694000	14695000
chr19	14695000	14696000
chr19	14696000	14697000
chr19	14699000	14700000
chr19	14700000	14701000
chr19	14701000	14702000
chr19	14702000	14703000
chr19	14703000	14704000
chr19	14704000	14705000
chr19	14705000	14706000
chr19	14706000	14707000
chr19	14708000	14709000
chr19	14709000	14710000
chr19	14710000	14711000
chr19	14711000	14712000
chr19	14712000	14713000
chr19	14713000	14714000
chr19	14714000	14715000
chr19	14715000	14716000
chr19	14716000	14717000
chr19	14717000	14718000
chr19	14718000	14719000
chr19	14719000	14720000
chr19	14720000	14721000
chr19	14721000	14722000
chr19	14722000	14723000
chr19	14723000	14724000
chr19	14724000	14725000
chr19	14725000	14726000
chr19	14727000	14728000
chr19	14728000	14729000
chr19	14729000	14730000
chr19	14731000	14732000
chr19	14732000	14733000
chr19	14733000	14734000
chr19	14734000	14735000
chr19	14735000	14736000
chr19	14736000	14737000
chr19	14737000	14738000
chr19	14738000	14739000
chr19	14739000	14740000
chr19	14740000	14741000
chr19	14741000	14742000
chr19	14742000	14743000
chr19	14743000	14744000
chr19	14748000	14749000
chr19	14759000	14760000
chr19	14760000	14761000
chr19	14761000	14762000
chr19	14762000	14763000
chr19	14763000	14764000
chr19	14764000	14765000
chr19	14765000	14766000
chr19	14766000	14767000
chr19	14768000	14769000
chr19	14769000	14770000
chr19	14771000	14772000
chr19	14772000	14773000
chr19	14773000	14774000
chr19	14774000	14775000
chr19	14775000	14776000
chr19	14776000	14777000
chr19	14777000	14778000
chr19	14779000	14780000
chr19	14780000	14781000
chr19	14781000	14782000
chr19	14782000	14783000
chr19	14783000	14784000
chr19	14784000	14785000
chr19	14787000	14788000
chr19	14789000	14790000
chr19	14791000	14792000
chr19	14792000	14793000
chr19	14793000	14794000
chr19	14794000	14795000
chr19	14795000	14796000
chr19	14796000	14797000
chr19	14797000	14798000
chr19	14799000	14800000
chr19	14800000	14801000
chr19	14801000	14802000
chr19	14802000	14803000
chr19	14803000	14804000
chr19	14804000	14805000
chr19	14805000	14806000
chr19	14806000	14807000
chr19	14807000	14808000
chr19	14808000	14809000
chr19	14809000	14810000
chr19	14810000	14811000
chr19	14811000	14812000
chr19	14812000	14813000
chr19	14813000	14814000
chr19	14814000	14815000
chr19	14815000	14816000
chr19	14816000	14817000
chr19	14817000	14818000
chr19	14818000	14819000
chr19	14819000	14820000
chr19	14820000	14821000
chr19	14821000	14822000
chr19	14822000	14823000
chr19	14823000	14824000
chr19	14827000	14828000
chr19	14828000	14829000
chr19	14829000	14830000
chr19	14830000	14831000
chr19	14831000	14832000
chr19	14832000	14833000
chr19	14833000	14834000
chr19	14834000	14835000
chr19	14835000	14836000
chr19	14836000	14837000
chr19	14837000	14838000
chr19	14838000	14839000
chr19	14839000	14840000
chr19	14840000	14841000
chr19	14841000	14842000
chr19	14842000	14843000
chr19	14843000	14844000
chr19	14844000	14845000
chr19	14845000	14846000
chr19	14846000	14847000
chr19	14847000	14848000
chr19	14848000	14849000
chr19	14849000	14850000
chr19	14850000	14851000
chr19	14851000	14852000
chr19	14852000	14853000
chr19	14853000	14854000
chr19	14854000	14855000
chr19	14855000	14856000
chr19	14856000	14857000
chr19	14857000	14858000
chr19	14858000	14859000
chr19	14859000	14860000
chr19	14860000	14861000
chr19	14861000	14862000
chr19	14863000	14864000
chr19	14864000	14865000
chr19	14866000	14867000
chr19	14867000	14868000
chr19	14868000	14869000
chr19	14869000	14870000
chr19	14870000	14871000
chr19	14871000	14872000
chr19	14872000	14873000
chr19	14883000	14884000
chr19	14884000	14885000
chr19	14885000	14886000
chr19	14886000	14887000
chr19	14888000	14889000
chr19	14890000	14891000
chr19	14891000	14892000
chr19	14892000	14893000
chr19	14893000	14894000
chr19	14894000	14895000
chr19	14895000	14896000
chr19	14896000	14897000
chr19	14898000	14899000
chr19	14900000	14901000
chr19	14901000	14902000
chr19	14902000	14903000
chr19	14903000	14904000
chr19	14904000	14905000
chr19	14905000	14906000
chr19	14906000	14907000
chr19	14907000	14908000
chr19	14908000	14909000
chr19	14909000	14910000
chr19	14910000	14911000
chr19	14911000	14912000
chr19	14912000	14913000
chr19	14913000	14914000
chr19	14914000	14915000
chr19	14915000	14916000
chr19	14916000	14917000
chr19	14917000	14918000
chr19	14918000	14919000
chr19	14919000	14920000
chr19	14920000	14921000
chr19	14921000	14922000
chr19	14922000	14923000
chr19	14923000	14924000
chr19	14924000	14925000
chr19	14925000	14926000
chr19	14928000	14929000
chr19	14929000	14930000
chr19	14930000	14931000
chr19	14931000	14932000
chr19	14932000	14933000
chr19	14933000	14934000
chr19	14934000	14935000
chr19	14937000	14938000
chr19	14938000	14939000
chr19	14939000	14940000
chr19	14940000	14941000
chr19	14941000	14942000
chr19	14942000	14943000
chr19	14943000	14944000
chr19	14944000	14945000
chr19	14945000	14946000
chr19	14946000	14947000
chr19	14947000	14948000
chr19	14948000	14949000
chr19	14953000	14954000
chr19	14954000	14955000
chr19	14962000	14963000
chr19	14964000	14965000
chr19	14966000	14967000
chr19	14967000	14968000
chr19	14968000	14969000
chr19	14969000	14970000
chr19	14970000	14971000
chr19	14972000	14973000
chr19	14973000	14974000
chr19	14974000	14975000
chr19	14975000	14976000
chr19	14976000	14977000
chr19	14978000	14979000
chr19	14979000	14980000
chr19	14980000	14981000
chr19	14990000	14991000
chr19	14992000	14993000
chr19	14993000	14994000
chr19	14994000	14995000
chr19	14996000	14997000
chr19	14997000	14998000
chr19	14998000	14999000
chr19	14999000	15000000
chr19	15000000	15001000
chr19	15001000	15002000
chr19	15002000	15003000
chr19	15003000	15004000
chr19	15010000	15011000
chr19	15011000	15012000
chr19	15012000	15013000
chr19	15013000	15014000
chr19	15014000	15015000
chr19	15017000	15018000
chr19	15018000	15019000
chr19	15021000	15022000
chr19	15024000	15025000
chr19	15025000	15026000
chr19	15027000	15028000
chr19	15028000	15029000
chr19	15029000	15030000
chr19	15030000	15031000
chr19	15032000	15033000
chr19	15033000	15034000
chr19	15034000	15035000
chr19	15035000	15036000
chr19	15036000	15037000
chr19	15038000	15039000
chr19	15039000	15040000
chr19	15040000	15041000
chr19	15041000	15042000
chr19	15042000	15043000
chr19	15044000	15045000
chr19	15046000	15047000
chr19	15048000	15049000
chr19	15049000	15050000
chr19	15050000	15051000
chr19	15051000	15052000
chr19	15052000	15053000
chr19	15053000	15054000
chr19	15054000	15055000
chr19	15055000	15056000
chr19	15056000	15057000
chr19	15058000	15059000
chr19	15059000	15060000
chr19	15060000	15061000
chr19	15061000	15062000
chr19	15062000	15063000
chr19	15063000	15064000
chr19	15064000	15065000
chr19	15068000	15069000
chr19	15069000	15070000
chr19	15070000	15071000
chr19	15072000	15073000
chr19	15073000	15074000
chr19	15074000	15075000
chr19	15076000	15077000
chr19	15077000	15078000
chr19	15078000	15079000
chr19	15079000	15080000
chr19	15080000	15081000
chr19	15081000	15082000
chr19	15085000	15086000
chr19	15086000	15087000
chr19	15087000	15088000
chr19	15088000	15089000
chr19	15089000	15090000
chr19	15091000	15092000
chr19	15092000	15093000
chr19	15094000	15095000
chr19	15095000	15096000
chr19	15096000	15097000
chr19	15097000	15098000
chr19	15098000	15099000
chr19	15100000	15101000
chr19	15101000	15102000
chr19	15103000	15104000
chr19	15105000	15106000
chr19	15106000	15107000
chr19	15110000	15111000
chr19	15111000	15112000
chr19	15114000	15115000
chr19	15116000	15117000
chr19	15119000	15120000
chr19	15120000	15121000
chr19	15121000	15122000
chr19	15122000	15123000
chr19	15123000	15124000
chr19	15125000	15126000
chr19	15126000	15127000
chr19	15127000	15128000
chr19	15128000	15129000
chr19	15129000	15130000
chr19	15130000	15131000
chr19	15131000	15132000
chr19	15132000	15133000
chr19	15134000	15135000
chr19	15135000	15136000
chr19	15137000	15138000
chr19	15138000	15139000
chr19	15139000	15140000
chr19	15144000	15145000
chr19	15147000	15148000
chr19	15150000	15151000
chr19	15151000	15152000
chr19	15152000	15153000
chr19	15155000	15156000
chr19	15156000	15157000
chr19	15157000	15158000
chr19	15158000	15159000
chr19	15161000	15162000
chr19	15162000	15163000
chr19	15163000	15164000
chr19	15165000	15166000
chr19	15166000	15167000
chr19	15167000	15168000
chr19	15168000	15169000
chr19	15169000	15170000
chr19	15170000	15171000
chr19	15171000	15172000
chr19	15172000	15173000
chr19	15174000	15175000
chr19	15178000	15179000
chr19	15179000	15180000
chr19	15180000	15181000
chr19	15181000	15182000
chr19	15182000	15183000
chr19	15183000	15184000
chr19	15184000	15185000
chr19	15185000	15186000
chr19	15187000	15188000
chr19	15188000	15189000
chr19	15189000	15190000
chr19	15190000	15191000
chr19	15191000	15192000
chr19	15192000	15193000
chr19	15193000	15194000
chr19	15194000	15195000
chr19	15195000	15196000
chr19	15196000	15197000
chr19	15197000	15198000
chr19	15198000	15199000
chr19	15199000	15200000
chr19	15200000	15201000
chr19	15201000	15202000
chr19	15202000	15203000
chr19	15203000	15204000
chr19	15204000	15205000
chr19	15205000	15206000
chr19	15206000	15207000
chr19	15207000	15208000
chr19	15208000	15209000
chr19	15209000	15210000
chr19	15210000	15211000
chr19	15212000	15213000
chr19	15214000	15215000
chr19	15217000	15218000
chr19	15218000	15219000
chr19	15219000	15220000
chr19	15220000	15221000
chr19	15221000	15222000
chr19	15222000	15223000
chr19	15223000	15224000
chr19	15224000	15225000
chr19	15225000	15226000
chr19	15226000	15227000
chr19	15227000	15228000
chr19	15228000	15229000
chr19	15229000	15230000
chr19	15233000	15234000
chr19	15234000	15235000
chr19	15236000	15237000
chr19	15237000	15238000
chr19	15238000	15239000
chr19	15239000	15240000
chr19	15240000	15241000
chr19	15241000	15242000
chr19	15242000	15243000
chr19	15243000	15244000
chr19	15244000	15245000
chr19	15246000	15247000
chr19	15247000	15248000
chr19	15248000	15249000
chr19	15249000	15250000
chr19	15250000	15251000
chr19	15251000	15252000
chr19	15252000	15253000
chr19	15253000	15254000
chr19	15254000	15255000
chr19	15255000	15256000
chr19	15256000	15257000
chr19	15257000	15258000
chr19	15263000	15264000
chr19	15264000	15265000
chr19	15265000	15266000
chr19	15266000	15267000
chr19	15267000	15268000
chr19	15268000	15269000
chr19	15269000	15270000
chr19	15271000	15272000
chr19	15274000	15275000
chr19	15275000	15276000
chr19	15276000	15277000
chr19	15277000	15278000
chr19	15279000	15280000
chr19	15281000	15282000
chr19	15283000	15284000
chr19	15284000	15285000
chr19	15285000	15286000
chr19	15287000	15288000
chr19	15288000	15289000
chr19	15289000	15290000
chr19	15290000	15291000
chr19	15291000	15292000
chr19	15293000	15294000
chr19	15294000	15295000
chr19	15295000	15296000
chr19	15298000	15299000
chr19	15299000	15300000
chr19	15300000	15301000
chr19	15301000	15302000
chr19	15302000	15303000
chr19	15303000	15304000
chr19	15304000	15305000
chr19	15305000	15306000
chr19	15306000	15307000
chr19	15307000	15308000
chr19	15309000	15310000
chr19	15312000	15313000
chr19	15313000	15314000
chr19	15314000	15315000
chr19	15315000	15316000
chr19	15317000	15318000
chr19	15318000	15319000
chr19	15319000	15320000
chr19	15320000	15321000
chr19	15322000	15323000
chr19	15323000	15324000
chr19	15325000	15326000
chr19	15326000	15327000
chr19	15328000	15329000
chr19	15329000	15330000
chr19	15330000	15331000
chr19	15331000	15332000
chr19	15333000	15334000
chr19	15334000	15335000
chr19	15336000	15337000
chr19	15341000	15342000
chr19	15343000	15344000
chr19	15344000	15345000
chr19	15347000	15348000
chr19	15348000	15349000
chr19	15349000	15350000
chr19	15350000	15351000
chr19	15354000	15355000
chr19	15355000	15356000
chr19	15356000	15357000
chr19	15357000	15358000
chr19	15358000	15359000
chr19	15360000	15361000
chr19	15361000	15362000
chr19	15362000	15363000
chr19	15363000	15364000
chr19	15364000	15365000
chr19	15367000	15368000
chr19	15368000	15369000
chr19	15369000	15370000
chr19	15370000	15371000
chr19	15371000	15372000
chr19	15372000	15373000
chr19	15373000	15374000
chr19	15374000	15375000
chr19	15375000	15376000
chr19	15376000	15377000
chr19	15377000	15378000
chr19	15378000	15379000
chr19	15381000	15382000
chr19	15382000	15383000
chr19	15383000	15384000
chr19	15384000	15385000
chr19	15386000	15387000
chr19	15387000	15388000
chr19	15388000	15389000
chr19	15389000	15390000
chr19	15390000	15391000
chr19	15391000	15392000
chr19	15393000	15394000
chr19	15394000	15395000
chr19	15395000	15396000
chr19	15396000	15397000
chr19	15398000	15399000
chr19	15400000	15401000
chr19	15402000	15403000
chr19	15403000	15404000
chr19	15404000	15405000
chr19	15405000	15406000
chr19	15406000	15407000
chr19	15407000	15408000
chr19	15408000	15409000
chr19	15410000	15411000
chr19	15415000	15416000
chr19	15416000	15417000
chr19	15418000	15419000
chr19	15419000	15420000
chr19	15420000	15421000
chr19	15428000	15429000
chr19	15429000	15430000
chr19	15430000	15431000
chr19	15431000	15432000
chr19	15432000	15433000
chr19	15433000	15434000
chr19	15435000	15436000
chr19	15436000	15437000
chr19	15437000	15438000
chr19	15438000	15439000
chr19	15439000	15440000
chr19	15440000	15441000
chr19	15441000	15442000
chr19	15442000	15443000
chr19	15443000	15444000
chr19	15446000	15447000
chr19	15447000	15448000
chr19	15448000	15449000
chr19	15449000	15450000
chr19	15450000	15451000
chr19	15452000	15453000
chr19	15454000	15455000
chr19	15455000	15456000
chr19	15456000	15457000
chr19	15458000	15459000
chr19	15460000	15461000
chr19	15461000	15462000
chr19	15462000	15463000
chr19	15463000	15464000
chr19	15464000	15465000
chr19	15465000	15466000
chr19	15466000	15467000
chr19	15467000	15468000
chr19	15469000	15470000
chr19	15470000	15471000
chr19	15471000	15472000
chr19	15472000	15473000
chr19	15473000	15474000
chr19	15474000	15475000
chr19	15475000	15476000
chr19	15476000	15477000
chr19	15478000	15479000
chr19	15479000	15480000
chr19	15480000	15481000
chr19	15481000	15482000
chr19	15483000	15484000
chr19	15484000	15485000
chr19	15485000	15486000
chr19	15487000	15488000
chr19	15490000	15491000
chr19	15491000	15492000
chr19	15493000	15494000
chr19	15494000	15495000
chr19	15495000	15496000
chr19	15496000	15497000
chr19	15498000	15499000
chr19	15499000	15500000
chr19	15500000	15501000
chr19	15501000	15502000
chr19	15502000	15503000
chr19	15503000	15504000
chr19	15506000	15507000
chr19	15509000	15510000
chr19	15511000	15512000
chr19	15512000	15513000
chr19	15513000	15514000
chr19	15514000	15515000
chr19	15515000	15516000
chr19	15516000	15517000
chr19	15518000	15519000
chr19	15519000	15520000
chr19	15520000	15521000
chr19	15521000	15522000
chr19	15522000	15523000
chr19	15524000	15525000
chr19	15525000	15526000
chr19	15533000	15534000
chr19	15534000	15535000
chr19	15536000	15537000
chr19	15537000	15538000
chr19	15539000	15540000
chr19	15541000	15542000
chr19	15543000	15544000
chr19	15544000	15545000
chr19	15546000	15547000
chr19	15547000	15548000
chr19	15548000	15549000
chr19	15549000	15550000
chr19	15550000	15551000
chr19	15552000	15553000
chr19	15553000	15554000
chr19	15554000	15555000
chr19	15555000	15556000
chr19	15556000	15557000
chr19	15557000	15558000
chr19	15558000	15559000
chr19	15559000	15560000
chr19	15560000	15561000
chr19	15562000	15563000
chr19	15563000	15564000
chr19	15564000	15565000
chr19	15565000	15566000
chr19	15566000	15567000
chr19	15567000	15568000
chr19	15568000	15569000
chr19	15569000	15570000
chr19	15570000	15571000
chr19	15571000	15572000
chr19	15572000	15573000
chr19	15573000	15574000
chr19	15574000	15575000
chr19	15575000	15576000
chr19	15590000	15591000
chr19	15591000	15592000
chr19	15592000	15593000
chr19	15595000	15596000
chr19	15598000	15599000
chr19	15599000	15600000
chr19	15600000	15601000
chr19	15602000	15603000
chr19	15603000	15604000
chr19	15604000	15605000
chr19	15606000	15607000
chr19	15607000	15608000
chr19	15608000	15609000
chr19	15610000	15611000
chr19	15611000	15612000
chr19	15612000	15613000
chr19	15613000	15614000
chr19	15614000	15615000
chr19	15615000	15616000
chr19	15616000	15617000
chr19	15620000	15621000
chr19	15621000	15622000
chr19	15622000	15623000
chr19	15623000	15624000
chr19	15625000	15626000
chr19	15626000	15627000
chr19	15627000	15628000
chr19	15630000	15631000
chr19	15631000	15632000
chr19	15632000	15633000
chr19	15635000	15636000
chr19	15636000	15637000
chr19	15643000	15644000
chr19	15644000	15645000
chr19	15646000	15647000
chr19	15653000	15654000
chr19	15660000	15661000
chr19	15661000	15662000
chr19	15662000	15663000
chr19	15663000	15664000
chr19	15664000	15665000
chr19	15665000	15666000
chr19	15666000	15667000
chr19	15667000	15668000
chr19	15668000	15669000
chr19	15669000	15670000
chr19	15670000	15671000
chr19	15672000	15673000
chr19	15673000	15674000
chr19	15674000	15675000
chr19	15675000	15676000
chr19	15676000	15677000
chr19	15677000	15678000
chr19	15678000	15679000
chr19	15680000	15681000
chr19	15681000	15682000
chr19	15682000	15683000
chr19	15683000	15684000
chr19	15684000	15685000
chr19	15685000	15686000
chr19	15687000	15688000
chr19	15688000	15689000
chr19	15691000	15692000
chr19	15692000	15693000
chr19	15694000	15695000
chr19	15695000	15696000
chr19	15696000	15697000
chr19	15697000	15698000
chr19	15698000	15699000
chr19	15699000	15700000
chr19	15700000	15701000
chr19	15701000	15702000
chr19	15702000	15703000
chr19	15704000	15705000
chr19	15705000	15706000
chr19	15706000	15707000
chr19	15707000	15708000
chr19	15708000	15709000
chr19	15709000	15710000
chr19	15710000	15711000
chr19	15711000	15712000
chr19	15713000	15714000
chr19	15714000	15715000
chr19	15716000	15717000
chr19	15717000	15718000
chr19	15720000	15721000
chr19	15721000	15722000
chr19	15722000	15723000
chr19	15723000	15724000
chr19	15724000	15725000
chr19	15725000	15726000
chr19	15726000	15727000
chr19	15728000	15729000
chr19	15729000	15730000
chr19	15731000	15732000
chr19	15732000	15733000
chr19	15733000	15734000
chr19	15735000	15736000
chr19	15736000	15737000
chr19	15737000	15738000
chr19	15738000	15739000
chr19	15739000	15740000
chr19	15742000	15743000
chr19	15745000	15746000
chr19	15746000	15747000
chr19	15747000	15748000
chr19	15749000	15750000
chr19	15751000	15752000
chr19	15752000	15753000
chr19	15753000	15754000
chr19	15756000	15757000
chr19	15757000	15758000
chr19	15758000	15759000
chr19	15759000	15760000
chr19	15760000	15761000
chr19	15761000	15762000
chr19	15764000	15765000
chr19	15765000	15766000
chr19	15766000	15767000
chr19	15767000	15768000
chr19	15768000	15769000
chr19	15774000	15775000
chr19	15775000	15776000
chr19	15776000	15777000
chr19	15777000	15778000
chr19	15778000	15779000
chr19	15779000	15780000
chr19	15781000	15782000
chr19	15782000	15783000
chr19	15784000	15785000
chr19	15785000	15786000
chr19	15786000	15787000
chr19	15787000	15788000
chr19	15788000	15789000
chr19	15789000	15790000
chr19	15792000	15793000
chr19	15794000	15795000
chr19	15795000	15796000
chr19	15799000	15800000
chr19	15800000	15801000
chr19	15801000	15802000
chr19	15802000	15803000
chr19	15803000	15804000
chr19	15804000	15805000
chr19	15805000	15806000
chr19	15806000	15807000
chr19	15807000	15808000
chr19	15809000	15810000
chr19	15811000	15812000
chr19	15812000	15813000
chr19	15815000	15816000
chr19	15817000	15818000
chr19	15818000	15819000
chr19	15819000	15820000
chr19	15820000	15821000
chr19	15824000	15825000
chr19	15825000	15826000
chr19	15826000	15827000
chr19	15827000	15828000
chr19	15828000	15829000
chr19	15829000	15830000
chr19	15830000	15831000
chr19	15831000	15832000
chr19	15832000	15833000
chr19	15833000	15834000
chr19	15834000	15835000
chr19	15835000	15836000
chr19	15836000	15837000
chr19	15837000	15838000
chr19	15838000	15839000
chr19	15839000	15840000
chr19	15840000	15841000
chr19	15841000	15842000
chr19	15842000	15843000
chr19	15843000	15844000
chr19	15844000	15845000
chr19	15845000	15846000
chr19	15846000	15847000
chr19	15847000	15848000
chr19	15848000	15849000
chr19	15849000	15850000
chr19	15850000	15851000
chr19	15852000	15853000
chr19	15853000	15854000
chr19	15854000	15855000
chr19	15855000	15856000
chr19	15856000	15857000
chr19	15857000	15858000
chr19	15858000	15859000
chr19	15859000	15860000
chr19	15860000	15861000
chr19	15861000	15862000
chr19	15862000	15863000
chr19	15863000	15864000
chr19	15864000	15865000
chr19	15865000	15866000
chr19	15866000	15867000
chr19	15867000	15868000
chr19	15868000	15869000
chr19	15869000	15870000
chr19	15870000	15871000
chr19	15871000	15872000
chr19	15872000	15873000
chr19	15873000	15874000
chr19	15874000	15875000
chr19	15876000	15877000
chr19	15877000	15878000
chr19	15878000	15879000
chr19	15879000	15880000
chr19	15880000	15881000
chr19	15881000	15882000
chr19	15882000	15883000
chr19	15883000	15884000
chr19	15884000	15885000
chr19	15885000	15886000
chr19	15886000	15887000
chr19	15887000	15888000
chr19	15888000	15889000
chr19	15890000	15891000
chr19	15891000	15892000
chr19	15892000	15893000
chr19	15893000	15894000
chr19	15894000	15895000
chr19	15895000	15896000
chr19	15896000	15897000
chr19	15898000	15899000
chr19	15902000	15903000
chr19	15904000	15905000
chr19	15905000	15906000
chr19	15907000	15908000
chr19	15908000	15909000
chr19	15910000	15911000
chr19	15911000	15912000
chr19	15912000	15913000
chr19	15913000	15914000
chr19	15914000	15915000
chr19	15915000	15916000
chr19	15916000	15917000
chr19	15917000	15918000
chr19	15918000	15919000
chr19	15919000	15920000
chr19	15920000	15921000
chr19	15922000	15923000
chr19	15923000	15924000
chr19	15924000	15925000
chr19	15925000	15926000
chr19	15926000	15927000
chr19	15927000	15928000
chr19	15928000	15929000
chr19	15929000	15930000
chr19	15930000	15931000
chr19	15931000	15932000
chr19	15932000	15933000
chr19	15933000	15934000
chr19	15934000	15935000
chr19	15935000	15936000
chr19	15936000	15937000
chr19	15937000	15938000
chr19	15938000	15939000
chr19	15939000	15940000
chr19	15940000	15941000
chr19	15941000	15942000
chr19	15942000	15943000
chr19	15943000	15944000
chr19	15944000	15945000
chr19	15945000	15946000
chr19	15946000	15947000
chr19	15947000	15948000
chr19	15948000	15949000
chr19	15949000	15950000
chr19	15950000	15951000
chr19	15951000	15952000
chr19	15952000	15953000
chr19	15953000	15954000
chr19	15954000	15955000
chr19	15955000	15956000
chr19	15956000	15957000
chr19	15957000	15958000
chr19	15958000	15959000
chr19	15959000	15960000
chr19	15960000	15961000
chr19	15961000	15962000
chr19	15962000	15963000
chr19	15964000	15965000
chr19	15965000	15966000
chr19	15966000	15967000
chr19	15967000	15968000
chr19	15968000	15969000
chr19	15969000	15970000
chr19	15970000	15971000
chr19	15971000	15972000
chr19	15972000	15973000
chr19	15973000	15974000
chr19	15974000	15975000
chr19	15975000	15976000
chr19	15976000	15977000
chr19	15977000	15978000
chr19	15978000	15979000
chr19	15979000	15980000
chr19	15980000	15981000
chr19	15981000	15982000
chr19	15982000	15983000
chr19	15983000	15984000
chr19	15986000	15987000
chr19	15987000	15988000
chr19	15988000	15989000
chr19	15989000	15990000
chr19	15990000	15991000
chr19	15991000	15992000
chr19	15992000	15993000
chr19	15993000	15994000
chr19	15994000	15995000
chr19	15995000	15996000
chr19	15996000	15997000
chr19	15997000	15998000
chr19	15998000	15999000
chr19	15999000	16000000
chr19	16000000	16001000
chr19	16002000	16003000
chr19	16007000	16008000
chr19	16008000	16009000
chr19	16009000	16010000
chr19	16010000	16011000
chr19	16011000	16012000
chr19	16012000	16013000
chr19	16013000	16014000
chr19	16014000	16015000
chr19	16015000	16016000
chr19	16016000	16017000
chr19	16018000	16019000
chr19	16019000	16020000
chr19	16020000	16021000
chr19	16021000	16022000
chr19	16022000	16023000
chr19	16023000	16024000
chr19	16024000	16025000
chr19	16025000	16026000
chr19	16026000	16027000
chr19	16027000	16028000
chr19	16028000	16029000
chr19	16029000	16030000
chr19	16032000	16033000
chr19	16036000	16037000
chr19	16038000	16039000
chr19	16040000	16041000
chr19	16044000	16045000
chr19	16049000	16050000
chr19	16051000	16052000
chr19	16052000	16053000
chr19	16053000	16054000
chr19	16054000	16055000
chr19	16057000	16058000
chr19	16058000	16059000
chr19	16059000	16060000
chr19	16060000	16061000
chr19	16061000	16062000
chr19	16062000	16063000
chr19	16065000	16066000
chr19	16066000	16067000
chr19	16067000	16068000
chr19	16068000	16069000
chr19	16069000	16070000
chr19	16070000	16071000
chr19	16071000	16072000
chr19	16072000	16073000
chr19	16073000	16074000
chr19	16074000	16075000
chr19	16075000	16076000
chr19	16076000	16077000
chr19	16077000	16078000
chr19	16078000	16079000
chr19	16079000	16080000
chr19	16080000	16081000
chr19	16081000	16082000
chr19	16082000	16083000
chr19	16083000	16084000
chr19	16084000	16085000
chr19	16085000	16086000
chr19	16089000	16090000
chr19	16090000	16091000
chr19	16092000	16093000
chr19	16093000	16094000
chr19	16094000	16095000
chr19	16095000	16096000
chr19	16096000	16097000
chr19	16097000	16098000
chr19	16098000	16099000
chr19	16099000	16100000
chr19	16100000	16101000
chr19	16102000	16103000
chr19	16104000	16105000
chr19	16106000	16107000
chr19	16107000	16108000
chr19	16108000	16109000
chr19	16111000	16112000
chr19	16113000	16114000
chr19	16114000	16115000
chr19	16115000	16116000
chr19	16117000	16118000
chr19	16118000	16119000
chr19	16119000	16120000
chr19	16121000	16122000
chr19	16122000	16123000
chr19	16124000	16125000
chr19	16128000	16129000
chr19	16130000	16131000
chr19	16131000	16132000
chr19	16134000	16135000
chr19	16135000	16136000
chr19	16136000	16137000
chr19	16137000	16138000
chr19	16138000	16139000
chr19	16139000	16140000
chr19	16140000	16141000
chr19	16142000	16143000
chr19	16143000	16144000
chr19	16144000	16145000
chr19	16145000	16146000
chr19	16146000	16147000
chr19	16147000	16148000
chr19	16148000	16149000
chr19	16149000	16150000
chr19	16150000	16151000
chr19	16151000	16152000
chr19	16152000	16153000
chr19	16153000	16154000
chr19	16154000	16155000
chr19	16155000	16156000
chr19	16157000	16158000
chr19	16159000	16160000
chr19	16160000	16161000
chr19	16161000	16162000
chr19	16162000	16163000
chr19	16163000	16164000
chr19	16164000	16165000
chr19	16165000	16166000
chr19	16166000	16167000
chr19	16167000	16168000
chr19	16168000	16169000
chr19	16169000	16170000
chr19	16170000	16171000
chr19	16171000	16172000
chr19	16172000	16173000
chr19	16173000	16174000
chr19	16174000	16175000
chr19	16175000	16176000
chr19	16177000	16178000
chr19	16178000	16179000
chr19	16180000	16181000
chr19	16183000	16184000
chr19	16184000	16185000
chr19	16185000	16186000
chr19	16188000	16189000
chr19	16189000	16190000
chr19	16190000	16191000
chr19	16191000	16192000
chr19	16192000	16193000
chr19	16193000	16194000
chr19	16194000	16195000
chr19	16195000	16196000
chr19	16196000	16197000
chr19	16197000	16198000
chr19	16198000	16199000
chr19	16199000	16200000
chr19	16200000	16201000
chr19	16201000	16202000
chr19	16202000	16203000
chr19	16206000	16207000
chr19	16209000	16210000
chr19	16210000	16211000
chr19	16211000	16212000
chr19	16212000	16213000
chr19	16215000	16216000
chr19	16216000	16217000
chr19	16217000	16218000
chr19	16218000	16219000
chr19	16219000	16220000
chr19	16220000	16221000
chr19	16222000	16223000
chr19	16223000	16224000
chr19	16224000	16225000
chr19	16225000	16226000
chr19	16226000	16227000
chr19	16227000	16228000
chr19	16228000	16229000
chr19	16229000	16230000
chr19	16230000	16231000
chr19	16233000	16234000
chr19	16234000	16235000
chr19	16236000	16237000
chr19	16237000	16238000
chr19	16239000	16240000
chr19	16240000	16241000
chr19	16243000	16244000
chr19	16244000	16245000
chr19	16245000	16246000
chr19	16247000	16248000
chr19	16248000	16249000
chr19	16249000	16250000
chr19	16250000	16251000
chr19	16254000	16255000
chr19	16255000	16256000
chr19	16256000	16257000
chr19	16258000	16259000
chr19	16259000	16260000
chr19	16260000	16261000
chr19	16272000	16273000
chr19	16273000	16274000
chr19	16274000	16275000
chr19	16275000	16276000
chr19	16278000	16279000
chr19	16279000	16280000
chr19	16280000	16281000
chr19	16282000	16283000
chr19	16283000	16284000
chr19	16284000	16285000
chr19	16290000	16291000
chr19	16291000	16292000
chr19	16292000	16293000
chr19	16293000	16294000
chr19	16294000	16295000
chr19	16295000	16296000
chr19	16296000	16297000
chr19	16299000	16300000
chr19	16300000	16301000
chr19	16301000	16302000
chr19	16302000	16303000
chr19	16305000	16306000
chr19	16306000	16307000
chr19	16309000	16310000
chr19	16312000	16313000
chr19	16313000	16314000
chr19	16316000	16317000
chr19	16317000	16318000
chr19	16318000	16319000
chr19	16319000	16320000
chr19	16320000	16321000
chr19	16321000	16322000
chr19	16322000	16323000
chr19	16323000	16324000
chr19	16324000	16325000
chr19	16326000	16327000
chr19	16327000	16328000
chr19	16328000	16329000
chr19	16330000	16331000
chr19	16331000	16332000
chr19	16332000	16333000
chr19	16333000	16334000
chr19	16334000	16335000
chr19	16336000	16337000
chr19	16339000	16340000
chr19	16341000	16342000
chr19	16343000	16344000
chr19	16344000	16345000
chr19	16346000	16347000
chr19	16347000	16348000
chr19	16348000	16349000
chr19	16349000	16350000
chr19	16350000	16351000
chr19	16352000	16353000
chr19	16355000	16356000
chr19	16356000	16357000
chr19	16357000	16358000
chr19	16358000	16359000
chr19	16359000	16360000
chr19	16360000	16361000
chr19	16361000	16362000
chr19	16362000	16363000
chr19	16363000	16364000
chr19	16364000	16365000
chr19	16365000	16366000
chr19	16366000	16367000
chr19	16367000	16368000
chr19	16368000	16369000
chr19	16369000	16370000
chr19	16370000	16371000
chr19	16371000	16372000
chr19	16372000	16373000
chr19	16373000	16374000
chr19	16374000	16375000
chr19	16375000	16376000
chr19	16376000	16377000
chr19	16377000	16378000
chr19	16378000	16379000
chr19	16379000	16380000
chr19	16380000	16381000
chr19	16381000	16382000
chr19	16382000	16383000
chr19	16384000	16385000
chr19	16390000	16391000
chr19	16392000	16393000
chr19	16393000	16394000
chr19	16394000	16395000
chr19	16395000	16396000
chr19	16396000	16397000
chr19	16397000	16398000
chr19	16398000	16399000
chr19	16399000	16400000
chr19	16400000	16401000
chr19	16401000	16402000
chr19	16402000	16403000
chr19	16403000	16404000
chr19	16405000	16406000
chr19	16406000	16407000
chr19	16407000	16408000
chr19	16408000	16409000
chr19	16409000	16410000
chr19	16410000	16411000
chr19	16411000	16412000
chr19	16412000	16413000
chr19	16414000	16415000
chr19	16415000	16416000
chr19	16416000	16417000
chr19	16417000	16418000
chr19	16418000	16419000
chr19	16419000	16420000
chr19	16420000	16421000
chr19	16421000	16422000
chr19	16422000	16423000
chr19	16423000	16424000
chr19	16424000	16425000
chr19	16426000	16427000
chr19	16427000	16428000
chr19	16428000	16429000
chr19	16429000	16430000
chr19	16431000	16432000
chr19	16432000	16433000
chr19	16433000	16434000
chr19	16435000	16436000
chr19	16436000	16437000
chr19	16437000	16438000
chr19	16438000	16439000
chr19	16439000	16440000
chr19	16440000	16441000
chr19	16441000	16442000
chr19	16442000	16443000
chr19	16443000	16444000
chr19	16444000	16445000
chr19	16445000	16446000
chr19	16446000	16447000
chr19	16447000	16448000
chr19	16448000	16449000
chr19	16449000	16450000
chr19	16450000	16451000
chr19	16451000	16452000
chr19	16452000	16453000
chr19	16453000	16454000
chr19	16454000	16455000
chr19	16455000	16456000
chr19	16458000	16459000
chr19	16459000	16460000
chr19	16460000	16461000
chr19	16461000	16462000
chr19	16462000	16463000
chr19	16463000	16464000
chr19	16464000	16465000
chr19	16465000	16466000
chr19	16469000	16470000
chr19	16471000	16472000
chr19	16472000	16473000
chr19	16473000	16474000
chr19	16474000	16475000
chr19	16475000	16476000
chr19	16476000	16477000
chr19	16478000	16479000
chr19	16479000	16480000
chr19	16480000	16481000
chr19	16481000	16482000
chr19	16483000	16484000
chr19	16484000	16485000
chr19	16485000	16486000
chr19	16486000	16487000
chr19	16487000	16488000
chr19	16488000	16489000
chr19	16489000	16490000
chr19	16491000	16492000
chr19	16492000	16493000
chr19	16493000	16494000
chr19	16494000	16495000
chr19	16496000	16497000
chr19	16499000	16500000
chr19	16501000	16502000
chr19	16502000	16503000
chr19	16504000	16505000
chr19	16505000	16506000
chr19	16506000	16507000
chr19	16507000	16508000
chr19	16508000	16509000
chr19	16510000	16511000
chr19	16513000	16514000
chr19	16514000	16515000
chr19	16515000	16516000
chr19	16516000	16517000
chr19	16517000	16518000
chr19	16518000	16519000
chr19	16519000	16520000
chr19	16520000	16521000
chr19	16521000	16522000
chr19	16522000	16523000
chr19	16523000	16524000
chr19	16524000	16525000
chr19	16525000	16526000
chr19	16526000	16527000
chr19	16529000	16530000
chr19	16530000	16531000
chr19	16531000	16532000
chr19	16535000	16536000
chr19	16536000	16537000
chr19	16537000	16538000
chr19	16538000	16539000
chr19	16539000	16540000
chr19	16540000	16541000
chr19	16541000	16542000
chr19	16542000	16543000
chr19	16544000	16545000
chr19	16545000	16546000
chr19	16547000	16548000
chr19	16548000	16549000
chr19	16549000	16550000
chr19	16550000	16551000
chr19	16553000	16554000
chr19	16554000	16555000
chr19	16555000	16556000
chr19	16556000	16557000
chr19	16557000	16558000
chr19	16558000	16559000
chr19	16559000	16560000
chr19	16561000	16562000
chr19	16562000	16563000
chr19	16563000	16564000
chr19	16564000	16565000
chr19	16565000	16566000
chr19	16566000	16567000
chr19	16568000	16569000
chr19	16569000	16570000
chr19	16570000	16571000
chr19	16571000	16572000
chr19	16572000	16573000
chr19	16573000	16574000
chr19	16574000	16575000
chr19	16575000	16576000
chr19	16576000	16577000
chr19	16577000	16578000
chr19	16578000	16579000
chr19	16579000	16580000
chr19	16580000	16581000
chr19	16581000	16582000
chr19	16582000	16583000
chr19	16584000	16585000
chr19	16585000	16586000
chr19	16586000	16587000
chr19	16587000	16588000
chr19	16588000	16589000
chr19	16589000	16590000
chr19	16590000	16591000
chr19	16591000	16592000
chr19	16592000	16593000
chr19	16593000	16594000
chr19	16594000	16595000
chr19	16595000	16596000
chr19	16596000	16597000
chr19	16597000	16598000
chr19	16598000	16599000
chr19	16599000	16600000
chr19	16601000	16602000
chr19	16602000	16603000
chr19	16603000	16604000
chr19	16604000	16605000
chr19	16605000	16606000
chr19	16606000	16607000
chr19	16607000	16608000
chr19	16608000	16609000
chr19	16611000	16612000
chr19	16612000	16613000
chr19	16613000	16614000
chr19	16614000	16615000
chr19	16615000	16616000
chr19	16616000	16617000
chr19	16618000	16619000
chr19	16619000	16620000
chr19	16622000	16623000
chr19	16626000	16627000
chr19	16627000	16628000
chr19	16628000	16629000
chr19	16629000	16630000
chr19	16630000	16631000
chr19	16632000	16633000
chr19	16633000	16634000
chr19	16634000	16635000
chr19	16635000	16636000
chr19	16639000	16640000
chr19	16640000	16641000
chr19	16641000	16642000
chr19	16642000	16643000
chr19	16655000	16656000
chr19	16656000	16657000
chr19	16657000	16658000
chr19	16658000	16659000
chr19	16659000	16660000
chr19	16660000	16661000
chr19	16661000	16662000
chr19	16662000	16663000
chr19	16663000	16664000
chr19	16664000	16665000
chr19	16665000	16666000
chr19	16666000	16667000
chr19	16667000	16668000
chr19	16668000	16669000
chr19	16671000	16672000
chr19	16672000	16673000
chr19	16673000	16674000
chr19	16675000	16676000
chr19	16676000	16677000
chr19	16677000	16678000
chr19	16678000	16679000
chr19	16680000	16681000
chr19	16681000	16682000
chr19	16682000	16683000
chr19	16683000	16684000
chr19	16684000	16685000
chr19	16687000	16688000
chr19	16688000	16689000
chr19	16689000	16690000
chr19	16690000	16691000
chr19	16691000	16692000
chr19	16692000	16693000
chr19	16694000	16695000
chr19	16696000	16697000
chr19	16697000	16698000
chr19	16699000	16700000
chr19	16703000	16704000
chr19	16704000	16705000
chr19	16705000	16706000
chr19	16706000	16707000
chr19	16707000	16708000
chr19	16708000	16709000
chr19	16710000	16711000
chr19	16711000	16712000
chr19	16712000	16713000
chr19	16713000	16714000
chr19	16714000	16715000
chr19	16716000	16717000
chr19	16717000	16718000
chr19	16718000	16719000
chr19	16719000	16720000
chr19	16720000	16721000
chr19	16721000	16722000
chr19	16722000	16723000
chr19	16723000	16724000
chr19	16724000	16725000
chr19	16725000	16726000
chr19	16726000	16727000
chr19	16727000	16728000
chr19	16728000	16729000
chr19	16729000	16730000
chr19	16730000	16731000
chr19	16731000	16732000
chr19	16732000	16733000
chr19	16733000	16734000
chr19	16734000	16735000
chr19	16735000	16736000
chr19	16736000	16737000
chr19	16737000	16738000
chr19	16738000	16739000
chr19	16739000	16740000
chr19	16740000	16741000
chr19	16741000	16742000
chr19	16742000	16743000
chr19	16743000	16744000
chr19	16744000	16745000
chr19	16745000	16746000
chr19	16746000	16747000
chr19	16747000	16748000
chr19	16748000	16749000
chr19	16749000	16750000
chr19	16751000	16752000
chr19	16752000	16753000
chr19	16754000	16755000
chr19	16755000	16756000
chr19	16756000	16757000
chr19	16757000	16758000
chr19	16758000	16759000
chr19	16759000	16760000
chr19	16760000	16761000
chr19	16762000	16763000
chr19	16763000	16764000
chr19	16764000	16765000
chr19	16767000	16768000
chr19	16768000	16769000
chr19	16772000	16773000
chr19	16774000	16775000
chr19	16775000	16776000
chr19	16776000	16777000
chr19	16778000	16779000
chr19	16779000	16780000
chr19	16782000	16783000
chr19	16783000	16784000
chr19	16788000	16789000
chr19	16789000	16790000
chr19	16790000	16791000
chr19	16791000	16792000
chr19	16792000	16793000
chr19	16793000	16794000
chr19	16794000	16795000
chr19	16795000	16796000
chr19	16796000	16797000
chr19	16797000	16798000
chr19	16798000	16799000
chr19	16799000	16800000
chr19	16800000	16801000
chr19	16801000	16802000
chr19	16802000	16803000
chr19	16803000	16804000
chr19	16804000	16805000
chr19	16805000	16806000
chr19	16806000	16807000
chr19	16814000	16815000
chr19	16815000	16816000
chr19	16816000	16817000
chr19	16818000	16819000
chr19	16819000	16820000
chr19	16820000	16821000
chr19	16822000	16823000
chr19	16831000	16832000
chr19	16832000	16833000
chr19	16833000	16834000
chr19	16834000	16835000
chr19	16835000	16836000
chr19	16839000	16840000
chr19	16847000	16848000
chr19	16848000	16849000
chr19	16849000	16850000
chr19	16851000	16852000
chr19	16852000	16853000
chr19	16853000	16854000
chr19	16854000	16855000
chr19	16856000	16857000
chr19	16857000	16858000
chr19	16858000	16859000
chr19	16860000	16861000
chr19	16861000	16862000
chr19	16862000	16863000
chr19	16863000	16864000
chr19	16864000	16865000
chr19	16865000	16866000
chr19	16866000	16867000
chr19	16867000	16868000
chr19	16868000	16869000
chr19	16869000	16870000
chr19	16870000	16871000
chr19	16871000	16872000
chr19	16872000	16873000
chr19	16873000	16874000
chr19	16874000	16875000
chr19	16875000	16876000
chr19	16876000	16877000
chr19	16877000	16878000
chr19	16878000	16879000
chr19	16882000	16883000
chr19	16887000	16888000
chr19	16888000	16889000
chr19	16892000	16893000
chr19	16894000	16895000
chr19	16895000	16896000
chr19	16896000	16897000
chr19	16897000	16898000
chr19	16899000	16900000
chr19	16900000	16901000
chr19	16901000	16902000
chr19	16902000	16903000
chr19	16904000	16905000
chr19	16905000	16906000
chr19	16906000	16907000
chr19	16907000	16908000
chr19	16908000	16909000
chr19	16909000	16910000
chr19	16910000	16911000
chr19	16911000	16912000
chr19	16912000	16913000
chr19	16913000	16914000
chr19	16914000	16915000
chr19	16915000	16916000
chr19	16916000	16917000
chr19	16917000	16918000
chr19	16918000	16919000
chr19	16919000	16920000
chr19	16920000	16921000
chr19	16921000	16922000
chr19	16922000	16923000
chr19	16924000	16925000
chr19	16925000	16926000
chr19	16926000	16927000
chr19	16927000	16928000
chr19	16928000	16929000
chr19	16929000	16930000
chr19	16930000	16931000
chr19	16931000	16932000
chr19	16934000	16935000
chr19	16936000	16937000
chr19	16937000	16938000
chr19	16938000	16939000
chr19	16939000	16940000
chr19	16940000	16941000
chr19	16941000	16942000
chr19	16942000	16943000
chr19	16943000	16944000
chr19	16945000	16946000
chr19	16948000	16949000
chr19	16949000	16950000
chr19	16950000	16951000
chr19	16952000	16953000
chr19	16953000	16954000
chr19	16954000	16955000
chr19	16955000	16956000
chr19	16956000	16957000
chr19	16957000	16958000
chr19	16958000	16959000
chr19	16959000	16960000
chr19	16960000	16961000
chr19	16961000	16962000
chr19	16963000	16964000
chr19	16964000	16965000
chr19	16965000	16966000
chr19	16966000	16967000
chr19	16967000	16968000
chr19	16968000	16969000
chr19	16969000	16970000
chr19	16970000	16971000
chr19	16971000	16972000
chr19	16972000	16973000
chr19	16973000	16974000
chr19	16974000	16975000
chr19	16975000	16976000
chr19	16976000	16977000
chr19	16977000	16978000
chr19	16978000	16979000
chr19	16979000	16980000
chr19	16980000	16981000
chr19	16981000	16982000
chr19	16982000	16983000
chr19	16986000	16987000
chr19	16994000	16995000
chr19	17001000	17002000
chr19	17002000	17003000
chr19	17003000	17004000
chr19	17004000	17005000
chr19	17005000	17006000
chr19	17006000	17007000
chr19	17007000	17008000
chr19	17008000	17009000
chr19	17009000	17010000
chr19	17010000	17011000
chr19	17011000	17012000
chr19	17012000	17013000
chr19	17013000	17014000
chr19	17014000	17015000
chr19	17015000	17016000
chr19	17016000	17017000
chr19	17017000	17018000
chr19	17019000	17020000
chr19	17020000	17021000
chr19	17022000	17023000
chr19	17024000	17025000
chr19	17025000	17026000
chr19	17026000	17027000
chr19	17027000	17028000
chr19	17028000	17029000
chr19	17031000	17032000
chr19	17032000	17033000
chr19	17033000	17034000
chr19	17037000	17038000
chr19	17038000	17039000
chr19	17039000	17040000
chr19	17040000	17041000
chr19	17041000	17042000
chr19	17042000	17043000
chr19	17043000	17044000
chr19	17044000	17045000
chr19	17045000	17046000
chr19	17046000	17047000
chr19	17047000	17048000
chr19	17049000	17050000
chr19	17050000	17051000
chr19	17051000	17052000
chr19	17052000	17053000
chr19	17053000	17054000
chr19	17054000	17055000
chr19	17055000	17056000
chr19	17056000	17057000
chr19	17057000	17058000
chr19	17058000	17059000
chr19	17059000	17060000
chr19	17060000	17061000
chr19	17061000	17062000
chr19	17062000	17063000
chr19	17063000	17064000
chr19	17064000	17065000
chr19	17065000	17066000
chr19	17066000	17067000
chr19	17067000	17068000
chr19	17068000	17069000
chr19	17069000	17070000
chr19	17070000	17071000
chr19	17071000	17072000
chr19	17072000	17073000
chr19	17073000	17074000
chr19	17074000	17075000
chr19	17075000	17076000
chr19	17076000	17077000
chr19	17077000	17078000
chr19	17078000	17079000
chr19	17079000	17080000
chr19	17080000	17081000
chr19	17083000	17084000
chr19	17084000	17085000
chr19	17085000	17086000
chr19	17086000	17087000
chr19	17087000	17088000
chr19	17088000	17089000
chr19	17089000	17090000
chr19	17090000	17091000
chr19	17091000	17092000
chr19	17092000	17093000
chr19	17093000	17094000
chr19	17094000	17095000
chr19	17095000	17096000
chr19	17096000	17097000
chr19	17097000	17098000
chr19	17098000	17099000
chr19	17099000	17100000
chr19	17100000	17101000
chr19	17101000	17102000
chr19	17102000	17103000
chr19	17103000	17104000
chr19	17104000	17105000
chr19	17105000	17106000
chr19	17106000	17107000
chr19	17107000	17108000
chr19	17108000	17109000
chr19	17110000	17111000
chr19	17111000	17112000
chr19	17112000	17113000
chr19	17113000	17114000
chr19	17114000	17115000
chr19	17115000	17116000
chr19	17116000	17117000
chr19	17117000	17118000
chr19	17118000	17119000
chr19	17119000	17120000
chr19	17120000	17121000
chr19	17121000	17122000
chr19	17122000	17123000
chr19	17123000	17124000
chr19	17124000	17125000
chr19	17128000	17129000
chr19	17130000	17131000
chr19	17131000	17132000
chr19	17133000	17134000
chr19	17134000	17135000
chr19	17136000	17137000
chr19	17137000	17138000
chr19	17138000	17139000
chr19	17139000	17140000
chr19	17140000	17141000
chr19	17141000	17142000
chr19	17142000	17143000
chr19	17143000	17144000
chr19	17144000	17145000
chr19	17145000	17146000
chr19	17146000	17147000
chr19	17147000	17148000
chr19	17148000	17149000
chr19	17149000	17150000
chr19	17150000	17151000
chr19	17151000	17152000
chr19	17152000	17153000
chr19	17153000	17154000
chr19	17154000	17155000
chr19	17155000	17156000
chr19	17156000	17157000
chr19	17157000	17158000
chr19	17158000	17159000
chr19	17159000	17160000
chr19	17160000	17161000
chr19	17161000	17162000
chr19	17162000	17163000
chr19	17163000	17164000
chr19	17167000	17168000
chr19	17168000	17169000
chr19	17169000	17170000
chr19	17170000	17171000
chr19	17171000	17172000
chr19	17172000	17173000
chr19	17173000	17174000
chr19	17174000	17175000
chr19	17176000	17177000
chr19	17177000	17178000
chr19	17178000	17179000
chr19	17179000	17180000
chr19	17181000	17182000
chr19	17182000	17183000
chr19	17183000	17184000
chr19	17184000	17185000
chr19	17186000	17187000
chr19	17187000	17188000
chr19	17188000	17189000
chr19	17189000	17190000
chr19	17193000	17194000
chr19	17194000	17195000
chr19	17195000	17196000
chr19	17196000	17197000
chr19	17197000	17198000
chr19	17199000	17200000
chr19	17200000	17201000
chr19	17201000	17202000
chr19	17202000	17203000
chr19	17203000	17204000
chr19	17204000	17205000
chr19	17205000	17206000
chr19	17208000	17209000
chr19	17209000	17210000
chr19	17210000	17211000
chr19	17211000	17212000
chr19	17212000	17213000
chr19	17213000	17214000
chr19	17215000	17216000
chr19	17216000	17217000
chr19	17217000	17218000
chr19	17218000	17219000
chr19	17220000	17221000
chr19	17222000	17223000
chr19	17223000	17224000
chr19	17224000	17225000
chr19	17226000	17227000
chr19	17227000	17228000
chr19	17228000	17229000
chr19	17230000	17231000
chr19	17231000	17232000
chr19	17232000	17233000
chr19	17233000	17234000
chr19	17234000	17235000
chr19	17235000	17236000
chr19	17236000	17237000
chr19	17237000	17238000
chr19	17238000	17239000
chr19	17239000	17240000
chr19	17240000	17241000
chr19	17242000	17243000
chr19	17267000	17268000
chr19	17268000	17269000
chr19	17271000	17272000
chr19	17272000	17273000
chr19	17277000	17278000
chr19	17278000	17279000
chr19	17279000	17280000
chr19	17280000	17281000
chr19	17281000	17282000
chr19	17282000	17283000
chr19	17283000	17284000
chr19	17284000	17285000
chr19	17285000	17286000
chr19	17286000	17287000
chr19	17287000	17288000
chr19	17288000	17289000
chr19	17289000	17290000
chr19	17290000	17291000
chr19	17291000	17292000
chr19	17292000	17293000
chr19	17294000	17295000
chr19	17295000	17296000
chr19	17296000	17297000
chr19	17297000	17298000
chr19	17298000	17299000
chr19	17299000	17300000
chr19	17300000	17301000
chr19	17301000	17302000
chr19	17302000	17303000
chr19	17303000	17304000
chr19	17308000	17309000
chr19	17310000	17311000
chr19	17311000	17312000
chr19	17312000	17313000
chr19	17313000	17314000
chr19	17314000	17315000
chr19	17315000	17316000
chr19	17316000	17317000
chr19	17317000	17318000
chr19	17318000	17319000
chr19	17319000	17320000
chr19	17320000	17321000
chr19	17321000	17322000
chr19	17322000	17323000
chr19	17323000	17324000
chr19	17324000	17325000
chr19	17325000	17326000
chr19	17326000	17327000
chr19	17327000	17328000
chr19	17328000	17329000
chr19	17329000	17330000
chr19	17330000	17331000
chr19	17331000	17332000
chr19	17334000	17335000
chr19	17335000	17336000
chr19	17337000	17338000
chr19	17339000	17340000
chr19	17343000	17344000
chr19	17344000	17345000
chr19	17345000	17346000
chr19	17346000	17347000
chr19	17347000	17348000
chr19	17348000	17349000
chr19	17350000	17351000
chr19	17351000	17352000
chr19	17352000	17353000
chr19	17353000	17354000
chr19	17355000	17356000
chr19	17356000	17357000
chr19	17358000	17359000
chr19	17361000	17362000
chr19	17363000	17364000
chr19	17364000	17365000
chr19	17365000	17366000
chr19	17366000	17367000
chr19	17367000	17368000
chr19	17368000	17369000
chr19	17369000	17370000
chr19	17370000	17371000
chr19	17371000	17372000
chr19	17372000	17373000
chr19	17373000	17374000
chr19	17374000	17375000
chr19	17375000	17376000
chr19	17376000	17377000
chr19	17377000	17378000
chr19	17378000	17379000
chr19	17380000	17381000
chr19	17381000	17382000
chr19	17382000	17383000
chr19	17383000	17384000
chr19	17384000	17385000
chr19	17385000	17386000
chr19	17386000	17387000
chr19	17387000	17388000
chr19	17388000	17389000
chr19	17389000	17390000
chr19	17390000	17391000
chr19	17391000	17392000
chr19	17392000	17393000
chr19	17393000	17394000
chr19	17394000	17395000
chr19	17395000	17396000
chr19	17396000	17397000
chr19	17397000	17398000
chr19	17398000	17399000
chr19	17399000	17400000
chr19	17400000	17401000
chr19	17401000	17402000
chr19	17402000	17403000
chr19	17403000	17404000
chr19	17404000	17405000
chr19	17405000	17406000
chr19	17406000	17407000
chr19	17407000	17408000
chr19	17408000	17409000
chr19	17409000	17410000
chr19	17410000	17411000
chr19	17411000	17412000
chr19	17415000	17416000
chr19	17416000	17417000
chr19	17417000	17418000
chr19	17418000	17419000
chr19	17419000	17420000
chr19	17420000	17421000
chr19	17422000	17423000
chr19	17423000	17424000
chr19	17424000	17425000
chr19	17425000	17426000
chr19	17426000	17427000
chr19	17427000	17428000
chr19	17428000	17429000
chr19	17429000	17430000
chr19	17430000	17431000
chr19	17431000	17432000
chr19	17434000	17435000
chr19	17435000	17436000
chr19	17436000	17437000
chr19	17437000	17438000
chr19	17438000	17439000
chr19	17439000	17440000
chr19	17441000	17442000
chr19	17442000	17443000
chr19	17443000	17444000
chr19	17444000	17445000
chr19	17445000	17446000
chr19	17446000	17447000
chr19	17447000	17448000
chr19	17461000	17462000
chr19	17462000	17463000
chr19	17464000	17465000
chr19	17470000	17471000
chr19	17471000	17472000
chr19	17472000	17473000
chr19	17473000	17474000
chr19	17474000	17475000
chr19	17476000	17477000
chr19	17477000	17478000
chr19	17478000	17479000
chr19	17479000	17480000
chr19	17480000	17481000
chr19	17481000	17482000
chr19	17482000	17483000
chr19	17483000	17484000
chr19	17484000	17485000
chr19	17485000	17486000
chr19	17486000	17487000
chr19	17487000	17488000
chr19	17488000	17489000
chr19	17489000	17490000
chr19	17497000	17498000
chr19	17499000	17500000
chr19	17500000	17501000
chr19	17501000	17502000
chr19	17502000	17503000
chr19	17503000	17504000
chr19	17504000	17505000
chr19	17505000	17506000
chr19	17506000	17507000
chr19	17507000	17508000
chr19	17508000	17509000
chr19	17510000	17511000
chr19	17511000	17512000
chr19	17512000	17513000
chr19	17513000	17514000
chr19	17514000	17515000
chr19	17515000	17516000
chr19	17516000	17517000
chr19	17517000	17518000
chr19	17518000	17519000
chr19	17519000	17520000
chr19	17520000	17521000
chr19	17521000	17522000
chr19	17522000	17523000
chr19	17523000	17524000
chr19	17524000	17525000
chr19	17525000	17526000
chr19	17526000	17527000
chr19	17527000	17528000
chr19	17528000	17529000
chr19	17529000	17530000
chr19	17530000	17531000
chr19	17531000	17532000
chr19	17532000	17533000
chr19	17533000	17534000
chr19	17534000	17535000
chr19	17535000	17536000
chr19	17536000	17537000
chr19	17537000	17538000
chr19	17538000	17539000
chr19	17539000	17540000
chr19	17540000	17541000
chr19	17541000	17542000
chr19	17542000	17543000
chr19	17544000	17545000
chr19	17545000	17546000
chr19	17546000	17547000
chr19	17547000	17548000
chr19	17548000	17549000
chr19	17549000	17550000
chr19	17550000	17551000
chr19	17551000	17552000
chr19	17552000	17553000
chr19	17553000	17554000
chr19	17554000	17555000
chr19	17555000	17556000
chr19	17556000	17557000
chr19	17563000	17564000
chr19	17564000	17565000
chr19	17565000	17566000
chr19	17566000	17567000
chr19	17567000	17568000
chr19	17568000	17569000
chr19	17569000	17570000
chr19	17570000	17571000
chr19	17571000	17572000
chr19	17572000	17573000
chr19	17574000	17575000
chr19	17575000	17576000
chr19	17581000	17582000
chr19	17583000	17584000
chr19	17584000	17585000
chr19	17585000	17586000
chr19	17586000	17587000
chr19	17587000	17588000
chr19	17588000	17589000
chr19	17590000	17591000
chr19	17591000	17592000
chr19	17592000	17593000
chr19	17593000	17594000
chr19	17594000	17595000
chr19	17595000	17596000
chr19	17596000	17597000
chr19	17597000	17598000
chr19	17598000	17599000
chr19	17599000	17600000
chr19	17600000	17601000
chr19	17601000	17602000
chr19	17604000	17605000
chr19	17605000	17606000
chr19	17606000	17607000
chr19	17607000	17608000
chr19	17609000	17610000
chr19	17610000	17611000
chr19	17611000	17612000
chr19	17615000	17616000
chr19	17616000	17617000
chr19	17617000	17618000
chr19	17620000	17621000
chr19	17621000	17622000
chr19	17622000	17623000
chr19	17623000	17624000
chr19	17624000	17625000
chr19	17625000	17626000
chr19	17626000	17627000
chr19	17627000	17628000
chr19	17628000	17629000
chr19	17630000	17631000
chr19	17631000	17632000
chr19	17632000	17633000
chr19	17633000	17634000
chr19	17634000	17635000
chr19	17635000	17636000
chr19	17636000	17637000
chr19	17643000	17644000
chr19	17645000	17646000
chr19	17648000	17649000
chr19	17649000	17650000
chr19	17650000	17651000
chr19	17651000	17652000
chr19	17653000	17654000
chr19	17654000	17655000
chr19	17655000	17656000
chr19	17658000	17659000
chr19	17659000	17660000
chr19	17660000	17661000
chr19	17661000	17662000
chr19	17662000	17663000
chr19	17664000	17665000
chr19	17667000	17668000
chr19	17668000	17669000
chr19	17669000	17670000
chr19	17675000	17676000
chr19	17677000	17678000
chr19	17678000	17679000
chr19	17679000	17680000
chr19	17680000	17681000
chr19	17681000	17682000
chr19	17684000	17685000
chr19	17685000	17686000
chr19	17686000	17687000
chr19	17687000	17688000
chr19	17692000	17693000
chr19	17694000	17695000
chr19	17695000	17696000
chr19	17696000	17697000
chr19	17698000	17699000
chr19	17705000	17706000
chr19	17706000	17707000
chr19	17707000	17708000
chr19	17709000	17710000
chr19	17710000	17711000
chr19	17711000	17712000
chr19	17712000	17713000
chr19	17713000	17714000
chr19	17714000	17715000
chr19	17715000	17716000
chr19	17716000	17717000
chr19	17717000	17718000
chr19	17718000	17719000
chr19	17719000	17720000
chr19	17720000	17721000
chr19	17721000	17722000
chr19	17723000	17724000
chr19	17724000	17725000
chr19	17725000	17726000
chr19	17726000	17727000
chr19	17728000	17729000
chr19	17729000	17730000
chr19	17730000	17731000
chr19	17731000	17732000
chr19	17732000	17733000
chr19	17733000	17734000
chr19	17734000	17735000
chr19	17735000	17736000
chr19	17736000	17737000
chr19	17737000	17738000
chr19	17738000	17739000
chr19	17739000	17740000
chr19	17740000	17741000
chr19	17742000	17743000
chr19	17743000	17744000
chr19	17747000	17748000
chr19	17748000	17749000
chr19	17751000	17752000
chr19	17752000	17753000
chr19	17753000	17754000
chr19	17754000	17755000
chr19	17756000	17757000
chr19	17758000	17759000
chr19	17760000	17761000
chr19	17761000	17762000
chr19	17762000	17763000
chr19	17764000	17765000
chr19	17765000	17766000
chr19	17766000	17767000
chr19	17767000	17768000
chr19	17768000	17769000
chr19	17769000	17770000
chr19	17773000	17774000
chr19	17775000	17776000
chr19	17778000	17779000
chr19	17780000	17781000
chr19	17782000	17783000
chr19	17785000	17786000
chr19	17793000	17794000
chr19	17794000	17795000
chr19	17795000	17796000
chr19	17796000	17797000
chr19	17797000	17798000
chr19	17798000	17799000
chr19	17799000	17800000
chr19	17800000	17801000
chr19	17801000	17802000
chr19	17802000	17803000
chr19	17803000	17804000
chr19	17804000	17805000
chr19	17805000	17806000
chr19	17806000	17807000
chr19	17808000	17809000
chr19	17813000	17814000
chr19	17814000	17815000
chr19	17815000	17816000
chr19	17816000	17817000
chr19	17817000	17818000
chr19	17818000	17819000
chr19	17820000	17821000
chr19	17821000	17822000
chr19	17822000	17823000
chr19	17823000	17824000
chr19	17824000	17825000
chr19	17825000	17826000
chr19	17826000	17827000
chr19	17827000	17828000
chr19	17828000	17829000
chr19	17829000	17830000
chr19	17830000	17831000
chr19	17831000	17832000
chr19	17832000	17833000
chr19	17833000	17834000
chr19	17834000	17835000
chr19	17835000	17836000
chr19	17836000	17837000
chr19	17837000	17838000
chr19	17839000	17840000
chr19	17840000	17841000
chr19	17841000	17842000
chr19	17842000	17843000
chr19	17843000	17844000
chr19	17844000	17845000
chr19	17849000	17850000
chr19	17850000	17851000
chr19	17854000	17855000
chr19	17855000	17856000
chr19	17856000	17857000
chr19	17857000	17858000
chr19	17858000	17859000
chr19	17859000	17860000
chr19	17860000	17861000
chr19	17861000	17862000
chr19	17863000	17864000
chr19	17864000	17865000
chr19	17865000	17866000
chr19	17866000	17867000
chr19	17867000	17868000
chr19	17868000	17869000
chr19	17869000	17870000
chr19	17870000	17871000
chr19	17871000	17872000
chr19	17872000	17873000
chr19	17873000	17874000
chr19	17874000	17875000
chr19	17875000	17876000
chr19	17876000	17877000
chr19	17877000	17878000
chr19	17879000	17880000
chr19	17880000	17881000
chr19	17881000	17882000
chr19	17882000	17883000
chr19	17883000	17884000
chr19	17886000	17887000
chr19	17887000	17888000
chr19	17888000	17889000
chr19	17889000	17890000
chr19	17892000	17893000
chr19	17900000	17901000
chr19	17907000	17908000
chr19	17908000	17909000
chr19	17909000	17910000
chr19	17910000	17911000
chr19	17913000	17914000
chr19	17914000	17915000
chr19	17915000	17916000
chr19	17916000	17917000
chr19	17917000	17918000
chr19	17918000	17919000
chr19	17919000	17920000
chr19	17920000	17921000
chr19	17921000	17922000
chr19	17922000	17923000
chr19	17923000	17924000
chr19	17925000	17926000
chr19	17926000	17927000
chr19	17927000	17928000
chr19	17928000	17929000
chr19	17929000	17930000
chr19	17930000	17931000
chr19	17931000	17932000
chr19	17932000	17933000
chr19	17933000	17934000
chr19	17934000	17935000
chr19	17935000	17936000
chr19	17936000	17937000
chr19	17937000	17938000
chr19	17938000	17939000
chr19	17939000	17940000
chr19	17954000	17955000
chr19	17955000	17956000
chr19	17957000	17958000
chr19	17963000	17964000
chr19	17964000	17965000
chr19	17965000	17966000
chr19	17966000	17967000
chr19	17967000	17968000
chr19	17968000	17969000
chr19	17969000	17970000
chr19	17970000	17971000
chr19	17971000	17972000
chr19	17972000	17973000
chr19	17973000	17974000
chr19	17974000	17975000
chr19	17975000	17976000
chr19	17976000	17977000
chr19	17978000	17979000
chr19	17979000	17980000
chr19	17981000	17982000
chr19	17983000	17984000
chr19	17985000	17986000
chr19	17986000	17987000
chr19	17987000	17988000
chr19	17988000	17989000
chr19	17989000	17990000
chr19	17990000	17991000
chr19	17992000	17993000
chr19	17993000	17994000
chr19	17996000	17997000
chr19	17997000	17998000
chr19	17998000	17999000
chr19	18002000	18003000
chr19	18003000	18004000
chr19	18004000	18005000
chr19	18005000	18006000
chr19	18006000	18007000
chr19	18007000	18008000
chr19	18008000	18009000
chr19	18009000	18010000
chr19	18010000	18011000
chr19	18013000	18014000
chr19	18014000	18015000
chr19	18015000	18016000
chr19	18017000	18018000
chr19	18018000	18019000
chr19	18019000	18020000
chr19	18030000	18031000
chr19	18032000	18033000
chr19	18033000	18034000
chr19	18035000	18036000
chr19	18036000	18037000
chr19	18038000	18039000
chr19	18039000	18040000
chr19	18040000	18041000
chr19	18041000	18042000
chr19	18042000	18043000
chr19	18043000	18044000
chr19	18044000	18045000
chr19	18045000	18046000
chr19	18046000	18047000
chr19	18047000	18048000
chr19	18048000	18049000
chr19	18052000	18053000
chr19	18053000	18054000
chr19	18054000	18055000
chr19	18055000	18056000
chr19	18056000	18057000
chr19	18057000	18058000
chr19	18058000	18059000
chr19	18059000	18060000
chr19	18060000	18061000
chr19	18061000	18062000
chr19	18062000	18063000
chr19	18063000	18064000
chr19	18065000	18066000
chr19	18066000	18067000
chr19	18067000	18068000
chr19	18068000	18069000
chr19	18069000	18070000
chr19	18070000	18071000
chr19	18071000	18072000
chr19	18072000	18073000
chr19	18073000	18074000
chr19	18074000	18075000
chr19	18075000	18076000
chr19	18076000	18077000
chr19	18077000	18078000
chr19	18078000	18079000
chr19	18079000	18080000
chr19	18080000	18081000
chr19	18081000	18082000
chr19	18082000	18083000
chr19	18083000	18084000
chr19	18084000	18085000
chr19	18085000	18086000
chr19	18086000	18087000
chr19	18087000	18088000
chr19	18088000	18089000
chr19	18091000	18092000
chr19	18094000	18095000
chr19	18095000	18096000
chr19	18096000	18097000
chr19	18098000	18099000
chr19	18099000	18100000
chr19	18101000	18102000
chr19	18102000	18103000
chr19	18105000	18106000
chr19	18107000	18108000
chr19	18108000	18109000
chr19	18109000	18110000
chr19	18110000	18111000
chr19	18111000	18112000
chr19	18112000	18113000
chr19	18113000	18114000
chr19	18115000	18116000
chr19	18117000	18118000
chr19	18119000	18120000
chr19	18121000	18122000
chr19	18122000	18123000
chr19	18123000	18124000
chr19	18125000	18126000
chr19	18126000	18127000
chr19	18127000	18128000
chr19	18128000	18129000
chr19	18129000	18130000
chr19	18130000	18131000
chr19	18131000	18132000
chr19	18132000	18133000
chr19	18133000	18134000
chr19	18134000	18135000
chr19	18135000	18136000
chr19	18136000	18137000
chr19	18137000	18138000
chr19	18139000	18140000
chr19	18140000	18141000
chr19	18141000	18142000
chr19	18142000	18143000
chr19	18143000	18144000
chr19	18144000	18145000
chr19	18145000	18146000
chr19	18146000	18147000
chr19	18147000	18148000
chr19	18148000	18149000
chr19	18149000	18150000
chr19	18150000	18151000
chr19	18151000	18152000
chr19	18153000	18154000
chr19	18154000	18155000
chr19	18155000	18156000
chr19	18156000	18157000
chr19	18157000	18158000
chr19	18158000	18159000
chr19	18159000	18160000
chr19	18160000	18161000
chr19	18161000	18162000
chr19	18162000	18163000
chr19	18163000	18164000
chr19	18164000	18165000
chr19	18165000	18166000
chr19	18167000	18168000
chr19	18168000	18169000
chr19	18170000	18171000
chr19	18171000	18172000
chr19	18172000	18173000
chr19	18175000	18176000
chr19	18176000	18177000
chr19	18177000	18178000
chr19	18178000	18179000
chr19	18179000	18180000
chr19	18180000	18181000
chr19	18181000	18182000
chr19	18182000	18183000
chr19	18183000	18184000
chr19	18184000	18185000
chr19	18185000	18186000
chr19	18186000	18187000
chr19	18187000	18188000
chr19	18188000	18189000
chr19	18189000	18190000
chr19	18190000	18191000
chr19	18191000	18192000
chr19	18193000	18194000
chr19	18194000	18195000
chr19	18195000	18196000
chr19	18196000	18197000
chr19	18197000	18198000
chr19	18198000	18199000
chr19	18199000	18200000
chr19	18217000	18218000
chr19	18220000	18221000
chr19	18222000	18223000
chr19	18223000	18224000
chr19	18224000	18225000
chr19	18225000	18226000
chr19	18231000	18232000
chr19	18232000	18233000
chr19	18233000	18234000
chr19	18234000	18235000
chr19	18235000	18236000
chr19	18236000	18237000
chr19	18237000	18238000
chr19	18238000	18239000
chr19	18239000	18240000
chr19	18240000	18241000
chr19	18242000	18243000
chr19	18243000	18244000
chr19	18244000	18245000
chr19	18245000	18246000
chr19	18246000	18247000
chr19	18247000	18248000
chr19	18249000	18250000
chr19	18250000	18251000
chr19	18252000	18253000
chr19	18253000	18254000
chr19	18254000	18255000
chr19	18255000	18256000
chr19	18256000	18257000
chr19	18258000	18259000
chr19	18263000	18264000
chr19	18264000	18265000
chr19	18267000	18268000
chr19	18268000	18269000
chr19	18269000	18270000
chr19	18270000	18271000
chr19	18271000	18272000
chr19	18274000	18275000
chr19	18275000	18276000
chr19	18276000	18277000
chr19	18277000	18278000
chr19	18278000	18279000
chr19	18279000	18280000
chr19	18280000	18281000
chr19	18281000	18282000
chr19	18282000	18283000
chr19	18284000	18285000
chr19	18285000	18286000
chr19	18286000	18287000
chr19	18288000	18289000
chr19	18289000	18290000
chr19	18290000	18291000
chr19	18292000	18293000
chr19	18293000	18294000
chr19	18295000	18296000
chr19	18296000	18297000
chr19	18297000	18298000
chr19	18299000	18300000
chr19	18300000	18301000
chr19	18301000	18302000
chr19	18302000	18303000
chr19	18303000	18304000
chr19	18304000	18305000
chr19	18305000	18306000
chr19	18306000	18307000
chr19	18307000	18308000
chr19	18308000	18309000
chr19	18311000	18312000
chr19	18312000	18313000
chr19	18313000	18314000
chr19	18314000	18315000
chr19	18315000	18316000
chr19	18316000	18317000
chr19	18317000	18318000
chr19	18318000	18319000
chr19	18320000	18321000
chr19	18321000	18322000
chr19	18322000	18323000
chr19	18323000	18324000
chr19	18324000	18325000
chr19	18325000	18326000
chr19	18326000	18327000
chr19	18327000	18328000
chr19	18328000	18329000
chr19	18329000	18330000
chr19	18332000	18333000
chr19	18333000	18334000
chr19	18334000	18335000
chr19	18337000	18338000
chr19	18339000	18340000
chr19	18340000	18341000
chr19	18348000	18349000
chr19	18349000	18350000
chr19	18350000	18351000
chr19	18351000	18352000
chr19	18352000	18353000
chr19	18353000	18354000
chr19	18354000	18355000
chr19	18355000	18356000
chr19	18356000	18357000
chr19	18357000	18358000
chr19	18358000	18359000
chr19	18359000	18360000
chr19	18361000	18362000
chr19	18362000	18363000
chr19	18364000	18365000
chr19	18365000	18366000
chr19	18367000	18368000
chr19	18368000	18369000
chr19	18369000	18370000
chr19	18370000	18371000
chr19	18371000	18372000
chr19	18373000	18374000
chr19	18374000	18375000
chr19	18375000	18376000
chr19	18376000	18377000
chr19	18377000	18378000
chr19	18378000	18379000
chr19	18379000	18380000
chr19	18380000	18381000
chr19	18381000	18382000
chr19	18384000	18385000
chr19	18385000	18386000
chr19	18388000	18389000
chr19	18389000	18390000
chr19	18390000	18391000
chr19	18391000	18392000
chr19	18392000	18393000
chr19	18393000	18394000
chr19	18394000	18395000
chr19	18395000	18396000
chr19	18396000	18397000
chr19	18397000	18398000
chr19	18398000	18399000
chr19	18399000	18400000
chr19	18400000	18401000
chr19	18401000	18402000
chr19	18402000	18403000
chr19	18403000	18404000
chr19	18404000	18405000
chr19	18405000	18406000
chr19	18406000	18407000
chr19	18407000	18408000
chr19	18408000	18409000
chr19	18409000	18410000
chr19	18410000	18411000
chr19	18411000	18412000
chr19	18413000	18414000
chr19	18415000	18416000
chr19	18416000	18417000
chr19	18417000	18418000
chr19	18418000	18419000
chr19	18419000	18420000
chr19	18420000	18421000
chr19	18421000	18422000
chr19	18422000	18423000
chr19	18424000	18425000
chr19	18425000	18426000
chr19	18426000	18427000
chr19	18427000	18428000
chr19	18428000	18429000
chr19	18429000	18430000
chr19	18430000	18431000
chr19	18431000	18432000
chr19	18432000	18433000
chr19	18433000	18434000
chr19	18434000	18435000
chr19	18435000	18436000
chr19	18436000	18437000
chr19	18437000	18438000
chr19	18438000	18439000
chr19	18439000	18440000
chr19	18440000	18441000
chr19	18442000	18443000
chr19	18443000	18444000
chr19	18445000	18446000
chr19	18446000	18447000
chr19	18447000	18448000
chr19	18448000	18449000
chr19	18449000	18450000
chr19	18450000	18451000
chr19	18451000	18452000
chr19	18452000	18453000
chr19	18453000	18454000
chr19	18454000	18455000
chr19	18455000	18456000
chr19	18456000	18457000
chr19	18457000	18458000
chr19	18458000	18459000
chr19	18459000	18460000
chr19	18460000	18461000
chr19	18461000	18462000
chr19	18462000	18463000
chr19	18463000	18464000
chr19	18464000	18465000
chr19	18466000	18467000
chr19	18467000	18468000
chr19	18468000	18469000
chr19	18469000	18470000
chr19	18470000	18471000
chr19	18471000	18472000
chr19	18472000	18473000
chr19	18473000	18474000
chr19	18474000	18475000
chr19	18475000	18476000
chr19	18476000	18477000
chr19	18477000	18478000
chr19	18478000	18479000
chr19	18479000	18480000
chr19	18480000	18481000
chr19	18481000	18482000
chr19	18485000	18486000
chr19	18486000	18487000
chr19	18487000	18488000
chr19	18488000	18489000
chr19	18489000	18490000
chr19	18490000	18491000
chr19	18492000	18493000
chr19	18493000	18494000
chr19	18494000	18495000
chr19	18495000	18496000
chr19	18496000	18497000
chr19	18497000	18498000
chr19	18498000	18499000
chr19	18499000	18500000
chr19	18500000	18501000
chr19	18501000	18502000
chr19	18502000	18503000
chr19	18503000	18504000
chr19	18504000	18505000
chr19	18505000	18506000
chr19	18508000	18509000
chr19	18509000	18510000
chr19	18510000	18511000
chr19	18511000	18512000
chr19	18513000	18514000
chr19	18514000	18515000
chr19	18515000	18516000
chr19	18516000	18517000
chr19	18517000	18518000
chr19	18518000	18519000
chr19	18519000	18520000
chr19	18520000	18521000
chr19	18521000	18522000
chr19	18522000	18523000
chr19	18523000	18524000
chr19	18525000	18526000
chr19	18527000	18528000
chr19	18529000	18530000
chr19	18530000	18531000
chr19	18531000	18532000
chr19	18532000	18533000
chr19	18534000	18535000
chr19	18535000	18536000
chr19	18536000	18537000
chr19	18538000	18539000
chr19	18539000	18540000
chr19	18540000	18541000
chr19	18541000	18542000
chr19	18542000	18543000
chr19	18543000	18544000
chr19	18546000	18547000
chr19	18547000	18548000
chr19	18548000	18549000
chr19	18550000	18551000
chr19	18551000	18552000
chr19	18552000	18553000
chr19	18553000	18554000
chr19	18554000	18555000
chr19	18555000	18556000
chr19	18556000	18557000
chr19	18557000	18558000
chr19	18558000	18559000
chr19	18559000	18560000
chr19	18561000	18562000
chr19	18562000	18563000
chr19	18563000	18564000
chr19	18564000	18565000
chr19	18565000	18566000
chr19	18566000	18567000
chr19	18567000	18568000
chr19	18568000	18569000
chr19	18569000	18570000
chr19	18570000	18571000
chr19	18571000	18572000
chr19	18572000	18573000
chr19	18573000	18574000
chr19	18574000	18575000
chr19	18580000	18581000
chr19	18581000	18582000
chr19	18582000	18583000
chr19	18583000	18584000
chr19	18584000	18585000
chr19	18585000	18586000
chr19	18586000	18587000
chr19	18587000	18588000
chr19	18588000	18589000
chr19	18589000	18590000
chr19	18590000	18591000
chr19	18591000	18592000
chr19	18592000	18593000
chr19	18593000	18594000
chr19	18594000	18595000
chr19	18595000	18596000
chr19	18596000	18597000
chr19	18597000	18598000
chr19	18598000	18599000
chr19	18599000	18600000
chr19	18600000	18601000
chr19	18601000	18602000
chr19	18602000	18603000
chr19	18603000	18604000
chr19	18604000	18605000
chr19	18605000	18606000
chr19	18606000	18607000
chr19	18607000	18608000
chr19	18608000	18609000
chr19	18609000	18610000
chr19	18610000	18611000
chr19	18611000	18612000
chr19	18612000	18613000
chr19	18615000	18616000
chr19	18616000	18617000
chr19	18617000	18618000
chr19	18618000	18619000
chr19	18619000	18620000
chr19	18620000	18621000
chr19	18621000	18622000
chr19	18622000	18623000
chr19	18623000	18624000
chr19	18624000	18625000
chr19	18625000	18626000
chr19	18627000	18628000
chr19	18628000	18629000
chr19	18629000	18630000
chr19	18630000	18631000
chr19	18631000	18632000
chr19	18632000	18633000
chr19	18633000	18634000
chr19	18635000	18636000
chr19	18636000	18637000
chr19	18637000	18638000
chr19	18638000	18639000
chr19	18639000	18640000
chr19	18641000	18642000
chr19	18642000	18643000
chr19	18643000	18644000
chr19	18644000	18645000
chr19	18645000	18646000
chr19	18646000	18647000
chr19	18647000	18648000
chr19	18648000	18649000
chr19	18649000	18650000
chr19	18650000	18651000
chr19	18651000	18652000
chr19	18652000	18653000
chr19	18653000	18654000
chr19	18655000	18656000
chr19	18656000	18657000
chr19	18657000	18658000
chr19	18658000	18659000
chr19	18659000	18660000
chr19	18661000	18662000
chr19	18662000	18663000
chr19	18663000	18664000
chr19	18665000	18666000
chr19	18666000	18667000
chr19	18667000	18668000
chr19	18669000	18670000
chr19	18670000	18671000
chr19	18671000	18672000
chr19	18672000	18673000
chr19	18673000	18674000
chr19	18674000	18675000
chr19	18675000	18676000
chr19	18676000	18677000
chr19	18678000	18679000
chr19	18679000	18680000
chr19	18680000	18681000
chr19	18681000	18682000
chr19	18682000	18683000
chr19	18683000	18684000
chr19	18684000	18685000
chr19	18686000	18687000
chr19	18687000	18688000
chr19	18688000	18689000
chr19	18689000	18690000
chr19	18690000	18691000
chr19	18691000	18692000
chr19	18694000	18695000
chr19	18695000	18696000
chr19	18696000	18697000
chr19	18697000	18698000
chr19	18698000	18699000
chr19	18699000	18700000
chr19	18700000	18701000
chr19	18702000	18703000
chr19	18703000	18704000
chr19	18704000	18705000
chr19	18705000	18706000
chr19	18706000	18707000
chr19	18707000	18708000
chr19	18709000	18710000
chr19	18710000	18711000
chr19	18711000	18712000
chr19	18712000	18713000
chr19	18713000	18714000
chr19	18714000	18715000
chr19	18715000	18716000
chr19	18716000	18717000
chr19	18717000	18718000
chr19	18718000	18719000
chr19	18719000	18720000
chr19	18720000	18721000
chr19	18721000	18722000
chr19	18722000	18723000
chr19	18723000	18724000
chr19	18724000	18725000
chr19	18725000	18726000
chr19	18726000	18727000
chr19	18727000	18728000
chr19	18728000	18729000
chr19	18729000	18730000
chr19	18730000	18731000
chr19	18731000	18732000
chr19	18732000	18733000
chr19	18733000	18734000
chr19	18734000	18735000
chr19	18735000	18736000
chr19	18736000	18737000
chr19	18746000	18747000
chr19	18747000	18748000
chr19	18748000	18749000
chr19	18749000	18750000
chr19	18750000	18751000
chr19	18751000	18752000
chr19	18752000	18753000
chr19	18753000	18754000
chr19	18754000	18755000
chr19	18755000	18756000
chr19	18756000	18757000
chr19	18760000	18761000
chr19	18761000	18762000
chr19	18762000	18763000
chr19	18763000	18764000
chr19	18764000	18765000
chr19	18765000	18766000
chr19	18766000	18767000
chr19	18767000	18768000
chr19	18768000	18769000
chr19	18769000	18770000
chr19	18770000	18771000
chr19	18771000	18772000
chr19	18772000	18773000
chr19	18773000	18774000
chr19	18774000	18775000
chr19	18775000	18776000
chr19	18776000	18777000
chr19	18777000	18778000
chr19	18778000	18779000
chr19	18779000	18780000
chr19	18782000	18783000
chr19	18786000	18787000
chr19	18787000	18788000
chr19	18788000	18789000
chr19	18789000	18790000
chr19	18790000	18791000
chr19	18791000	18792000
chr19	18803000	18804000
chr19	18808000	18809000
chr19	18809000	18810000
chr19	18810000	18811000
chr19	18811000	18812000
chr19	18812000	18813000
chr19	18813000	18814000
chr19	18814000	18815000
chr19	18815000	18816000
chr19	18816000	18817000
chr19	18817000	18818000
chr19	18818000	18819000
chr19	18821000	18822000
chr19	18823000	18824000
chr19	18824000	18825000
chr19	18825000	18826000
chr19	18826000	18827000
chr19	18827000	18828000
chr19	18828000	18829000
chr19	18830000	18831000
chr19	18832000	18833000
chr19	18833000	18834000
chr19	18834000	18835000
chr19	18835000	18836000
chr19	18836000	18837000
chr19	18838000	18839000
chr19	18849000	18850000
chr19	18850000	18851000
chr19	18851000	18852000
chr19	18852000	18853000
chr19	18854000	18855000
chr19	18855000	18856000
chr19	18856000	18857000
chr19	18857000	18858000
chr19	18858000	18859000
chr19	18859000	18860000
chr19	18860000	18861000
chr19	18862000	18863000
chr19	18863000	18864000
chr19	18864000	18865000
chr19	18865000	18866000
chr19	18866000	18867000
chr19	18870000	18871000
chr19	18871000	18872000
chr19	18872000	18873000
chr19	18873000	18874000
chr19	18874000	18875000
chr19	18875000	18876000
chr19	18876000	18877000
chr19	18877000	18878000
chr19	18878000	18879000
chr19	18879000	18880000
chr19	18881000	18882000
chr19	18882000	18883000
chr19	18884000	18885000
chr19	18885000	18886000
chr19	18886000	18887000
chr19	18887000	18888000
chr19	18889000	18890000
chr19	18891000	18892000
chr19	18892000	18893000
chr19	18893000	18894000
chr19	18895000	18896000
chr19	18896000	18897000
chr19	18897000	18898000
chr19	18898000	18899000
chr19	18899000	18900000
chr19	18900000	18901000
chr19	18901000	18902000
chr19	18902000	18903000
chr19	18903000	18904000
chr19	18904000	18905000
chr19	18905000	18906000
chr19	18906000	18907000
chr19	18907000	18908000
chr19	18908000	18909000
chr19	18909000	18910000
chr19	18910000	18911000
chr19	18911000	18912000
chr19	18912000	18913000
chr19	18915000	18916000
chr19	18916000	18917000
chr19	18917000	18918000
chr19	18918000	18919000
chr19	18919000	18920000
chr19	18920000	18921000
chr19	18921000	18922000
chr19	18922000	18923000
chr19	18923000	18924000
chr19	18924000	18925000
chr19	18925000	18926000
chr19	18926000	18927000
chr19	18927000	18928000
chr19	18928000	18929000
chr19	18929000	18930000
chr19	18930000	18931000
chr19	18931000	18932000
chr19	18932000	18933000
chr19	18933000	18934000
chr19	18934000	18935000
chr19	18935000	18936000
chr19	18936000	18937000
chr19	18937000	18938000
chr19	18938000	18939000
chr19	18939000	18940000
chr19	18940000	18941000
chr19	18941000	18942000
chr19	18942000	18943000
chr19	18943000	18944000
chr19	18944000	18945000
chr19	18946000	18947000
chr19	18947000	18948000
chr19	18948000	18949000
chr19	18949000	18950000
chr19	18950000	18951000
chr19	18952000	18953000
chr19	18953000	18954000
chr19	18954000	18955000
chr19	18956000	18957000
chr19	18958000	18959000
chr19	18959000	18960000
chr19	18960000	18961000
chr19	18961000	18962000
chr19	18962000	18963000
chr19	18963000	18964000
chr19	18964000	18965000
chr19	18965000	18966000
chr19	18966000	18967000
chr19	18967000	18968000
chr19	18968000	18969000
chr19	18969000	18970000
chr19	18970000	18971000
chr19	18971000	18972000
chr19	18973000	18974000
chr19	18974000	18975000
chr19	18976000	18977000
chr19	18977000	18978000
chr19	18978000	18979000
chr19	18979000	18980000
chr19	18981000	18982000
chr19	18982000	18983000
chr19	18983000	18984000
chr19	18984000	18985000
chr19	18985000	18986000
chr19	18986000	18987000
chr19	18987000	18988000
chr19	18988000	18989000
chr19	18989000	18990000
chr19	18990000	18991000
chr19	18991000	18992000
chr19	18992000	18993000
chr19	18993000	18994000
chr19	18994000	18995000
chr19	18995000	18996000
chr19	18996000	18997000
chr19	18997000	18998000
chr19	18998000	18999000
chr19	18999000	19000000
chr19	19000000	19001000
chr19	19001000	19002000
chr19	19002000	19003000
chr19	19003000	19004000
chr19	19004000	19005000
chr19	19005000	19006000
chr19	19006000	19007000
chr19	19007000	19008000
chr19	19008000	19009000
chr19	19009000	19010000
chr19	19011000	19012000
chr19	19012000	19013000
chr19	19013000	19014000
chr19	19014000	19015000
chr19	19015000	19016000
chr19	19016000	19017000
chr19	19017000	19018000
chr19	19019000	19020000
chr19	19020000	19021000
chr19	19021000	19022000
chr19	19022000	19023000
chr19	19024000	19025000
chr19	19025000	19026000
chr19	19026000	19027000
chr19	19027000	19028000
chr19	19028000	19029000
chr19	19029000	19030000
chr19	19030000	19031000
chr19	19031000	19032000
chr19	19033000	19034000
chr19	19034000	19035000
chr19	19036000	19037000
chr19	19037000	19038000
chr19	19038000	19039000
chr19	19039000	19040000
chr19	19040000	19041000
chr19	19041000	19042000
chr19	19043000	19044000
chr19	19044000	19045000
chr19	19045000	19046000
chr19	19046000	19047000
chr19	19047000	19048000
chr19	19055000	19056000
chr19	19056000	19057000
chr19	19057000	19058000
chr19	19058000	19059000
chr19	19059000	19060000
chr19	19060000	19061000
chr19	19061000	19062000
chr19	19062000	19063000
chr19	19063000	19064000
chr19	19064000	19065000
chr19	19066000	19067000
chr19	19067000	19068000
chr19	19068000	19069000
chr19	19070000	19071000
chr19	19071000	19072000
chr19	19073000	19074000
chr19	19074000	19075000
chr19	19075000	19076000
chr19	19076000	19077000
chr19	19077000	19078000
chr19	19078000	19079000
chr19	19079000	19080000
chr19	19080000	19081000
chr19	19081000	19082000
chr19	19082000	19083000
chr19	19083000	19084000
chr19	19084000	19085000
chr19	19085000	19086000
chr19	19086000	19087000
chr19	19087000	19088000
chr19	19088000	19089000
chr19	19090000	19091000
chr19	19091000	19092000
chr19	19092000	19093000
chr19	19093000	19094000
chr19	19094000	19095000
chr19	19095000	19096000
chr19	19096000	19097000
chr19	19097000	19098000
chr19	19098000	19099000
chr19	19099000	19100000
chr19	19101000	19102000
chr19	19102000	19103000
chr19	19103000	19104000
chr19	19104000	19105000
chr19	19106000	19107000
chr19	19107000	19108000
chr19	19108000	19109000
chr19	19109000	19110000
chr19	19111000	19112000
chr19	19112000	19113000
chr19	19114000	19115000
chr19	19117000	19118000
chr19	19118000	19119000
chr19	19121000	19122000
chr19	19122000	19123000
chr19	19123000	19124000
chr19	19124000	19125000
chr19	19125000	19126000
chr19	19126000	19127000
chr19	19127000	19128000
chr19	19128000	19129000
chr19	19129000	19130000
chr19	19130000	19131000
chr19	19131000	19132000
chr19	19132000	19133000
chr19	19133000	19134000
chr19	19134000	19135000
chr19	19135000	19136000
chr19	19136000	19137000
chr19	19137000	19138000
chr19	19138000	19139000
chr19	19139000	19140000
chr19	19140000	19141000
chr19	19141000	19142000
chr19	19142000	19143000
chr19	19144000	19145000
chr19	19145000	19146000
chr19	19146000	19147000
chr19	19147000	19148000
chr19	19149000	19150000
chr19	19150000	19151000
chr19	19153000	19154000
chr19	19154000	19155000
chr19	19155000	19156000
chr19	19156000	19157000
chr19	19157000	19158000
chr19	19158000	19159000
chr19	19159000	19160000
chr19	19160000	19161000
chr19	19161000	19162000
chr19	19162000	19163000
chr19	19163000	19164000
chr19	19164000	19165000
chr19	19165000	19166000
chr19	19167000	19168000
chr19	19169000	19170000
chr19	19170000	19171000
chr19	19171000	19172000
chr19	19172000	19173000
chr19	19173000	19174000
chr19	19178000	19179000
chr19	19179000	19180000
chr19	19180000	19181000
chr19	19181000	19182000
chr19	19182000	19183000
chr19	19183000	19184000
chr19	19184000	19185000
chr19	19185000	19186000
chr19	19186000	19187000
chr19	19187000	19188000
chr19	19188000	19189000
chr19	19189000	19190000
chr19	19190000	19191000
chr19	19191000	19192000
chr19	19192000	19193000
chr19	19193000	19194000
chr19	19194000	19195000
chr19	19195000	19196000
chr19	19197000	19198000
chr19	19198000	19199000
chr19	19199000	19200000
chr19	19200000	19201000
chr19	19201000	19202000
chr19	19202000	19203000
chr19	19203000	19204000
chr19	19204000	19205000
chr19	19205000	19206000
chr19	19206000	19207000
chr19	19207000	19208000
chr19	19208000	19209000
chr19	19215000	19216000
chr19	19216000	19217000
chr19	19217000	19218000
chr19	19218000	19219000
chr19	19219000	19220000
chr19	19221000	19222000
chr19	19222000	19223000
chr19	19223000	19224000
chr19	19227000	19228000
chr19	19228000	19229000
chr19	19232000	19233000
chr19	19234000	19235000
chr19	19235000	19236000
chr19	19236000	19237000
chr19	19237000	19238000
chr19	19238000	19239000
chr19	19239000	19240000
chr19	19240000	19241000
chr19	19241000	19242000
chr19	19243000	19244000
chr19	19246000	19247000
chr19	19247000	19248000
chr19	19248000	19249000
chr19	19249000	19250000
chr19	19251000	19252000
chr19	19252000	19253000
chr19	19255000	19256000
chr19	19256000	19257000
chr19	19257000	19258000
chr19	19258000	19259000
chr19	19259000	19260000
chr19	19260000	19261000
chr19	19261000	19262000
chr19	19262000	19263000
chr19	19263000	19264000
chr19	19264000	19265000
chr19	19265000	19266000
chr19	19266000	19267000
chr19	19267000	19268000
chr19	19268000	19269000
chr19	19269000	19270000
chr19	19270000	19271000
chr19	19271000	19272000
chr19	19283000	19284000
chr19	19285000	19286000
chr19	19286000	19287000
chr19	19287000	19288000
chr19	19289000	19290000
chr19	19290000	19291000
chr19	19291000	19292000
chr19	19292000	19293000
chr19	19294000	19295000
chr19	19295000	19296000
chr19	19296000	19297000
chr19	19297000	19298000
chr19	19298000	19299000
chr19	19299000	19300000
chr19	19300000	19301000
chr19	19303000	19304000
chr19	19304000	19305000
chr19	19306000	19307000
chr19	19307000	19308000
chr19	19308000	19309000
chr19	19309000	19310000
chr19	19311000	19312000
chr19	19312000	19313000
chr19	19313000	19314000
chr19	19314000	19315000
chr19	19315000	19316000
chr19	19316000	19317000
chr19	19317000	19318000
chr19	19318000	19319000
chr19	19319000	19320000
chr19	19320000	19321000
chr19	19321000	19322000
chr19	19322000	19323000
chr19	19323000	19324000
chr19	19324000	19325000
chr19	19325000	19326000
chr19	19326000	19327000
chr19	19327000	19328000
chr19	19328000	19329000
chr19	19329000	19330000
chr19	19330000	19331000
chr19	19331000	19332000
chr19	19332000	19333000
chr19	19334000	19335000
chr19	19335000	19336000
chr19	19336000	19337000
chr19	19338000	19339000
chr19	19339000	19340000
chr19	19340000	19341000
chr19	19341000	19342000
chr19	19342000	19343000
chr19	19361000	19362000
chr19	19362000	19363000
chr19	19364000	19365000
chr19	19365000	19366000
chr19	19366000	19367000
chr19	19378000	19379000
chr19	19383000	19384000
chr19	19384000	19385000
chr19	19385000	19386000
chr19	19386000	19387000
chr19	19387000	19388000
chr19	19390000	19391000
chr19	19391000	19392000
chr19	19392000	19393000
chr19	19393000	19394000
chr19	19394000	19395000
chr19	19395000	19396000
chr19	19396000	19397000
chr19	19398000	19399000
chr19	19399000	19400000
chr19	19400000	19401000
chr19	19401000	19402000
chr19	19402000	19403000
chr19	19403000	19404000
chr19	19404000	19405000
chr19	19405000	19406000
chr19	19406000	19407000
chr19	19407000	19408000
chr19	19408000	19409000
chr19	19409000	19410000
chr19	19411000	19412000
chr19	19412000	19413000
chr19	19414000	19415000
chr19	19415000	19416000
chr19	19416000	19417000
chr19	19417000	19418000
chr19	19419000	19420000
chr19	19420000	19421000
chr19	19421000	19422000
chr19	19422000	19423000
chr19	19423000	19424000
chr19	19424000	19425000
chr19	19425000	19426000
chr19	19427000	19428000
chr19	19428000	19429000
chr19	19429000	19430000
chr19	19430000	19431000
chr19	19431000	19432000
chr19	19432000	19433000
chr19	19433000	19434000
chr19	19434000	19435000
chr19	19435000	19436000
chr19	19436000	19437000
chr19	19437000	19438000
chr19	19438000	19439000
chr19	19439000	19440000
chr19	19440000	19441000
chr19	19441000	19442000
chr19	19442000	19443000
chr19	19443000	19444000
chr19	19444000	19445000
chr19	19445000	19446000
chr19	19446000	19447000
chr19	19449000	19450000
chr19	19450000	19451000
chr19	19451000	19452000
chr19	19453000	19454000
chr19	19454000	19455000
chr19	19455000	19456000
chr19	19456000	19457000
chr19	19457000	19458000
chr19	19458000	19459000
chr19	19459000	19460000
chr19	19460000	19461000
chr19	19461000	19462000
chr19	19463000	19464000
chr19	19464000	19465000
chr19	19465000	19466000
chr19	19466000	19467000
chr19	19467000	19468000
chr19	19468000	19469000
chr19	19469000	19470000
chr19	19470000	19471000
chr19	19471000	19472000
chr19	19473000	19474000
chr19	19475000	19476000
chr19	19478000	19479000
chr19	19489000	19490000
chr19	19490000	19491000
chr19	19491000	19492000
chr19	19492000	19493000
chr19	19493000	19494000
chr19	19494000	19495000
chr19	19495000	19496000
chr19	19496000	19497000
chr19	19497000	19498000
chr19	19498000	19499000
chr19	19499000	19500000
chr19	19500000	19501000
chr19	19501000	19502000
chr19	19502000	19503000
chr19	19503000	19504000
chr19	19504000	19505000
chr19	19505000	19506000
chr19	19506000	19507000
chr19	19507000	19508000
chr19	19508000	19509000
chr19	19512000	19513000
chr19	19513000	19514000
chr19	19514000	19515000
chr19	19515000	19516000
chr19	19516000	19517000
chr19	19517000	19518000
chr19	19518000	19519000
chr19	19519000	19520000
chr19	19520000	19521000
chr19	19521000	19522000
chr19	19522000	19523000
chr19	19523000	19524000
chr19	19524000	19525000
chr19	19527000	19528000
chr19	19528000	19529000
chr19	19530000	19531000
chr19	19531000	19532000
chr19	19532000	19533000
chr19	19533000	19534000
chr19	19534000	19535000
chr19	19535000	19536000
chr19	19537000	19538000
chr19	19538000	19539000
chr19	19539000	19540000
chr19	19540000	19541000
chr19	19541000	19542000
chr19	19542000	19543000
chr19	19543000	19544000
chr19	19545000	19546000
chr19	19546000	19547000
chr19	19547000	19548000
chr19	19548000	19549000
chr19	19549000	19550000
chr19	19550000	19551000
chr19	19551000	19552000
chr19	19552000	19553000
chr19	19553000	19554000
chr19	19554000	19555000
chr19	19556000	19557000
chr19	19557000	19558000
chr19	19558000	19559000
chr19	19561000	19562000
chr19	19562000	19563000
chr19	19573000	19574000
chr19	19574000	19575000
chr19	19575000	19576000
chr19	19576000	19577000
chr19	19577000	19578000
chr19	19578000	19579000
chr19	19579000	19580000
chr19	19580000	19581000
chr19	19583000	19584000
chr19	19584000	19585000
chr19	19585000	19586000
chr19	19586000	19587000
chr19	19587000	19588000
chr19	19589000	19590000
chr19	19590000	19591000
chr19	19591000	19592000
chr19	19592000	19593000
chr19	19593000	19594000
chr19	19594000	19595000
chr19	19595000	19596000
chr19	19596000	19597000
chr19	19598000	19599000
chr19	19599000	19600000
chr19	19600000	19601000
chr19	19601000	19602000
chr19	19602000	19603000
chr19	19603000	19604000
chr19	19604000	19605000
chr19	19605000	19606000
chr19	19606000	19607000
chr19	19608000	19609000
chr19	19611000	19612000
chr19	19612000	19613000
chr19	19613000	19614000
chr19	19614000	19615000
chr19	19616000	19617000
chr19	19617000	19618000
chr19	19618000	19619000
chr19	19619000	19620000
chr19	19621000	19622000
chr19	19622000	19623000
chr19	19623000	19624000
chr19	19624000	19625000
chr19	19625000	19626000
chr19	19626000	19627000
chr19	19627000	19628000
chr19	19630000	19631000
chr19	19631000	19632000
chr19	19632000	19633000
chr19	19633000	19634000
chr19	19634000	19635000
chr19	19635000	19636000
chr19	19636000	19637000
chr19	19637000	19638000
chr19	19638000	19639000
chr19	19639000	19640000
chr19	19640000	19641000
chr19	19641000	19642000
chr19	19642000	19643000
chr19	19643000	19644000
chr19	19644000	19645000
chr19	19645000	19646000
chr19	19646000	19647000
chr19	19647000	19648000
chr19	19648000	19649000
chr19	19649000	19650000
chr19	19651000	19652000
chr19	19652000	19653000
chr19	19653000	19654000
chr19	19654000	19655000
chr19	19656000	19657000
chr19	19657000	19658000
chr19	19658000	19659000
chr19	19659000	19660000
chr19	19660000	19661000
chr19	19662000	19663000
chr19	19663000	19664000
chr19	19664000	19665000
chr19	19665000	19666000
chr19	19666000	19667000
chr19	19667000	19668000
chr19	19668000	19669000
chr19	19669000	19670000
chr19	19670000	19671000
chr19	19674000	19675000
chr19	19675000	19676000
chr19	19676000	19677000
chr19	19677000	19678000
chr19	19678000	19679000
chr19	19679000	19680000
chr19	19680000	19681000
chr19	19681000	19682000
chr19	19682000	19683000
chr19	19683000	19684000
chr19	19686000	19687000
chr19	19687000	19688000
chr19	19688000	19689000
chr19	19690000	19691000
chr19	19691000	19692000
chr19	19693000	19694000
chr19	19695000	19696000
chr19	19696000	19697000
chr19	19697000	19698000
chr19	19698000	19699000
chr19	19699000	19700000
chr19	19700000	19701000
chr19	19701000	19702000
chr19	19702000	19703000
chr19	19703000	19704000
chr19	19704000	19705000
chr19	19705000	19706000
chr19	19706000	19707000
chr19	19707000	19708000
chr19	19708000	19709000
chr19	19709000	19710000
chr19	19710000	19711000
chr19	19711000	19712000
chr19	19712000	19713000
chr19	19714000	19715000
chr19	19715000	19716000
chr19	19717000	19718000
chr19	19718000	19719000
chr19	19719000	19720000
chr19	19720000	19721000
chr19	19721000	19722000
chr19	19722000	19723000
chr19	19723000	19724000
chr19	19724000	19725000
chr19	19725000	19726000
chr19	19726000	19727000
chr19	19728000	19729000
chr19	19729000	19730000
chr19	19730000	19731000
chr19	19731000	19732000
chr19	19732000	19733000
chr19	19733000	19734000
chr19	19734000	19735000
chr19	19735000	19736000
chr19	19736000	19737000
chr19	19737000	19738000
chr19	19738000	19739000
chr19	19739000	19740000
chr19	19740000	19741000
chr19	19741000	19742000
chr19	19742000	19743000
chr19	19743000	19744000
chr19	19745000	19746000
chr19	19746000	19747000
chr19	19747000	19748000
chr19	19748000	19749000
chr19	19749000	19750000
chr19	19750000	19751000
chr19	19751000	19752000
chr19	19752000	19753000
chr19	19753000	19754000
chr19	19754000	19755000
chr19	19755000	19756000
chr19	19756000	19757000
chr19	19757000	19758000
chr19	19760000	19761000
chr19	19761000	19762000
chr19	19762000	19763000
chr19	19763000	19764000
chr19	19765000	19766000
chr19	19767000	19768000
chr19	19768000	19769000
chr19	19770000	19771000
chr19	19771000	19772000
chr19	19772000	19773000
chr19	19773000	19774000
chr19	19774000	19775000
chr19	19775000	19776000
chr19	19776000	19777000
chr19	19777000	19778000
chr19	19778000	19779000
chr19	19781000	19782000
chr19	19782000	19783000
chr19	19783000	19784000
chr19	19784000	19785000
chr19	19785000	19786000
chr19	19786000	19787000
chr19	19788000	19789000
chr19	19789000	19790000
chr19	19790000	19791000
chr19	19792000	19793000
chr19	19793000	19794000
chr19	19794000	19795000
chr19	19795000	19796000
chr19	19797000	19798000
chr19	19798000	19799000
chr19	19799000	19800000
chr19	19800000	19801000
chr19	19802000	19803000
chr19	19804000	19805000
chr19	19805000	19806000
chr19	19806000	19807000
chr19	19807000	19808000
chr19	19808000	19809000
chr19	19809000	19810000
chr19	19810000	19811000
chr19	19811000	19812000
chr19	19812000	19813000
chr19	19813000	19814000
chr19	19814000	19815000
chr19	19815000	19816000
chr19	19816000	19817000
chr19	19817000	19818000
chr19	19818000	19819000
chr19	19819000	19820000
chr19	19820000	19821000
chr19	19821000	19822000
chr19	19822000	19823000
chr19	19824000	19825000
chr19	19825000	19826000
chr19	19826000	19827000
chr19	19827000	19828000
chr19	19828000	19829000
chr19	19829000	19830000
chr19	19830000	19831000
chr19	19831000	19832000
chr19	19833000	19834000
chr19	19834000	19835000
chr19	19835000	19836000
chr19	19836000	19837000
chr19	19837000	19838000
chr19	19838000	19839000
chr19	19839000	19840000
chr19	19840000	19841000
chr19	19841000	19842000
chr19	19842000	19843000
chr19	19843000	19844000
chr19	19844000	19845000
chr19	19845000	19846000
chr19	19846000	19847000
chr19	19847000	19848000
chr19	19848000	19849000
chr19	19849000	19850000
chr19	19850000	19851000
chr19	19851000	19852000
chr19	19855000	19856000
chr19	19856000	19857000
chr19	19858000	19859000
chr19	19860000	19861000
chr19	19861000	19862000
chr19	19862000	19863000
chr19	19863000	19864000
chr19	19864000	19865000
chr19	19865000	19866000
chr19	19866000	19867000
chr19	19867000	19868000
chr19	19868000	19869000
chr19	19869000	19870000
chr19	19870000	19871000
chr19	19873000	19874000
chr19	19874000	19875000
chr19	19875000	19876000
chr19	19876000	19877000
chr19	19877000	19878000
chr19	19878000	19879000
chr19	19879000	19880000
chr19	19880000	19881000
chr19	19881000	19882000
chr19	19884000	19885000
chr19	19885000	19886000
chr19	19886000	19887000
chr19	19887000	19888000
chr19	19889000	19890000
chr19	19890000	19891000
chr19	19891000	19892000
chr19	19893000	19894000
chr19	19894000	19895000
chr19	19896000	19897000
chr19	19898000	19899000
chr19	19899000	19900000
chr19	19901000	19902000
chr19	19903000	19904000
chr19	19904000	19905000
chr19	19905000	19906000
chr19	19906000	19907000
chr19	19907000	19908000
chr19	19908000	19909000
chr19	19909000	19910000
chr19	19910000	19911000
chr19	19911000	19912000
chr19	19913000	19914000
chr19	19914000	19915000
chr19	19915000	19916000
chr19	19917000	19918000
chr19	19919000	19920000
chr19	19920000	19921000
chr19	19921000	19922000
chr19	19927000	19928000
chr19	19929000	19930000
chr19	19930000	19931000
chr19	19931000	19932000
chr19	19933000	19934000
chr19	19934000	19935000
chr19	19935000	19936000
chr19	19936000	19937000
chr19	19940000	19941000
chr19	19941000	19942000
chr19	19942000	19943000
chr19	19943000	19944000
chr19	19944000	19945000
chr19	19946000	19947000
chr19	19947000	19948000
chr19	19948000	19949000
chr19	19950000	19951000
chr19	19952000	19953000
chr19	19953000	19954000
chr19	19960000	19961000
chr19	19961000	19962000
chr19	19964000	19965000
chr19	19965000	19966000
chr19	19966000	19967000
chr19	19967000	19968000
chr19	19968000	19969000
chr19	19969000	19970000
chr19	19971000	19972000
chr19	19972000	19973000
chr19	19975000	19976000
chr19	19976000	19977000
chr19	19977000	19978000
chr19	19978000	19979000
chr19	19979000	19980000
chr19	19980000	19981000
chr19	19981000	19982000
chr19	19982000	19983000
chr19	19983000	19984000
chr19	19984000	19985000
chr19	19985000	19986000
chr19	19986000	19987000
chr19	19987000	19988000
chr19	19990000	19991000
chr19	19991000	19992000
chr19	19992000	19993000
chr19	19993000	19994000
chr19	19994000	19995000
chr19	19995000	19996000
chr19	19996000	19997000
chr19	19997000	19998000
chr19	19998000	19999000
chr19	19999000	20000000
chr19	20000000	20001000
chr19	20001000	20002000
chr19	20002000	20003000
chr19	20003000	20004000
chr19	20004000	20005000
chr19	20005000	20006000
chr19	20009000	20010000
chr19	20010000	20011000
chr19	20011000	20012000
chr19	20012000	20013000
chr19	20013000	20014000
chr19	20014000	20015000
chr19	20015000	20016000
chr19	20016000	20017000
chr19	20019000	20020000
chr19	20020000	20021000
chr19	20021000	20022000
chr19	20022000	20023000
chr19	20023000	20024000
chr19	20024000	20025000
chr19	20025000	20026000
chr19	20028000	20029000
chr19	20029000	20030000
chr19	20030000	20031000
chr19	20033000	20034000
chr19	20036000	20037000
chr19	20037000	20038000
chr19	20038000	20039000
chr19	20039000	20040000
chr19	20040000	20041000
chr19	20042000	20043000
chr19	20043000	20044000
chr19	20045000	20046000
chr19	20046000	20047000
chr19	20047000	20048000
chr19	20049000	20050000
chr19	20051000	20052000
chr19	20052000	20053000
chr19	20053000	20054000
chr19	20055000	20056000
chr19	20056000	20057000
chr19	20057000	20058000
chr19	20058000	20059000
chr19	20059000	20060000
chr19	20060000	20061000
chr19	20063000	20064000
chr19	20064000	20065000
chr19	20065000	20066000
chr19	20066000	20067000
chr19	20067000	20068000
chr19	20069000	20070000
chr19	20070000	20071000
chr19	20071000	20072000
chr19	20072000	20073000
chr19	20074000	20075000
chr19	20076000	20077000
chr19	20077000	20078000
chr19	20078000	20079000
chr19	20081000	20082000
chr19	20082000	20083000
chr19	20084000	20085000
chr19	20085000	20086000
chr19	20086000	20087000
chr19	20087000	20088000
chr19	20088000	20089000
chr19	20089000	20090000
chr19	20090000	20091000
chr19	20091000	20092000
chr19	20093000	20094000
chr19	20095000	20096000
chr19	20096000	20097000
chr19	20097000	20098000
chr19	20098000	20099000
chr19	20099000	20100000
chr19	20100000	20101000
chr19	20101000	20102000
chr19	20102000	20103000
chr19	20103000	20104000
chr19	20104000	20105000
chr19	20105000	20106000
chr19	20106000	20107000
chr19	20107000	20108000
chr19	20108000	20109000
chr19	20109000	20110000
chr19	20110000	20111000
chr19	20111000	20112000
chr19	20112000	20113000
chr19	20113000	20114000
chr19	20114000	20115000
chr19	20116000	20117000
chr19	20117000	20118000
chr19	20118000	20119000
chr19	20119000	20120000
chr19	20120000	20121000
chr19	20121000	20122000
chr19	20122000	20123000
chr19	20124000	20125000
chr19	20125000	20126000
chr19	20126000	20127000
chr19	20127000	20128000
chr19	20128000	20129000
chr19	20129000	20130000
chr19	20130000	20131000
chr19	20131000	20132000
chr19	20132000	20133000
chr19	20133000	20134000
chr19	20134000	20135000
chr19	20135000	20136000
chr19	20136000	20137000
chr19	20137000	20138000
chr19	20138000	20139000
chr19	20142000	20143000
chr19	20143000	20144000
chr19	20144000	20145000
chr19	20146000	20147000
chr19	20147000	20148000
chr19	20148000	20149000
chr19	20149000	20150000
chr19	20150000	20151000
chr19	20153000	20154000
chr19	20154000	20155000
chr19	20155000	20156000
chr19	20156000	20157000
chr19	20159000	20160000
chr19	20162000	20163000
chr19	20163000	20164000
chr19	20164000	20165000
chr19	20165000	20166000
chr19	20166000	20167000
chr19	20168000	20169000
chr19	20169000	20170000
chr19	20170000	20171000
chr19	20171000	20172000
chr19	20172000	20173000
chr19	20173000	20174000
chr19	20174000	20175000
chr19	20175000	20176000
chr19	20176000	20177000
chr19	20177000	20178000
chr19	20178000	20179000
chr19	20180000	20181000
chr19	20181000	20182000
chr19	20182000	20183000
chr19	20184000	20185000
chr19	20185000	20186000
chr19	20186000	20187000
chr19	20187000	20188000
chr19	20188000	20189000
chr19	20189000	20190000
chr19	20190000	20191000
chr19	20191000	20192000
chr19	20192000	20193000
chr19	20193000	20194000
chr19	20194000	20195000
chr19	20195000	20196000
chr19	20196000	20197000
chr19	20198000	20199000
chr19	20199000	20200000
chr19	20200000	20201000
chr19	20201000	20202000
chr19	20202000	20203000
chr19	20203000	20204000
chr19	20204000	20205000
chr19	20210000	20211000
chr19	20216000	20217000
chr19	20217000	20218000
chr19	20218000	20219000
chr19	20219000	20220000
chr19	20220000	20221000
chr19	20221000	20222000
chr19	20222000	20223000
chr19	20223000	20224000
chr19	20224000	20225000
chr19	20227000	20228000
chr19	20228000	20229000
chr19	20229000	20230000
chr19	20230000	20231000
chr19	20231000	20232000
chr19	20232000	20233000
chr19	20233000	20234000
chr19	20234000	20235000
chr19	20235000	20236000
chr19	20236000	20237000
chr19	20239000	20240000
chr19	20240000	20241000
chr19	20242000	20243000
chr19	20243000	20244000
chr19	20244000	20245000
chr19	20245000	20246000
chr19	20246000	20247000
chr19	20247000	20248000
chr19	20248000	20249000
chr19	20249000	20250000
chr19	20250000	20251000
chr19	20251000	20252000
chr19	20252000	20253000
chr19	20253000	20254000
chr19	20254000	20255000
chr19	20255000	20256000
chr19	20256000	20257000
chr19	20257000	20258000
chr19	20258000	20259000
chr19	20260000	20261000
chr19	20261000	20262000
chr19	20262000	20263000
chr19	20263000	20264000
chr19	20264000	20265000
chr19	20265000	20266000
chr19	20266000	20267000
chr19	20267000	20268000
chr19	20268000	20269000
chr19	20269000	20270000
chr19	20270000	20271000
chr19	20271000	20272000
chr19	20272000	20273000
chr19	20273000	20274000
chr19	20274000	20275000
chr19	20275000	20276000
chr19	20276000	20277000
chr19	20277000	20278000
chr19	20281000	20282000
chr19	20284000	20285000
chr19	20285000	20286000
chr19	20286000	20287000
chr19	20287000	20288000
chr19	20288000	20289000
chr19	20289000	20290000
chr19	20290000	20291000
chr19	20291000	20292000
chr19	20292000	20293000
chr19	20296000	20297000
chr19	20298000	20299000
chr19	20299000	20300000
chr19	20301000	20302000
chr19	20302000	20303000
chr19	20303000	20304000
chr19	20304000	20305000
chr19	20305000	20306000
chr19	20307000	20308000
chr19	20310000	20311000
chr19	20311000	20312000
chr19	20313000	20314000
chr19	20316000	20317000
chr19	20317000	20318000
chr19	20318000	20319000
chr19	20319000	20320000
chr19	20320000	20321000
chr19	20321000	20322000
chr19	20322000	20323000
chr19	20323000	20324000
chr19	20324000	20325000
chr19	20325000	20326000
chr19	20326000	20327000
chr19	20327000	20328000
chr19	20328000	20329000
chr19	20329000	20330000
chr19	20330000	20331000
chr19	20331000	20332000
chr19	20332000	20333000
chr19	20333000	20334000
chr19	20334000	20335000
chr19	20335000	20336000
chr19	20336000	20337000
chr19	20338000	20339000
chr19	20339000	20340000
chr19	20341000	20342000
chr19	20342000	20343000
chr19	20343000	20344000
chr19	20344000	20345000
chr19	20345000	20346000
chr19	20346000	20347000
chr19	20347000	20348000
chr19	20348000	20349000
chr19	20350000	20351000
chr19	20351000	20352000
chr19	20352000	20353000
chr19	20353000	20354000
chr19	20355000	20356000
chr19	20360000	20361000
chr19	20361000	20362000
chr19	20362000	20363000
chr19	20363000	20364000
chr19	20365000	20366000
chr19	20366000	20367000
chr19	20367000	20368000
chr19	20368000	20369000
chr19	20369000	20370000
chr19	20370000	20371000
chr19	20372000	20373000
chr19	20379000	20380000
chr19	20380000	20381000
chr19	20381000	20382000
chr19	20382000	20383000
chr19	20383000	20384000
chr19	20387000	20388000
chr19	20388000	20389000
chr19	20389000	20390000
chr19	20390000	20391000
chr19	20391000	20392000
chr19	20392000	20393000
chr19	20393000	20394000
chr19	20394000	20395000
chr19	20395000	20396000
chr19	20396000	20397000
chr19	20398000	20399000
chr19	20399000	20400000
chr19	20400000	20401000
chr19	20401000	20402000
chr19	20402000	20403000
chr19	20403000	20404000
chr19	20404000	20405000
chr19	20407000	20408000
chr19	20408000	20409000
chr19	20409000	20410000
chr19	20410000	20411000
chr19	20411000	20412000
chr19	20412000	20413000
chr19	20413000	20414000
chr19	20414000	20415000
chr19	20417000	20418000
chr19	20418000	20419000
chr19	20420000	20421000
chr19	20421000	20422000
chr19	20422000	20423000
chr19	20423000	20424000
chr19	20424000	20425000
chr19	20425000	20426000
chr19	20426000	20427000
chr19	20427000	20428000
chr19	20428000	20429000
chr19	20429000	20430000
chr19	20430000	20431000
chr19	20431000	20432000
chr19	20433000	20434000
chr19	20434000	20435000
chr19	20435000	20436000
chr19	20436000	20437000
chr19	20437000	20438000
chr19	20438000	20439000
chr19	20439000	20440000
chr19	20440000	20441000
chr19	20442000	20443000
chr19	20443000	20444000
chr19	20444000	20445000
chr19	20445000	20446000
chr19	20446000	20447000
chr19	20447000	20448000
chr19	20449000	20450000
chr19	20450000	20451000
chr19	20451000	20452000
chr19	20452000	20453000
chr19	20453000	20454000
chr19	20454000	20455000
chr19	20455000	20456000
chr19	20458000	20459000
chr19	20460000	20461000
chr19	20461000	20462000
chr19	20462000	20463000
chr19	20463000	20464000
chr19	20464000	20465000
chr19	20465000	20466000
chr19	20468000	20469000
chr19	20470000	20471000
chr19	20471000	20472000
chr19	20472000	20473000
chr19	20473000	20474000
chr19	20474000	20475000
chr19	20475000	20476000
chr19	20476000	20477000
chr19	20477000	20478000
chr19	20478000	20479000
chr19	20479000	20480000
chr19	20480000	20481000
chr19	20481000	20482000
chr19	20483000	20484000
chr19	20484000	20485000
chr19	20485000	20486000
chr19	20486000	20487000
chr19	20487000	20488000
chr19	20488000	20489000
chr19	20489000	20490000
chr19	20490000	20491000
chr19	20491000	20492000
chr19	20493000	20494000
chr19	20495000	20496000
chr19	20496000	20497000
chr19	20497000	20498000
chr19	20500000	20501000
chr19	20502000	20503000
chr19	20503000	20504000
chr19	20504000	20505000
chr19	20505000	20506000
chr19	20506000	20507000
chr19	20507000	20508000
chr19	20508000	20509000
chr19	20509000	20510000
chr19	20512000	20513000
chr19	20513000	20514000
chr19	20514000	20515000
chr19	20518000	20519000
chr19	20519000	20520000
chr19	20523000	20524000
chr19	20524000	20525000
chr19	20525000	20526000
chr19	20526000	20527000
chr19	20532000	20533000
chr19	20536000	20537000
chr19	20537000	20538000
chr19	20540000	20541000
chr19	20541000	20542000
chr19	20542000	20543000
chr19	20543000	20544000
chr19	20544000	20545000
chr19	20545000	20546000
chr19	20546000	20547000
chr19	20547000	20548000
chr19	20548000	20549000
chr19	20549000	20550000
chr19	20550000	20551000
chr19	20551000	20552000
chr19	20552000	20553000
chr19	20553000	20554000
chr19	20554000	20555000
chr19	20555000	20556000
chr19	20556000	20557000
chr19	20558000	20559000
chr19	20559000	20560000
chr19	20560000	20561000
chr19	20561000	20562000
chr19	20563000	20564000
chr19	20565000	20566000
chr19	20566000	20567000
chr19	20568000	20569000
chr19	20569000	20570000
chr19	20570000	20571000
chr19	20571000	20572000
chr19	20572000	20573000
chr19	20574000	20575000
chr19	20575000	20576000
chr19	20578000	20579000
chr19	20579000	20580000
chr19	20580000	20581000
chr19	20581000	20582000
chr19	20582000	20583000
chr19	20583000	20584000
chr19	20584000	20585000
chr19	20586000	20587000
chr19	20587000	20588000
chr19	20588000	20589000
chr19	20589000	20590000
chr19	20590000	20591000
chr19	20591000	20592000
chr19	20592000	20593000
chr19	20594000	20595000
chr19	20595000	20596000
chr19	20596000	20597000
chr19	20597000	20598000
chr19	20598000	20599000
chr19	20601000	20602000
chr19	20604000	20605000
chr19	20608000	20609000
chr19	20610000	20611000
chr19	20611000	20612000
chr19	20614000	20615000
chr19	20615000	20616000
chr19	20619000	20620000
chr19	20620000	20621000
chr19	20621000	20622000
chr19	20622000	20623000
chr19	20624000	20625000
chr19	20625000	20626000
chr19	20628000	20629000
chr19	20629000	20630000
chr19	20630000	20631000
chr19	20632000	20633000
chr19	20633000	20634000
chr19	20634000	20635000
chr19	20635000	20636000
chr19	20636000	20637000
chr19	20637000	20638000
chr19	20638000	20639000
chr19	20639000	20640000
chr19	20644000	20645000
chr19	20647000	20648000
chr19	20650000	20651000
chr19	20651000	20652000
chr19	20652000	20653000
chr19	20656000	20657000
chr19	20657000	20658000
chr19	20658000	20659000
chr19	20659000	20660000
chr19	20660000	20661000
chr19	20661000	20662000
chr19	20662000	20663000
chr19	20663000	20664000
chr19	20666000	20667000
chr19	20667000	20668000
chr19	20668000	20669000
chr19	20669000	20670000
chr19	20670000	20671000
chr19	20672000	20673000
chr19	20673000	20674000
chr19	20674000	20675000
chr19	20675000	20676000
chr19	20676000	20677000
chr19	20677000	20678000
chr19	20678000	20679000
chr19	20679000	20680000
chr19	20681000	20682000
chr19	20682000	20683000
chr19	20683000	20684000
chr19	20684000	20685000
chr19	20686000	20687000
chr19	20687000	20688000
chr19	20688000	20689000
chr19	20689000	20690000
chr19	20690000	20691000
chr19	20691000	20692000
chr19	20692000	20693000
chr19	20693000	20694000
chr19	20694000	20695000
chr19	20696000	20697000
chr19	20697000	20698000
chr19	20698000	20699000
chr19	20699000	20700000
chr19	20700000	20701000
chr19	20701000	20702000
chr19	20705000	20706000
chr19	20706000	20707000
chr19	20707000	20708000
chr19	20708000	20709000
chr19	20709000	20710000
chr19	20710000	20711000
chr19	20711000	20712000
chr19	20712000	20713000
chr19	20713000	20714000
chr19	20715000	20716000
chr19	20716000	20717000
chr19	20717000	20718000
chr19	20718000	20719000
chr19	20721000	20722000
chr19	20722000	20723000
chr19	20723000	20724000
chr19	20724000	20725000
chr19	20725000	20726000
chr19	20730000	20731000
chr19	20731000	20732000
chr19	20732000	20733000
chr19	20733000	20734000
chr19	20734000	20735000
chr19	20735000	20736000
chr19	20736000	20737000
chr19	20737000	20738000
chr19	20738000	20739000
chr19	20739000	20740000
chr19	20740000	20741000
chr19	20741000	20742000
chr19	20744000	20745000
chr19	20745000	20746000
chr19	20746000	20747000
chr19	20747000	20748000
chr19	20748000	20749000
chr19	20749000	20750000
chr19	20750000	20751000
chr19	20770000	20771000
chr19	20772000	20773000
chr19	20775000	20776000
chr19	20776000	20777000
chr19	20777000	20778000
chr19	20791000	20792000
chr19	20792000	20793000
chr19	20795000	20796000
chr19	20799000	20800000
chr19	20800000	20801000
chr19	20805000	20806000
chr19	20807000	20808000
chr19	20808000	20809000
chr19	20809000	20810000
chr19	20810000	20811000
chr19	20811000	20812000
chr19	20812000	20813000
chr19	20816000	20817000
chr19	20817000	20818000
chr19	20818000	20819000
chr19	20819000	20820000
chr19	20820000	20821000
chr19	20821000	20822000
chr19	20825000	20826000
chr19	20826000	20827000
chr19	20828000	20829000
chr19	20829000	20830000
chr19	20831000	20832000
chr19	20832000	20833000
chr19	20833000	20834000
chr19	20834000	20835000
chr19	20835000	20836000
chr19	20836000	20837000
chr19	20837000	20838000
chr19	20838000	20839000
chr19	20839000	20840000
chr19	20841000	20842000
chr19	20842000	20843000
chr19	20843000	20844000
chr19	20844000	20845000
chr19	20845000	20846000
chr19	20846000	20847000
chr19	20847000	20848000
chr19	20848000	20849000
chr19	20849000	20850000
chr19	20850000	20851000
chr19	20851000	20852000
chr19	20852000	20853000
chr19	20853000	20854000
chr19	20854000	20855000
chr19	20855000	20856000
chr19	20856000	20857000
chr19	20857000	20858000
chr19	20859000	20860000
chr19	20860000	20861000
chr19	20861000	20862000
chr19	20862000	20863000
chr19	20864000	20865000
chr19	20865000	20866000
chr19	20866000	20867000
chr19	20867000	20868000
chr19	20868000	20869000
chr19	20869000	20870000
chr19	20870000	20871000
chr19	20871000	20872000
chr19	20875000	20876000
chr19	20876000	20877000
chr19	20881000	20882000
chr19	20882000	20883000
chr19	20883000	20884000
chr19	20884000	20885000
chr19	20885000	20886000
chr19	20886000	20887000
chr19	20888000	20889000
chr19	20890000	20891000
chr19	20891000	20892000
chr19	20892000	20893000
chr19	20893000	20894000
chr19	20894000	20895000
chr19	20895000	20896000
chr19	20896000	20897000
chr19	20897000	20898000
chr19	20898000	20899000
chr19	20899000	20900000
chr19	20900000	20901000
chr19	20901000	20902000
chr19	20902000	20903000
chr19	20903000	20904000
chr19	20904000	20905000
chr19	20905000	20906000
chr19	20906000	20907000
chr19	20935000	20936000
chr19	20937000	20938000
chr19	20938000	20939000
chr19	20939000	20940000
chr19	20940000	20941000
chr19	20941000	20942000
chr19	20942000	20943000
chr19	20943000	20944000
chr19	20944000	20945000
chr19	20945000	20946000
chr19	20946000	20947000
chr19	20947000	20948000
chr19	20948000	20949000
chr19	20949000	20950000
chr19	20954000	20955000
chr19	20958000	20959000
chr19	20959000	20960000
chr19	20960000	20961000
chr19	20961000	20962000
chr19	20962000	20963000
chr19	20963000	20964000
chr19	20966000	20967000
chr19	20967000	20968000
chr19	20968000	20969000
chr19	20969000	20970000
chr19	20970000	20971000
chr19	20971000	20972000
chr19	20972000	20973000
chr19	20973000	20974000
chr19	20974000	20975000
chr19	20975000	20976000
chr19	20976000	20977000
chr19	20977000	20978000
chr19	20978000	20979000
chr19	20979000	20980000
chr19	20980000	20981000
chr19	20981000	20982000
chr19	20982000	20983000
chr19	20983000	20984000
chr19	20984000	20985000
chr19	20985000	20986000
chr19	20986000	20987000
chr19	20987000	20988000
chr19	20988000	20989000
chr19	20989000	20990000
chr19	20990000	20991000
chr19	20991000	20992000
chr19	20994000	20995000
chr19	20998000	20999000
chr19	20999000	21000000
chr19	21001000	21002000
chr19	21002000	21003000
chr19	21003000	21004000
chr19	21004000	21005000
chr19	21005000	21006000
chr19	21006000	21007000
chr19	21007000	21008000
chr19	21008000	21009000
chr19	21010000	21011000
chr19	21013000	21014000
chr19	21014000	21015000
chr19	21015000	21016000
chr19	21016000	21017000
chr19	21017000	21018000
chr19	21018000	21019000
chr19	21019000	21020000
chr19	21020000	21021000
chr19	21021000	21022000
chr19	21022000	21023000
chr19	21023000	21024000
chr19	21024000	21025000
chr19	21027000	21028000
chr19	21028000	21029000
chr19	21029000	21030000
chr19	21030000	21031000
chr19	21031000	21032000
chr19	21032000	21033000
chr19	21033000	21034000
chr19	21035000	21036000
chr19	21036000	21037000
chr19	21037000	21038000
chr19	21038000	21039000
chr19	21039000	21040000
chr19	21040000	21041000
chr19	21042000	21043000
chr19	21043000	21044000
chr19	21045000	21046000
chr19	21046000	21047000
chr19	21047000	21048000
chr19	21048000	21049000
chr19	21049000	21050000
chr19	21051000	21052000
chr19	21052000	21053000
chr19	21053000	21054000
chr19	21054000	21055000
chr19	21055000	21056000
chr19	21056000	21057000
chr19	21058000	21059000
chr19	21059000	21060000
chr19	21060000	21061000
chr19	21063000	21064000
chr19	21064000	21065000
chr19	21066000	21067000
chr19	21067000	21068000
chr19	21070000	21071000
chr19	21071000	21072000
chr19	21072000	21073000
chr19	21073000	21074000
chr19	21074000	21075000
chr19	21075000	21076000
chr19	21077000	21078000
chr19	21078000	21079000
chr19	21079000	21080000
chr19	21080000	21081000
chr19	21082000	21083000
chr19	21083000	21084000
chr19	21084000	21085000
chr19	21085000	21086000
chr19	21086000	21087000
chr19	21087000	21088000
chr19	21088000	21089000
chr19	21089000	21090000
chr19	21092000	21093000
chr19	21096000	21097000
chr19	21097000	21098000
chr19	21098000	21099000
chr19	21099000	21100000
chr19	21100000	21101000
chr19	21106000	21107000
chr19	21107000	21108000
chr19	21109000	21110000
chr19	21111000	21112000
chr19	21112000	21113000
chr19	21113000	21114000
chr19	21114000	21115000
chr19	21120000	21121000
chr19	21121000	21122000
chr19	21122000	21123000
chr19	21123000	21124000
chr19	21124000	21125000
chr19	21125000	21126000
chr19	21126000	21127000
chr19	21127000	21128000
chr19	21128000	21129000
chr19	21130000	21131000
chr19	21131000	21132000
chr19	21132000	21133000
chr19	21133000	21134000
chr19	21134000	21135000
chr19	21135000	21136000
chr19	21136000	21137000
chr19	21137000	21138000
chr19	21138000	21139000
chr19	21141000	21142000
chr19	21144000	21145000
chr19	21145000	21146000
chr19	21146000	21147000
chr19	21147000	21148000
chr19	21148000	21149000
chr19	21149000	21150000
chr19	21150000	21151000
chr19	21151000	21152000
chr19	21152000	21153000
chr19	21153000	21154000
chr19	21154000	21155000
chr19	21156000	21157000
chr19	21157000	21158000
chr19	21158000	21159000
chr19	21162000	21163000
chr19	21163000	21164000
chr19	21164000	21165000
chr19	21166000	21167000
chr19	21167000	21168000
chr19	21168000	21169000
chr19	21169000	21170000
chr19	21170000	21171000
chr19	21172000	21173000
chr19	21173000	21174000
chr19	21174000	21175000
chr19	21175000	21176000
chr19	21176000	21177000
chr19	21177000	21178000
chr19	21178000	21179000
chr19	21179000	21180000
chr19	21180000	21181000
chr19	21181000	21182000
chr19	21182000	21183000
chr19	21183000	21184000
chr19	21185000	21186000
chr19	21186000	21187000
chr19	21187000	21188000
chr19	21188000	21189000
chr19	21189000	21190000
chr19	21190000	21191000
chr19	21191000	21192000
chr19	21192000	21193000
chr19	21195000	21196000
chr19	21196000	21197000
chr19	21197000	21198000
chr19	21198000	21199000
chr19	21199000	21200000
chr19	21200000	21201000
chr19	21202000	21203000
chr19	21204000	21205000
chr19	21205000	21206000
chr19	21206000	21207000
chr19	21207000	21208000
chr19	21208000	21209000
chr19	21209000	21210000
chr19	21211000	21212000
chr19	21213000	21214000
chr19	21217000	21218000
chr19	21218000	21219000
chr19	21220000	21221000
chr19	21221000	21222000
chr19	21222000	21223000
chr19	21223000	21224000
chr19	21224000	21225000
chr19	21225000	21226000
chr19	21227000	21228000
chr19	21228000	21229000
chr19	21230000	21231000
chr19	21232000	21233000
chr19	21233000	21234000
chr19	21235000	21236000
chr19	21239000	21240000
chr19	21241000	21242000
chr19	21244000	21245000
chr19	21246000	21247000
chr19	21247000	21248000
chr19	21248000	21249000
chr19	21249000	21250000
chr19	21250000	21251000
chr19	21251000	21252000
chr19	21252000	21253000
chr19	21253000	21254000
chr19	21254000	21255000
chr19	21255000	21256000
chr19	21256000	21257000
chr19	21257000	21258000
chr19	21258000	21259000
chr19	21261000	21262000
chr19	21275000	21276000
chr19	21276000	21277000
chr19	21277000	21278000
chr19	21278000	21279000
chr19	21280000	21281000
chr19	21282000	21283000
chr19	21283000	21284000
chr19	21284000	21285000
chr19	21285000	21286000
chr19	21286000	21287000
chr19	21287000	21288000
chr19	21288000	21289000
chr19	21289000	21290000
chr19	21290000	21291000
chr19	21291000	21292000
chr19	21299000	21300000
chr19	21300000	21301000
chr19	21301000	21302000
chr19	21302000	21303000
chr19	21303000	21304000
chr19	21304000	21305000
chr19	21305000	21306000
chr19	21306000	21307000
chr19	21307000	21308000
chr19	21308000	21309000
chr19	21309000	21310000
chr19	21310000	21311000
chr19	21311000	21312000
chr19	21312000	21313000
chr19	21313000	21314000
chr19	21314000	21315000
chr19	21315000	21316000
chr19	21316000	21317000
chr19	21317000	21318000
chr19	21320000	21321000
chr19	21321000	21322000
chr19	21322000	21323000
chr19	21327000	21328000
chr19	21333000	21334000
chr19	21343000	21344000
chr19	21344000	21345000
chr19	21345000	21346000
chr19	21346000	21347000
chr19	21347000	21348000
chr19	21349000	21350000
chr19	21350000	21351000
chr19	21351000	21352000
chr19	21354000	21355000
chr19	21355000	21356000
chr19	21358000	21359000
chr19	21360000	21361000
chr19	21361000	21362000
chr19	21362000	21363000
chr19	21364000	21365000
chr19	21365000	21366000
chr19	21367000	21368000
chr19	21368000	21369000
chr19	21374000	21375000
chr19	21376000	21377000
chr19	21377000	21378000
chr19	21381000	21382000
chr19	21383000	21384000
chr19	21384000	21385000
chr19	21387000	21388000
chr19	21389000	21390000
chr19	21391000	21392000
chr19	21395000	21396000
chr19	21396000	21397000
chr19	21397000	21398000
chr19	21399000	21400000
chr19	21400000	21401000
chr19	21402000	21403000
chr19	21404000	21405000
chr19	21406000	21407000
chr19	21409000	21410000
chr19	21410000	21411000
chr19	21411000	21412000
chr19	21412000	21413000
chr19	21413000	21414000
chr19	21414000	21415000
chr19	21415000	21416000
chr19	21416000	21417000
chr19	21417000	21418000
chr19	21418000	21419000
chr19	21420000	21421000
chr19	21421000	21422000
chr19	21422000	21423000
chr19	21423000	21424000
chr19	21424000	21425000
chr19	21425000	21426000
chr19	21426000	21427000
chr19	21428000	21429000
chr19	21430000	21431000
chr19	21431000	21432000
chr19	21433000	21434000
chr19	21435000	21436000
chr19	21436000	21437000
chr19	21437000	21438000
chr19	21438000	21439000
chr19	21441000	21442000
chr19	21442000	21443000
chr19	21444000	21445000
chr19	21445000	21446000
chr19	21446000	21447000
chr19	21447000	21448000
chr19	21448000	21449000
chr19	21449000	21450000
chr19	21450000	21451000
chr19	21451000	21452000
chr19	21452000	21453000
chr19	21453000	21454000
chr19	21454000	21455000
chr19	21455000	21456000
chr19	21458000	21459000
chr19	21459000	21460000
chr19	21463000	21464000
chr19	21464000	21465000
chr19	21465000	21466000
chr19	21466000	21467000
chr19	21468000	21469000
chr19	21469000	21470000
chr19	21470000	21471000
chr19	21471000	21472000
chr19	21472000	21473000
chr19	21473000	21474000
chr19	21474000	21475000
chr19	21478000	21479000
chr19	21479000	21480000
chr19	21481000	21482000
chr19	21482000	21483000
chr19	21483000	21484000
chr19	21484000	21485000
chr19	21485000	21486000
chr19	21486000	21487000
chr19	21487000	21488000
chr19	21488000	21489000
chr19	21489000	21490000
chr19	21491000	21492000
chr19	21493000	21494000
chr19	21494000	21495000
chr19	21495000	21496000
chr19	21496000	21497000
chr19	21497000	21498000
chr19	21498000	21499000
chr19	21499000	21500000
chr19	21500000	21501000
chr19	21502000	21503000
chr19	21504000	21505000
chr19	21505000	21506000
chr19	21506000	21507000
chr19	21507000	21508000
chr19	21508000	21509000
chr19	21509000	21510000
chr19	21510000	21511000
chr19	21512000	21513000
chr19	21513000	21514000
chr19	21514000	21515000
chr19	21515000	21516000
chr19	21516000	21517000
chr19	21517000	21518000
chr19	21518000	21519000
chr19	21519000	21520000
chr19	21520000	21521000
chr19	21524000	21525000
chr19	21525000	21526000
chr19	21526000	21527000
chr19	21529000	21530000
chr19	21531000	21532000
chr19	21532000	21533000
chr19	21534000	21535000
chr19	21537000	21538000
chr19	21538000	21539000
chr19	21539000	21540000
chr19	21541000	21542000
chr19	21542000	21543000
chr19	21546000	21547000
chr19	21549000	21550000
chr19	21550000	21551000
chr19	21551000	21552000
chr19	21552000	21553000
chr19	21553000	21554000
chr19	21554000	21555000
chr19	21555000	21556000
chr19	21557000	21558000
chr19	21558000	21559000
chr19	21563000	21564000
chr19	21565000	21566000
chr19	21566000	21567000
chr19	21567000	21568000
chr19	21569000	21570000
chr19	21571000	21572000
chr19	21572000	21573000
chr19	21573000	21574000
chr19	21574000	21575000
chr19	21575000	21576000
chr19	21576000	21577000
chr19	21577000	21578000
chr19	21578000	21579000
chr19	21579000	21580000
chr19	21580000	21581000
chr19	21581000	21582000
chr19	21582000	21583000
chr19	21583000	21584000
chr19	21585000	21586000
chr19	21586000	21587000
chr19	21588000	21589000
chr19	21589000	21590000
chr19	21597000	21598000
chr19	21598000	21599000
chr19	21599000	21600000
chr19	21600000	21601000
chr19	21601000	21602000
chr19	21602000	21603000
chr19	21603000	21604000
chr19	21604000	21605000
chr19	21606000	21607000
chr19	21608000	21609000
chr19	21609000	21610000
chr19	21610000	21611000
chr19	21612000	21613000
chr19	21614000	21615000
chr19	21617000	21618000
chr19	21619000	21620000
chr19	21621000	21622000
chr19	21622000	21623000
chr19	21623000	21624000
chr19	21624000	21625000
chr19	21626000	21627000
chr19	21627000	21628000
chr19	21628000	21629000
chr19	21629000	21630000
chr19	21630000	21631000
chr19	21631000	21632000
chr19	21640000	21641000
chr19	21642000	21643000
chr19	21643000	21644000
chr19	21644000	21645000
chr19	21645000	21646000
chr19	21646000	21647000
chr19	21647000	21648000
chr19	21648000	21649000
chr19	21650000	21651000
chr19	21652000	21653000
chr19	21653000	21654000
chr19	21655000	21656000
chr19	21656000	21657000
chr19	21657000	21658000
chr19	21658000	21659000
chr19	21659000	21660000
chr19	21661000	21662000
chr19	21662000	21663000
chr19	21663000	21664000
chr19	21664000	21665000
chr19	21665000	21666000
chr19	21666000	21667000
chr19	21669000	21670000
chr19	21670000	21671000
chr19	21671000	21672000
chr19	21672000	21673000
chr19	21675000	21676000
chr19	21676000	21677000
chr19	21678000	21679000
chr19	21679000	21680000
chr19	21680000	21681000
chr19	21681000	21682000
chr19	21682000	21683000
chr19	21683000	21684000
chr19	21684000	21685000
chr19	21685000	21686000
chr19	21687000	21688000
chr19	21689000	21690000
chr19	21691000	21692000
chr19	21692000	21693000
chr19	21693000	21694000
chr19	21694000	21695000
chr19	21700000	21701000
chr19	21705000	21706000
chr19	21709000	21710000
chr19	21710000	21711000
chr19	21712000	21713000
chr19	21716000	21717000
chr19	21719000	21720000
chr19	21720000	21721000
chr19	21721000	21722000
chr19	21722000	21723000
chr19	21723000	21724000
chr19	21724000	21725000
chr19	21725000	21726000
chr19	21726000	21727000
chr19	21727000	21728000
chr19	21728000	21729000
chr19	21731000	21732000
chr19	21732000	21733000
chr19	21733000	21734000
chr19	21735000	21736000
chr19	21737000	21738000
chr19	21738000	21739000
chr19	21740000	21741000
chr19	21742000	21743000
chr19	21743000	21744000
chr19	21745000	21746000
chr19	21749000	21750000
chr19	21751000	21752000
chr19	21752000	21753000
chr19	21753000	21754000
chr19	21754000	21755000
chr19	21755000	21756000
chr19	21756000	21757000
chr19	21757000	21758000
chr19	21758000	21759000
chr19	21759000	21760000
chr19	21760000	21761000
chr19	21761000	21762000
chr19	21762000	21763000
chr19	21763000	21764000
chr19	21764000	21765000
chr19	21765000	21766000
chr19	21766000	21767000
chr19	21767000	21768000
chr19	21770000	21771000
chr19	21771000	21772000
chr19	21774000	21775000
chr19	21776000	21777000
chr19	21777000	21778000
chr19	21778000	21779000
chr19	21779000	21780000
chr19	21780000	21781000
chr19	21781000	21782000
chr19	21782000	21783000
chr19	21783000	21784000
chr19	21784000	21785000
chr19	21785000	21786000
chr19	21786000	21787000
chr19	21787000	21788000
chr19	21788000	21789000
chr19	21789000	21790000
chr19	21790000	21791000
chr19	21791000	21792000
chr19	21792000	21793000
chr19	21793000	21794000
chr19	21794000	21795000
chr19	21795000	21796000
chr19	21796000	21797000
chr19	21797000	21798000
chr19	21799000	21800000
chr19	21801000	21802000
chr19	21802000	21803000
chr19	21803000	21804000
chr19	21805000	21806000
chr19	21808000	21809000
chr19	21809000	21810000
chr19	21810000	21811000
chr19	21811000	21812000
chr19	21812000	21813000
chr19	21815000	21816000
chr19	21816000	21817000
chr19	21817000	21818000
chr19	21818000	21819000
chr19	21819000	21820000
chr19	21820000	21821000
chr19	21821000	21822000
chr19	21822000	21823000
chr19	21825000	21826000
chr19	21829000	21830000
chr19	21831000	21832000
chr19	21832000	21833000
chr19	21833000	21834000
chr19	21834000	21835000
chr19	21836000	21837000
chr19	21837000	21838000
chr19	21839000	21840000
chr19	21840000	21841000
chr19	21841000	21842000
chr19	21842000	21843000
chr19	21843000	21844000
chr19	21844000	21845000
chr19	21845000	21846000
chr19	21846000	21847000
chr19	21849000	21850000
chr19	21850000	21851000
chr19	21851000	21852000
chr19	21853000	21854000
chr19	21854000	21855000
chr19	21857000	21858000
chr19	21858000	21859000
chr19	21859000	21860000
chr19	21861000	21862000
chr19	21862000	21863000
chr19	21864000	21865000
chr19	21880000	21881000
chr19	21881000	21882000
chr19	21882000	21883000
chr19	21883000	21884000
chr19	21884000	21885000
chr19	21885000	21886000
chr19	21886000	21887000
chr19	21887000	21888000
chr19	21888000	21889000
chr19	21889000	21890000
chr19	21890000	21891000
chr19	21891000	21892000
chr19	21893000	21894000
chr19	21894000	21895000
chr19	21895000	21896000
chr19	21896000	21897000
chr19	21897000	21898000
chr19	21898000	21899000
chr19	21899000	21900000
chr19	21900000	21901000
chr19	21901000	21902000
chr19	21902000	21903000
chr19	21903000	21904000
chr19	21904000	21905000
chr19	21905000	21906000
chr19	21906000	21907000
chr19	21907000	21908000
chr19	21908000	21909000
chr19	21909000	21910000
chr19	21910000	21911000
chr19	21911000	21912000
chr19	21915000	21916000
chr19	21916000	21917000
chr19	21917000	21918000
chr19	21918000	21919000
chr19	21919000	21920000
chr19	21920000	21921000
chr19	21921000	21922000
chr19	21922000	21923000
chr19	21923000	21924000
chr19	21924000	21925000
chr19	21925000	21926000
chr19	21928000	21929000
chr19	21929000	21930000
chr19	21930000	21931000
chr19	21936000	21937000
chr19	21939000	21940000
chr19	21942000	21943000
chr19	21943000	21944000
chr19	21944000	21945000
chr19	21947000	21948000
chr19	21948000	21949000
chr19	21949000	21950000
chr19	21950000	21951000
chr19	21952000	21953000
chr19	21956000	21957000
chr19	21959000	21960000
chr19	21960000	21961000
chr19	21961000	21962000
chr19	21963000	21964000
chr19	21965000	21966000
chr19	21967000	21968000
chr19	21968000	21969000
chr19	21970000	21971000
chr19	21972000	21973000
chr19	21973000	21974000
chr19	21974000	21975000
chr19	21975000	21976000
chr19	21977000	21978000
chr19	21979000	21980000
chr19	21980000	21981000
chr19	21981000	21982000
chr19	21983000	21984000
chr19	21984000	21985000
chr19	21985000	21986000
chr19	21987000	21988000
chr19	21990000	21991000
chr19	21991000	21992000
chr19	21992000	21993000
chr19	21998000	21999000
chr19	21999000	22000000
chr19	22000000	22001000
chr19	22001000	22002000
chr19	22002000	22003000
chr19	22003000	22004000
chr19	22004000	22005000
chr19	22005000	22006000
chr19	22006000	22007000
chr19	22008000	22009000
chr19	22009000	22010000
chr19	22010000	22011000
chr19	22011000	22012000
chr19	22012000	22013000
chr19	22013000	22014000
chr19	22014000	22015000
chr19	22016000	22017000
chr19	22017000	22018000
chr19	22018000	22019000
chr19	22019000	22020000
chr19	22020000	22021000
chr19	22023000	22024000
chr19	22024000	22025000
chr19	22025000	22026000
chr19	22026000	22027000
chr19	22027000	22028000
chr19	22028000	22029000
chr19	22029000	22030000
chr19	22030000	22031000
chr19	22031000	22032000
chr19	22032000	22033000
chr19	22033000	22034000
chr19	22034000	22035000
chr19	22037000	22038000
chr19	22038000	22039000
chr19	22040000	22041000
chr19	22041000	22042000
chr19	22042000	22043000
chr19	22043000	22044000
chr19	22044000	22045000
chr19	22045000	22046000
chr19	22046000	22047000
chr19	22047000	22048000
chr19	22048000	22049000
chr19	22049000	22050000
chr19	22050000	22051000
chr19	22052000	22053000
chr19	22054000	22055000
chr19	22055000	22056000
chr19	22056000	22057000
chr19	22057000	22058000
chr19	22058000	22059000
chr19	22059000	22060000
chr19	22060000	22061000
chr19	22061000	22062000
chr19	22062000	22063000
chr19	22063000	22064000
chr19	22064000	22065000
chr19	22065000	22066000
chr19	22066000	22067000
chr19	22067000	22068000
chr19	22069000	22070000
chr19	22070000	22071000
chr19	22071000	22072000
chr19	22073000	22074000
chr19	22074000	22075000
chr19	22075000	22076000
chr19	22076000	22077000
chr19	22077000	22078000
chr19	22078000	22079000
chr19	22079000	22080000
chr19	22080000	22081000
chr19	22081000	22082000
chr19	22082000	22083000
chr19	22084000	22085000
chr19	22085000	22086000
chr19	22086000	22087000
chr19	22087000	22088000
chr19	22088000	22089000
chr19	22089000	22090000
chr19	22091000	22092000
chr19	22092000	22093000
chr19	22093000	22094000
chr19	22094000	22095000
chr19	22095000	22096000
chr19	22096000	22097000
chr19	22097000	22098000
chr19	22098000	22099000
chr19	22099000	22100000
chr19	22101000	22102000
chr19	22103000	22104000
chr19	22107000	22108000
chr19	22108000	22109000
chr19	22110000	22111000
chr19	22112000	22113000
chr19	22113000	22114000
chr19	22115000	22116000
chr19	22116000	22117000
chr19	22117000	22118000
chr19	22121000	22122000
chr19	22122000	22123000
chr19	22123000	22124000
chr19	22124000	22125000
chr19	22125000	22126000
chr19	22126000	22127000
chr19	22127000	22128000
chr19	22128000	22129000
chr19	22130000	22131000
chr19	22131000	22132000
chr19	22133000	22134000
chr19	22134000	22135000
chr19	22135000	22136000
chr19	22136000	22137000
chr19	22137000	22138000
chr19	22138000	22139000
chr19	22139000	22140000
chr19	22140000	22141000
chr19	22141000	22142000
chr19	22142000	22143000
chr19	22143000	22144000
chr19	22144000	22145000
chr19	22145000	22146000
chr19	22146000	22147000
chr19	22147000	22148000
chr19	22148000	22149000
chr19	22150000	22151000
chr19	22151000	22152000
chr19	22153000	22154000
chr19	22154000	22155000
chr19	22155000	22156000
chr19	22157000	22158000
chr19	22159000	22160000
chr19	22160000	22161000
chr19	22161000	22162000
chr19	22163000	22164000
chr19	22164000	22165000
chr19	22165000	22166000
chr19	22166000	22167000
chr19	22167000	22168000
chr19	22168000	22169000
chr19	22169000	22170000
chr19	22170000	22171000
chr19	22172000	22173000
chr19	22173000	22174000
chr19	22174000	22175000
chr19	22175000	22176000
chr19	22176000	22177000
chr19	22177000	22178000
chr19	22178000	22179000
chr19	22179000	22180000
chr19	22180000	22181000
chr19	22181000	22182000
chr19	22182000	22183000
chr19	22183000	22184000
chr19	22184000	22185000
chr19	22185000	22186000
chr19	22186000	22187000
chr19	22187000	22188000
chr19	22188000	22189000
chr19	22189000	22190000
chr19	22190000	22191000
chr19	22191000	22192000
chr19	22192000	22193000
chr19	22194000	22195000
chr19	22195000	22196000
chr19	22196000	22197000
chr19	22197000	22198000
chr19	22198000	22199000
chr19	22199000	22200000
chr19	22200000	22201000
chr19	22201000	22202000
chr19	22202000	22203000
chr19	22203000	22204000
chr19	22204000	22205000
chr19	22205000	22206000
chr19	22206000	22207000
chr19	22207000	22208000
chr19	22208000	22209000
chr19	22210000	22211000
chr19	22211000	22212000
chr19	22212000	22213000
chr19	22213000	22214000
chr19	22214000	22215000
chr19	22215000	22216000
chr19	22216000	22217000
chr19	22217000	22218000
chr19	22218000	22219000
chr19	22219000	22220000
chr19	22220000	22221000
chr19	22221000	22222000
chr19	22222000	22223000
chr19	22223000	22224000
chr19	22224000	22225000
chr19	22225000	22226000
chr19	22226000	22227000
chr19	22227000	22228000
chr19	22228000	22229000
chr19	22229000	22230000
chr19	22231000	22232000
chr19	22232000	22233000
chr19	22233000	22234000
chr19	22234000	22235000
chr19	22235000	22236000
chr19	22236000	22237000
chr19	22237000	22238000
chr19	22238000	22239000
chr19	22239000	22240000
chr19	22240000	22241000
chr19	22241000	22242000
chr19	22242000	22243000
chr19	22243000	22244000
chr19	22244000	22245000
chr19	22245000	22246000
chr19	22246000	22247000
chr19	22247000	22248000
chr19	22248000	22249000
chr19	22249000	22250000
chr19	22250000	22251000
chr19	22251000	22252000
chr19	22252000	22253000
chr19	22253000	22254000
chr19	22254000	22255000
chr19	22255000	22256000
chr19	22256000	22257000
chr19	22257000	22258000
chr19	22258000	22259000
chr19	22259000	22260000
chr19	22260000	22261000
chr19	22261000	22262000
chr19	22262000	22263000
chr19	22264000	22265000
chr19	22265000	22266000
chr19	22267000	22268000
chr19	22268000	22269000
chr19	22269000	22270000
chr19	22270000	22271000
chr19	22271000	22272000
chr19	22274000	22275000
chr19	22275000	22276000
chr19	22276000	22277000
chr19	22277000	22278000
chr19	22281000	22282000
chr19	22282000	22283000
chr19	22284000	22285000
chr19	22285000	22286000
chr19	22286000	22287000
chr19	22287000	22288000
chr19	22288000	22289000
chr19	22289000	22290000
chr19	22290000	22291000
chr19	22291000	22292000
chr19	22292000	22293000
chr19	22294000	22295000
chr19	22296000	22297000
chr19	22301000	22302000
chr19	22302000	22303000
chr19	22303000	22304000
chr19	22304000	22305000
chr19	22305000	22306000
chr19	22306000	22307000
chr19	22307000	22308000
chr19	22308000	22309000
chr19	22309000	22310000
chr19	22310000	22311000
chr19	22313000	22314000
chr19	22314000	22315000
chr19	22316000	22317000
chr19	22317000	22318000
chr19	22320000	22321000
chr19	22321000	22322000
chr19	22324000	22325000
chr19	22326000	22327000
chr19	22328000	22329000
chr19	22330000	22331000
chr19	22332000	22333000
chr19	22333000	22334000
chr19	22334000	22335000
chr19	22335000	22336000
chr19	22336000	22337000
chr19	22338000	22339000
chr19	22339000	22340000
chr19	22341000	22342000
chr19	22342000	22343000
chr19	22343000	22344000
chr19	22344000	22345000
chr19	22345000	22346000
chr19	22350000	22351000
chr19	22351000	22352000
chr19	22352000	22353000
chr19	22354000	22355000
chr19	22355000	22356000
chr19	22356000	22357000
chr19	22357000	22358000
chr19	22358000	22359000
chr19	22359000	22360000
chr19	22360000	22361000
chr19	22361000	22362000
chr19	22366000	22367000
chr19	22367000	22368000
chr19	22368000	22369000
chr19	22369000	22370000
chr19	22370000	22371000
chr19	22373000	22374000
chr19	22374000	22375000
chr19	22375000	22376000
chr19	22376000	22377000
chr19	22377000	22378000
chr19	22378000	22379000
chr19	22381000	22382000
chr19	22382000	22383000
chr19	22384000	22385000
chr19	22385000	22386000
chr19	22386000	22387000
chr19	22387000	22388000
chr19	22388000	22389000
chr19	22389000	22390000
chr19	22390000	22391000
chr19	22391000	22392000
chr19	22392000	22393000
chr19	22393000	22394000
chr19	22394000	22395000
chr19	22395000	22396000
chr19	22397000	22398000
chr19	22398000	22399000
chr19	22399000	22400000
chr19	22400000	22401000
chr19	22403000	22404000
chr19	22404000	22405000
chr19	22405000	22406000
chr19	22408000	22409000
chr19	22409000	22410000
chr19	22412000	22413000
chr19	22413000	22414000
chr19	22415000	22416000
chr19	22416000	22417000
chr19	22417000	22418000
chr19	22418000	22419000
chr19	22419000	22420000
chr19	22420000	22421000
chr19	22424000	22425000
chr19	22425000	22426000
chr19	22426000	22427000
chr19	22427000	22428000
chr19	22428000	22429000
chr19	22429000	22430000
chr19	22430000	22431000
chr19	22431000	22432000
chr19	22433000	22434000
chr19	22434000	22435000
chr19	22435000	22436000
chr19	22437000	22438000
chr19	22440000	22441000
chr19	22441000	22442000
chr19	22442000	22443000
chr19	22445000	22446000
chr19	22446000	22447000
chr19	22447000	22448000
chr19	22448000	22449000
chr19	22449000	22450000
chr19	22450000	22451000
chr19	22452000	22453000
chr19	22453000	22454000
chr19	22454000	22455000
chr19	22455000	22456000
chr19	22456000	22457000
chr19	22458000	22459000
chr19	22461000	22462000
chr19	22462000	22463000
chr19	22463000	22464000
chr19	22464000	22465000
chr19	22465000	22466000
chr19	22467000	22468000
chr19	22470000	22471000
chr19	22472000	22473000
chr19	22474000	22475000
chr19	22480000	22481000
chr19	22481000	22482000
chr19	22483000	22484000
chr19	22484000	22485000
chr19	22485000	22486000
chr19	22486000	22487000
chr19	22488000	22489000
chr19	22491000	22492000
chr19	22492000	22493000
chr19	22494000	22495000
chr19	22496000	22497000
chr19	22497000	22498000
chr19	22499000	22500000
chr19	22512000	22513000
chr19	22513000	22514000
chr19	22514000	22515000
chr19	22517000	22518000
chr19	22518000	22519000
chr19	22519000	22520000
chr19	22520000	22521000
chr19	22521000	22522000
chr19	22522000	22523000
chr19	22523000	22524000
chr19	22524000	22525000
chr19	22525000	22526000
chr19	22527000	22528000
chr19	22528000	22529000
chr19	22529000	22530000
chr19	22530000	22531000
chr19	22531000	22532000
chr19	22532000	22533000
chr19	22533000	22534000
chr19	22534000	22535000
chr19	22535000	22536000
chr19	22536000	22537000
chr19	22537000	22538000
chr19	22538000	22539000
chr19	22539000	22540000
chr19	22540000	22541000
chr19	22541000	22542000
chr19	22542000	22543000
chr19	22543000	22544000
chr19	22544000	22545000
chr19	22545000	22546000
chr19	22547000	22548000
chr19	22548000	22549000
chr19	22550000	22551000
chr19	22551000	22552000
chr19	22552000	22553000
chr19	22554000	22555000
chr19	22555000	22556000
chr19	22556000	22557000
chr19	22557000	22558000
chr19	22558000	22559000
chr19	22559000	22560000
chr19	22560000	22561000
chr19	22562000	22563000
chr19	22563000	22564000
chr19	22564000	22565000
chr19	22565000	22566000
chr19	22566000	22567000
chr19	22568000	22569000
chr19	22569000	22570000
chr19	22570000	22571000
chr19	22571000	22572000
chr19	22572000	22573000
chr19	22573000	22574000
chr19	22574000	22575000
chr19	22575000	22576000
chr19	22576000	22577000
chr19	22581000	22582000
chr19	22582000	22583000
chr19	22583000	22584000
chr19	22584000	22585000
chr19	22585000	22586000
chr19	22586000	22587000
chr19	22587000	22588000
chr19	22591000	22592000
chr19	22593000	22594000
chr19	22594000	22595000
chr19	22595000	22596000
chr19	22596000	22597000
chr19	22597000	22598000
chr19	22598000	22599000
chr19	22599000	22600000
chr19	22600000	22601000
chr19	22601000	22602000
chr19	22602000	22603000
chr19	22606000	22607000
chr19	22607000	22608000
chr19	22608000	22609000
chr19	22609000	22610000
chr19	22610000	22611000
chr19	22611000	22612000
chr19	22613000	22614000
chr19	22615000	22616000
chr19	22616000	22617000
chr19	22617000	22618000
chr19	22618000	22619000
chr19	22620000	22621000
chr19	22621000	22622000
chr19	22622000	22623000
chr19	22623000	22624000
chr19	22624000	22625000
chr19	22625000	22626000
chr19	22627000	22628000
chr19	22628000	22629000
chr19	22629000	22630000
chr19	22630000	22631000
chr19	22631000	22632000
chr19	22632000	22633000
chr19	22633000	22634000
chr19	22635000	22636000
chr19	22636000	22637000
chr19	22637000	22638000
chr19	22639000	22640000
chr19	22641000	22642000
chr19	22642000	22643000
chr19	22643000	22644000
chr19	22644000	22645000
chr19	22645000	22646000
chr19	22646000	22647000
chr19	22647000	22648000
chr19	22650000	22651000
chr19	22651000	22652000
chr19	22652000	22653000
chr19	22653000	22654000
chr19	22654000	22655000
chr19	22655000	22656000
chr19	22656000	22657000
chr19	22657000	22658000
chr19	22658000	22659000
chr19	22659000	22660000
chr19	22660000	22661000
chr19	22661000	22662000
chr19	22662000	22663000
chr19	22663000	22664000
chr19	22666000	22667000
chr19	22669000	22670000
chr19	22673000	22674000
chr19	22674000	22675000
chr19	22676000	22677000
chr19	22677000	22678000
chr19	22678000	22679000
chr19	22679000	22680000
chr19	22680000	22681000
chr19	22681000	22682000
chr19	22682000	22683000
chr19	22683000	22684000
chr19	22684000	22685000
chr19	22686000	22687000
chr19	22687000	22688000
chr19	22688000	22689000
chr19	22689000	22690000
chr19	22690000	22691000
chr19	22691000	22692000
chr19	22692000	22693000
chr19	22693000	22694000
chr19	22695000	22696000
chr19	22696000	22697000
chr19	22697000	22698000
chr19	22698000	22699000
chr19	22702000	22703000
chr19	22703000	22704000
chr19	22704000	22705000
chr19	22705000	22706000
chr19	22708000	22709000
chr19	22711000	22712000
chr19	22714000	22715000
chr19	22715000	22716000
chr19	22717000	22718000
chr19	22719000	22720000
chr19	22720000	22721000
chr19	22721000	22722000
chr19	22725000	22726000
chr19	22726000	22727000
chr19	22729000	22730000
chr19	22730000	22731000
chr19	22731000	22732000
chr19	22733000	22734000
chr19	22734000	22735000
chr19	22735000	22736000
chr19	22736000	22737000
chr19	22737000	22738000
chr19	22738000	22739000
chr19	22739000	22740000
chr19	22741000	22742000
chr19	22742000	22743000
chr19	22744000	22745000
chr19	22745000	22746000
chr19	22746000	22747000
chr19	22747000	22748000
chr19	22748000	22749000
chr19	22749000	22750000
chr19	22750000	22751000
chr19	22752000	22753000
chr19	22753000	22754000
chr19	22754000	22755000
chr19	22755000	22756000
chr19	22758000	22759000
chr19	22760000	22761000
chr19	22762000	22763000
chr19	22763000	22764000
chr19	22764000	22765000
chr19	22767000	22768000
chr19	22768000	22769000
chr19	22771000	22772000
chr19	22774000	22775000
chr19	22775000	22776000
chr19	22776000	22777000
chr19	22777000	22778000
chr19	22779000	22780000
chr19	22780000	22781000
chr19	22781000	22782000
chr19	22783000	22784000
chr19	22784000	22785000
chr19	22786000	22787000
chr19	22787000	22788000
chr19	22788000	22789000
chr19	22789000	22790000
chr19	22790000	22791000
chr19	22793000	22794000
chr19	22794000	22795000
chr19	22797000	22798000
chr19	22798000	22799000
chr19	22799000	22800000
chr19	22802000	22803000
chr19	22804000	22805000
chr19	22810000	22811000
chr19	22811000	22812000
chr19	22814000	22815000
chr19	22815000	22816000
chr19	22816000	22817000
chr19	22817000	22818000
chr19	22821000	22822000
chr19	22826000	22827000
chr19	22827000	22828000
chr19	22828000	22829000
chr19	22830000	22831000
chr19	22834000	22835000
chr19	22836000	22837000
chr19	22837000	22838000
chr19	22838000	22839000
chr19	22840000	22841000
chr19	22844000	22845000
chr19	22847000	22848000
chr19	22849000	22850000
chr19	22855000	22856000
chr19	22856000	22857000
chr19	22857000	22858000
chr19	22858000	22859000
chr19	22865000	22866000
chr19	22866000	22867000
chr19	22867000	22868000
chr19	22868000	22869000
chr19	22870000	22871000
chr19	22871000	22872000
chr19	22872000	22873000
chr19	22873000	22874000
chr19	22876000	22877000
chr19	22884000	22885000
chr19	22885000	22886000
chr19	22887000	22888000
chr19	22888000	22889000
chr19	22892000	22893000
chr19	22894000	22895000
chr19	22895000	22896000
chr19	22897000	22898000
chr19	22898000	22899000
chr19	22899000	22900000
chr19	22900000	22901000
chr19	22903000	22904000
chr19	22908000	22909000
chr19	22912000	22913000
chr19	22913000	22914000
chr19	22915000	22916000
chr19	22916000	22917000
chr19	22917000	22918000
chr19	22919000	22920000
chr19	22922000	22923000
chr19	22923000	22924000
chr19	22924000	22925000
chr19	22926000	22927000
chr19	22928000	22929000
chr19	22929000	22930000
chr19	22930000	22931000
chr19	22933000	22934000
chr19	22934000	22935000
chr19	22936000	22937000
chr19	22937000	22938000
chr19	22938000	22939000
chr19	22942000	22943000
chr19	22945000	22946000
chr19	22956000	22957000
chr19	22958000	22959000
chr19	22960000	22961000
chr19	22961000	22962000
chr19	22962000	22963000
chr19	22963000	22964000
chr19	22966000	22967000
chr19	22968000	22969000
chr19	22969000	22970000
chr19	22971000	22972000
chr19	22972000	22973000
chr19	22973000	22974000
chr19	22977000	22978000
chr19	22978000	22979000
chr19	22979000	22980000
chr19	22988000	22989000
chr19	22989000	22990000
chr19	22990000	22991000
chr19	22994000	22995000
chr19	22996000	22997000
chr19	23002000	23003000
chr19	23003000	23004000
chr19	23005000	23006000
chr19	23006000	23007000
chr19	23007000	23008000
chr19	23010000	23011000
chr19	23011000	23012000
chr19	23012000	23013000
chr19	23013000	23014000
chr19	23014000	23015000
chr19	23018000	23019000
chr19	23019000	23020000
chr19	23020000	23021000
chr19	23021000	23022000
chr19	23022000	23023000
chr19	23025000	23026000
chr19	23029000	23030000
chr19	23030000	23031000
chr19	23038000	23039000
chr19	23039000	23040000
chr19	23044000	23045000
chr19	23046000	23047000
chr19	23047000	23048000
chr19	23048000	23049000
chr19	23050000	23051000
chr19	23052000	23053000
chr19	23053000	23054000
chr19	23054000	23055000
chr19	23055000	23056000
chr19	23056000	23057000
chr19	23057000	23058000
chr19	23059000	23060000
chr19	23062000	23063000
chr19	23063000	23064000
chr19	23064000	23065000
chr19	23065000	23066000
chr19	23066000	23067000
chr19	23067000	23068000
chr19	23068000	23069000
chr19	23070000	23071000
chr19	23071000	23072000
chr19	23077000	23078000
chr19	23078000	23079000
chr19	23079000	23080000
chr19	23080000	23081000
chr19	23081000	23082000
chr19	23082000	23083000
chr19	23083000	23084000
chr19	23084000	23085000
chr19	23085000	23086000
chr19	23088000	23089000
chr19	23089000	23090000
chr19	23090000	23091000
chr19	23097000	23098000
chr19	23098000	23099000
chr19	23103000	23104000
chr19	23104000	23105000
chr19	23105000	23106000
chr19	23111000	23112000
chr19	23129000	23130000
chr19	23130000	23131000
chr19	23133000	23134000
chr19	23135000	23136000
chr19	23141000	23142000
chr19	23143000	23144000
chr19	23145000	23146000
chr19	23148000	23149000
chr19	23151000	23152000
chr19	23152000	23153000
chr19	23153000	23154000
chr19	23154000	23155000
chr19	23155000	23156000
chr19	23159000	23160000
chr19	23160000	23161000
chr19	23161000	23162000
chr19	23166000	23167000
chr19	23167000	23168000
chr19	23168000	23169000
chr19	23169000	23170000
chr19	23170000	23171000
chr19	23171000	23172000
chr19	23173000	23174000
chr19	23175000	23176000
chr19	23176000	23177000
chr19	23177000	23178000
chr19	23178000	23179000
chr19	23180000	23181000
chr19	23184000	23185000
chr19	23185000	23186000
chr19	23200000	23201000
chr19	23201000	23202000
chr19	23204000	23205000
chr19	23215000	23216000
chr19	23253000	23254000
chr19	23258000	23259000
chr19	23259000	23260000
chr19	23262000	23263000
