NC_053230.1	2604000	2605000
NC_053230.1	2606000	2607000
NC_053230.1	2608000	2609000
NC_053230.1	2609000	2610000
NC_053230.1	2610000	2611000
NC_053230.1	2614000	2615000
NC_053230.1	2616000	2617000
NC_053230.1	2617000	2618000
NC_053230.1	2618000	2619000
NC_053230.1	2620000	2621000
NC_053230.1	2621000	2622000
NC_053230.1	2622000	2623000
NC_053230.1	2623000	2624000
NC_053230.1	2624000	2625000
NC_053230.1	2625000	2626000
NC_053230.1	2627000	2628000
NC_053230.1	2628000	2629000
NC_053230.1	2629000	2630000
NC_053230.1	2630000	2631000
NC_053230.1	2632000	2633000
NC_053230.1	2635000	2636000
NC_053230.1	2636000	2637000
NC_053230.1	2637000	2638000
NC_053230.1	2638000	2639000
NC_053230.1	2639000	2640000
NC_053230.1	2643000	2644000
NC_053230.1	2645000	2646000
NC_053230.1	2646000	2647000
NC_053230.1	2736000	2737000
NC_053230.1	2747000	2748000
NC_053230.1	2748000	2749000
NC_053230.1	2771000	2772000
NC_053230.1	2776000	2777000
NC_053230.1	2777000	2778000
NC_053230.1	2782000	2783000
NC_053230.1	2783000	2784000
NC_053230.1	2784000	2785000
NC_053230.1	2788000	2789000
NC_053230.1	2789000	2790000
NC_053230.1	2812000	2813000
NC_053230.1	2813000	2814000
NC_053230.1	2814000	2815000
NC_053230.1	2816000	2817000
NC_053230.1	2817000	2818000
NC_053230.1	2860000	2861000
NC_053230.1	2864000	2865000
NC_053230.1	2871000	2872000
NC_053230.1	2872000	2873000
NC_053230.1	2875000	2876000
NC_053230.1	2876000	2877000
NC_053230.1	2890000	2891000
NC_053230.1	2891000	2892000
NC_053230.1	2898000	2899000
NC_053230.1	2899000	2900000
NC_053230.1	2905000	2906000
NC_053230.1	2906000	2907000
NC_053230.1	2907000	2908000
NC_053230.1	2911000	2912000
NC_053230.1	2936000	2937000
NC_053230.1	2942000	2943000
NC_053230.1	2943000	2944000
NC_053230.1	2944000	2945000
NC_053230.1	2945000	2946000
NC_053230.1	2947000	2948000
NC_053230.1	2948000	2949000
NC_053230.1	2949000	2950000
NC_053230.1	2951000	2952000
NC_053230.1	2952000	2953000
NC_053230.1	2953000	2954000
NC_053230.1	2961000	2962000
NC_053230.1	2974000	2975000
NC_053230.1	2975000	2976000
NC_053230.1	2989000	2990000
NC_053230.1	3002000	3003000
NC_053230.1	3006000	3007000
NC_053230.1	3022000	3023000
NC_053230.1	3032000	3033000
NC_053230.1	3041000	3042000
NC_053230.1	3042000	3043000
NC_053230.1	3043000	3044000
NC_053230.1	3044000	3045000
NC_053230.1	3049000	3050000
NC_053230.1	3052000	3053000
NC_053230.1	3053000	3054000
NC_053230.1	3054000	3055000
NC_053230.1	3055000	3056000
NC_053230.1	3056000	3057000
NC_053230.1	3072000	3073000
NC_053230.1	3112000	3113000
NC_053230.1	3122000	3123000
NC_053230.1	3179000	3180000
NC_053230.1	3201000	3202000
NC_053230.1	3208000	3209000
NC_053230.1	3238000	3239000
NC_053230.1	3279000	3280000
NC_053230.1	3280000	3281000
NC_053230.1	3281000	3282000
NC_053230.1	3283000	3284000
NC_053230.1	3327000	3328000
NC_053230.1	3328000	3329000
NC_053230.1	3329000	3330000
NC_053230.1	3330000	3331000
NC_053230.1	3335000	3336000
NC_053230.1	3338000	3339000
NC_053230.1	3339000	3340000
NC_053230.1	3353000	3354000
NC_053230.1	3354000	3355000
NC_053230.1	3355000	3356000
NC_053230.1	3356000	3357000
NC_053230.1	3357000	3358000
NC_053230.1	3359000	3360000
NC_053230.1	3360000	3361000
NC_053230.1	3363000	3364000
NC_053230.1	3372000	3373000
NC_053230.1	3373000	3374000
NC_053230.1	3407000	3408000
NC_053230.1	3441000	3442000
NC_053230.1	3460000	3461000
NC_053230.1	3467000	3468000
NC_053230.1	3468000	3469000
NC_053230.1	3470000	3471000
NC_053230.1	3478000	3479000
NC_053230.1	3501000	3502000
NC_053230.1	3523000	3524000
NC_053230.1	3547000	3548000
NC_053230.1	3549000	3550000
NC_053230.1	3550000	3551000
NC_053230.1	3551000	3552000
NC_053230.1	3553000	3554000
NC_053230.1	3554000	3555000
NC_053230.1	3556000	3557000
NC_053230.1	3557000	3558000
NC_053230.1	3559000	3560000
NC_053230.1	3561000	3562000
NC_053230.1	3564000	3565000
NC_053230.1	3565000	3566000
NC_053230.1	3567000	3568000
NC_053230.1	3568000	3569000
NC_053230.1	3569000	3570000
NC_053230.1	3570000	3571000
NC_053230.1	3571000	3572000
NC_053230.1	3572000	3573000
NC_053230.1	3577000	3578000
NC_053230.1	3578000	3579000
NC_053230.1	3583000	3584000
NC_053230.1	3585000	3586000
NC_053230.1	3589000	3590000
NC_053230.1	3590000	3591000
NC_053230.1	3596000	3597000
NC_053230.1	3597000	3598000
NC_053230.1	3598000	3599000
NC_053230.1	3608000	3609000
NC_053230.1	3611000	3612000
NC_053230.1	3613000	3614000
NC_053230.1	3626000	3627000
NC_053230.1	3627000	3628000
NC_053230.1	3653000	3654000
NC_053230.1	3654000	3655000
NC_053230.1	3657000	3658000
NC_053230.1	3663000	3664000
NC_053230.1	3664000	3665000
NC_053230.1	3665000	3666000
NC_053230.1	3682000	3683000
NC_053230.1	3683000	3684000
NC_053230.1	3699000	3700000
NC_053230.1	3700000	3701000
NC_053230.1	3702000	3703000
NC_053230.1	3705000	3706000
NC_053230.1	3713000	3714000
NC_053230.1	3714000	3715000
NC_053230.1	3715000	3716000
NC_053230.1	3722000	3723000
NC_053230.1	3725000	3726000
NC_053230.1	3727000	3728000
NC_053230.1	3759000	3760000
NC_053230.1	3763000	3764000
NC_053230.1	3764000	3765000
NC_053230.1	3765000	3766000
NC_053230.1	3767000	3768000
NC_053230.1	3768000	3769000
NC_053230.1	3770000	3771000
NC_053230.1	3778000	3779000
NC_053230.1	3780000	3781000
NC_053230.1	3783000	3784000
NC_053230.1	3784000	3785000
NC_053230.1	3785000	3786000
NC_053230.1	3786000	3787000
NC_053230.1	3787000	3788000
NC_053230.1	3793000	3794000
NC_053230.1	3796000	3797000
NC_053230.1	3797000	3798000
NC_053230.1	3798000	3799000
NC_053230.1	3799000	3800000
NC_053230.1	3801000	3802000
NC_053230.1	3803000	3804000
NC_053230.1	3804000	3805000
NC_053230.1	3808000	3809000
NC_053230.1	3809000	3810000
NC_053230.1	3810000	3811000
NC_053230.1	3811000	3812000
NC_053230.1	3872000	3873000
NC_053230.1	3875000	3876000
NC_053230.1	3880000	3881000
NC_053230.1	3906000	3907000
NC_053230.1	3912000	3913000
NC_053230.1	3913000	3914000
NC_053230.1	3914000	3915000
NC_053230.1	3915000	3916000
NC_053230.1	3916000	3917000
NC_053230.1	3918000	3919000
NC_053230.1	3920000	3921000
NC_053230.1	3925000	3926000
NC_053230.1	3931000	3932000
NC_053230.1	3932000	3933000
NC_053230.1	3934000	3935000
NC_053230.1	3936000	3937000
NC_053230.1	3937000	3938000
NC_053230.1	3941000	3942000
NC_053230.1	3942000	3943000
NC_053230.1	3943000	3944000
NC_053230.1	3947000	3948000
NC_053230.1	3953000	3954000
NC_053230.1	3954000	3955000
NC_053230.1	3955000	3956000
NC_053230.1	3960000	3961000
NC_053230.1	3963000	3964000
NC_053230.1	3964000	3965000
NC_053230.1	3965000	3966000
NC_053230.1	3967000	3968000
NC_053230.1	3969000	3970000
NC_053230.1	3970000	3971000
NC_053230.1	3971000	3972000
NC_053230.1	3973000	3974000
NC_053230.1	3976000	3977000
NC_053230.1	3977000	3978000
NC_053230.1	4202000	4203000
NC_053230.1	4210000	4211000
NC_053230.1	4217000	4218000
NC_053230.1	4219000	4220000
NC_053230.1	4220000	4221000
NC_053230.1	4221000	4222000
NC_053230.1	4222000	4223000
NC_053230.1	4223000	4224000
NC_053230.1	4238000	4239000
NC_053230.1	4245000	4246000
NC_053230.1	4247000	4248000
NC_053230.1	4248000	4249000
NC_053230.1	4249000	4250000
NC_053230.1	4250000	4251000
NC_053230.1	4251000	4252000
NC_053230.1	4252000	4253000
NC_053230.1	4258000	4259000
NC_053230.1	4259000	4260000
NC_053230.1	4261000	4262000
NC_053230.1	4264000	4265000
NC_053230.1	4265000	4266000
NC_053230.1	4267000	4268000
NC_053230.1	4268000	4269000
NC_053230.1	4269000	4270000
NC_053230.1	4291000	4292000
NC_053230.1	4313000	4314000
NC_053230.1	4328000	4329000
NC_053230.1	4332000	4333000
NC_053230.1	4338000	4339000
NC_053230.1	4359000	4360000
NC_053230.1	4361000	4362000
NC_053230.1	4363000	4364000
NC_053230.1	4364000	4365000
NC_053230.1	4366000	4367000
NC_053230.1	4393000	4394000
NC_053230.1	4401000	4402000
NC_053230.1	4402000	4403000
NC_053230.1	4404000	4405000
NC_053230.1	4405000	4406000
NC_053230.1	4438000	4439000
NC_053230.1	4448000	4449000
NC_053230.1	4449000	4450000
NC_053230.1	4452000	4453000
NC_053230.1	4453000	4454000
NC_053230.1	4463000	4464000
NC_053230.1	4465000	4466000
NC_053230.1	4467000	4468000
NC_053230.1	4469000	4470000
NC_053230.1	4471000	4472000
NC_053230.1	4477000	4478000
NC_053230.1	4478000	4479000
NC_053230.1	4479000	4480000
NC_053230.1	4480000	4481000
NC_053230.1	4481000	4482000
NC_053230.1	4482000	4483000
NC_053230.1	4483000	4484000
NC_053230.1	4485000	4486000
NC_053230.1	4486000	4487000
NC_053230.1	4487000	4488000
NC_053230.1	4488000	4489000
NC_053230.1	4516000	4517000
NC_053230.1	4517000	4518000
NC_053230.1	4526000	4527000
NC_053230.1	4558000	4559000
NC_053230.1	4570000	4571000
NC_053230.1	4574000	4575000
NC_053230.1	4579000	4580000
NC_053230.1	4606000	4607000
NC_053230.1	4607000	4608000
NC_053230.1	4608000	4609000
NC_053230.1	4609000	4610000
NC_053230.1	4611000	4612000
NC_053230.1	4612000	4613000
NC_053230.1	4615000	4616000
NC_053230.1	4616000	4617000
NC_053230.1	4636000	4637000
NC_053230.1	4643000	4644000
NC_053230.1	4660000	4661000
NC_053230.1	4674000	4675000
NC_053230.1	4675000	4676000
NC_053230.1	4677000	4678000
NC_053230.1	4678000	4679000
NC_053230.1	4679000	4680000
NC_053230.1	4680000	4681000
NC_053230.1	4681000	4682000
NC_053230.1	4682000	4683000
NC_053230.1	4686000	4687000
NC_053230.1	4687000	4688000
NC_053230.1	4688000	4689000
NC_053230.1	4689000	4690000
NC_053230.1	4690000	4691000
NC_053230.1	4694000	4695000
NC_053230.1	4695000	4696000
NC_053230.1	4696000	4697000
NC_053230.1	4697000	4698000
NC_053230.1	4698000	4699000
NC_053230.1	4699000	4700000
NC_053230.1	4716000	4717000
NC_053230.1	4717000	4718000
NC_053230.1	4718000	4719000
NC_053230.1	4719000	4720000
NC_053230.1	4720000	4721000
NC_053230.1	4723000	4724000
NC_053230.1	4724000	4725000
NC_053230.1	4725000	4726000
NC_053230.1	4729000	4730000
NC_053230.1	4730000	4731000
NC_053230.1	4731000	4732000
NC_053230.1	4734000	4735000
NC_053230.1	4735000	4736000
NC_053230.1	4736000	4737000
NC_053230.1	4737000	4738000
NC_053230.1	4740000	4741000
NC_053230.1	4742000	4743000
NC_053230.1	4743000	4744000
NC_053230.1	4752000	4753000
NC_053230.1	4753000	4754000
NC_053230.1	4756000	4757000
NC_053230.1	4757000	4758000
NC_053230.1	4770000	4771000
NC_053230.1	4771000	4772000
NC_053230.1	4775000	4776000
NC_053230.1	4776000	4777000
NC_053230.1	4777000	4778000
NC_053230.1	4778000	4779000
NC_053230.1	4779000	4780000
NC_053230.1	4783000	4784000
NC_053230.1	4784000	4785000
NC_053230.1	4800000	4801000
NC_053230.1	4801000	4802000
NC_053230.1	4817000	4818000
NC_053230.1	4844000	4845000
NC_053230.1	4845000	4846000
NC_053230.1	4862000	4863000
NC_053230.1	4876000	4877000
NC_053230.1	4914000	4915000
NC_053230.1	4964000	4965000
NC_053230.1	4982000	4983000
NC_053230.1	5007000	5008000
NC_053230.1	5008000	5009000
NC_053230.1	5018000	5019000
NC_053230.1	5034000	5035000
NC_053230.1	5035000	5036000
NC_053230.1	5045000	5046000
NC_053230.1	5062000	5063000
NC_053230.1	5070000	5071000
NC_053230.1	5077000	5078000
NC_053230.1	5078000	5079000
NC_053230.1	5084000	5085000
NC_053230.1	5085000	5086000
NC_053230.1	5086000	5087000
NC_053230.1	5096000	5097000
NC_053230.1	5101000	5102000
NC_053230.1	5103000	5104000
NC_053230.1	5111000	5112000
NC_053230.1	5112000	5113000
NC_053230.1	5113000	5114000
NC_053230.1	5114000	5115000
NC_053230.1	5115000	5116000
NC_053230.1	5116000	5117000
NC_053230.1	5117000	5118000
NC_053230.1	5118000	5119000
NC_053230.1	5119000	5120000
NC_053230.1	5120000	5121000
NC_053230.1	5125000	5126000
NC_053230.1	5126000	5127000
NC_053230.1	5127000	5128000
NC_053230.1	5128000	5129000
NC_053230.1	5135000	5136000
NC_053230.1	5136000	5137000
NC_053230.1	5137000	5138000
NC_053230.1	5138000	5139000
NC_053230.1	5139000	5140000
NC_053230.1	5140000	5141000
NC_053230.1	5141000	5142000
NC_053230.1	5142000	5143000
NC_053230.1	5143000	5144000
NC_053230.1	5144000	5145000
NC_053230.1	5164000	5165000
NC_053230.1	5165000	5166000
NC_053230.1	5166000	5167000
NC_053230.1	5167000	5168000
NC_053230.1	5172000	5173000
NC_053230.1	5193000	5194000
NC_053230.1	5194000	5195000
NC_053230.1	5200000	5201000
NC_053230.1	5206000	5207000
NC_053230.1	5209000	5210000
NC_053230.1	5210000	5211000
NC_053230.1	5220000	5221000
NC_053230.1	5221000	5222000
NC_053230.1	5222000	5223000
NC_053230.1	5224000	5225000
NC_053230.1	5249000	5250000
NC_053230.1	5250000	5251000
NC_053230.1	5260000	5261000
NC_053230.1	5279000	5280000
NC_053230.1	5281000	5282000
NC_053230.1	5290000	5291000
NC_053230.1	5291000	5292000
NC_053230.1	5292000	5293000
NC_053230.1	5311000	5312000
NC_053230.1	5313000	5314000
NC_053230.1	5314000	5315000
NC_053230.1	5317000	5318000
NC_053230.1	5324000	5325000
NC_053230.1	5327000	5328000
NC_053230.1	5328000	5329000
NC_053230.1	5355000	5356000
NC_053230.1	5360000	5361000
NC_053230.1	5361000	5362000
NC_053230.1	5380000	5381000
NC_053230.1	5404000	5405000
NC_053230.1	5412000	5413000
NC_053230.1	5430000	5431000
NC_053230.1	5450000	5451000
NC_053230.1	5451000	5452000
NC_053230.1	5452000	5453000
NC_053230.1	5468000	5469000
NC_053230.1	5516000	5517000
NC_053230.1	5521000	5522000
NC_053230.1	5525000	5526000
NC_053230.1	5526000	5527000
NC_053230.1	5529000	5530000
NC_053230.1	5530000	5531000
NC_053230.1	5539000	5540000
NC_053230.1	5546000	5547000
NC_053230.1	5555000	5556000
NC_053230.1	5558000	5559000
NC_053230.1	5559000	5560000
NC_053230.1	5560000	5561000
NC_053230.1	5564000	5565000
NC_053230.1	5565000	5566000
NC_053230.1	5566000	5567000
NC_053230.1	5585000	5586000
NC_053230.1	5588000	5589000
NC_053230.1	5589000	5590000
NC_053230.1	5591000	5592000
NC_053230.1	5592000	5593000
NC_053230.1	5598000	5599000
NC_053230.1	5599000	5600000
NC_053230.1	5600000	5601000
NC_053230.1	5606000	5607000
NC_053230.1	5607000	5608000
NC_053230.1	5634000	5635000
NC_053230.1	5651000	5652000
NC_053230.1	5662000	5663000
NC_053230.1	5664000	5665000
NC_053230.1	5665000	5666000
NC_053230.1	5683000	5684000
NC_053230.1	5723000	5724000
NC_053230.1	5726000	5727000
NC_053230.1	5747000	5748000
NC_053230.1	5755000	5756000
NC_053230.1	5756000	5757000
NC_053230.1	5757000	5758000
NC_053230.1	5767000	5768000
NC_053230.1	5768000	5769000
NC_053230.1	5769000	5770000
NC_053230.1	5777000	5778000
NC_053230.1	5781000	5782000
NC_053230.1	5793000	5794000
NC_053230.1	5798000	5799000
NC_053230.1	5812000	5813000
NC_053230.1	5851000	5852000
NC_053230.1	5852000	5853000
NC_053230.1	5867000	5868000
NC_053230.1	5872000	5873000
NC_053230.1	5873000	5874000
NC_053230.1	5876000	5877000
NC_053230.1	5886000	5887000
NC_053230.1	5889000	5890000
NC_053230.1	5890000	5891000
NC_053230.1	5891000	5892000
NC_053230.1	5892000	5893000
NC_053230.1	5894000	5895000
NC_053230.1	5898000	5899000
NC_053230.1	5899000	5900000
NC_053230.1	5900000	5901000
NC_053230.1	5901000	5902000
NC_053230.1	5904000	5905000
NC_053230.1	5905000	5906000
NC_053230.1	5906000	5907000
NC_053230.1	5908000	5909000
NC_053230.1	5909000	5910000
NC_053230.1	5910000	5911000
NC_053230.1	5912000	5913000
NC_053230.1	5913000	5914000
NC_053230.1	5914000	5915000
NC_053230.1	5916000	5917000
NC_053230.1	5929000	5930000
NC_053230.1	5930000	5931000
NC_053230.1	5931000	5932000
NC_053230.1	5938000	5939000
NC_053230.1	5940000	5941000
NC_053230.1	5941000	5942000
NC_053230.1	5942000	5943000
NC_053230.1	5943000	5944000
NC_053230.1	5947000	5948000
NC_053230.1	5948000	5949000
NC_053230.1	5949000	5950000
NC_053230.1	5950000	5951000
NC_053230.1	5951000	5952000
NC_053230.1	5952000	5953000
NC_053230.1	5953000	5954000
NC_053230.1	5954000	5955000
NC_053230.1	5956000	5957000
NC_053230.1	5957000	5958000
NC_053230.1	5958000	5959000
NC_053230.1	5960000	5961000
NC_053230.1	5961000	5962000
NC_053230.1	5962000	5963000
NC_053230.1	5964000	5965000
NC_053230.1	5965000	5966000
NC_053230.1	5966000	5967000
NC_053230.1	5967000	5968000
NC_053230.1	5968000	5969000
NC_053230.1	5969000	5970000
NC_053230.1	5970000	5971000
NC_053230.1	5971000	5972000
NC_053230.1	5972000	5973000
NC_053230.1	5973000	5974000
NC_053230.1	5975000	5976000
NC_053230.1	5976000	5977000
NC_053230.1	5977000	5978000
NC_053230.1	5979000	5980000
NC_053230.1	5980000	5981000
NC_053230.1	5983000	5984000
NC_053230.1	5984000	5985000
NC_053230.1	5986000	5987000
NC_053230.1	5989000	5990000
NC_053230.1	5990000	5991000
NC_053230.1	5993000	5994000
NC_053230.1	5994000	5995000
NC_053230.1	6000000	6001000
NC_053230.1	6002000	6003000
NC_053230.1	6006000	6007000
NC_053230.1	6007000	6008000
NC_053230.1	6009000	6010000
NC_053230.1	6010000	6011000
NC_053230.1	6016000	6017000
NC_053230.1	6025000	6026000
NC_053230.1	6032000	6033000
NC_053230.1	6035000	6036000
NC_053230.1	6046000	6047000
NC_053230.1	6048000	6049000
NC_053230.1	6049000	6050000
NC_053230.1	6050000	6051000
NC_053230.1	6052000	6053000
NC_053230.1	6053000	6054000
NC_053230.1	6063000	6064000
NC_053230.1	6082000	6083000
NC_053230.1	6083000	6084000
NC_053230.1	6094000	6095000
NC_053230.1	6095000	6096000
NC_053230.1	6100000	6101000
NC_053230.1	6111000	6112000
NC_053230.1	6112000	6113000
NC_053230.1	6113000	6114000
NC_053230.1	6114000	6115000
NC_053230.1	6119000	6120000
NC_053230.1	6120000	6121000
NC_053230.1	6121000	6122000
NC_053230.1	6129000	6130000
NC_053230.1	6158000	6159000
NC_053230.1	6191000	6192000
NC_053230.1	6193000	6194000
NC_053230.1	6206000	6207000
NC_053230.1	6207000	6208000
NC_053230.1	6208000	6209000
NC_053230.1	6209000	6210000
NC_053230.1	6210000	6211000
NC_053230.1	6290000	6291000
NC_053230.1	6304000	6305000
NC_053230.1	6320000	6321000
NC_053230.1	6321000	6322000
NC_053230.1	6344000	6345000
NC_053230.1	6346000	6347000
NC_053230.1	6347000	6348000
NC_053230.1	6400000	6401000
NC_053230.1	6401000	6402000
NC_053230.1	6403000	6404000
NC_053230.1	6405000	6406000
NC_053230.1	6406000	6407000
NC_053230.1	6407000	6408000
NC_053230.1	6409000	6410000
NC_053230.1	6410000	6411000
NC_053230.1	6415000	6416000
NC_053230.1	6422000	6423000
NC_053230.1	6425000	6426000
NC_053230.1	6428000	6429000
NC_053230.1	6429000	6430000
NC_053230.1	6441000	6442000
NC_053230.1	6442000	6443000
NC_053230.1	6443000	6444000
NC_053230.1	6447000	6448000
NC_053230.1	6448000	6449000
NC_053230.1	6449000	6450000
NC_053230.1	6450000	6451000
NC_053230.1	6451000	6452000
NC_053230.1	6454000	6455000
NC_053230.1	6455000	6456000
NC_053230.1	6466000	6467000
NC_053230.1	6472000	6473000
NC_053230.1	6490000	6491000
NC_053230.1	6493000	6494000
NC_053230.1	6509000	6510000
NC_053230.1	6510000	6511000
NC_053230.1	6515000	6516000
NC_053230.1	6516000	6517000
NC_053230.1	6525000	6526000
NC_053230.1	6527000	6528000
NC_053230.1	6528000	6529000
NC_053230.1	6529000	6530000
NC_053230.1	6530000	6531000
NC_053230.1	6531000	6532000
NC_053230.1	6533000	6534000
NC_053230.1	6534000	6535000
NC_053230.1	6540000	6541000
NC_053230.1	6541000	6542000
NC_053230.1	6619000	6620000
NC_053230.1	6641000	6642000
NC_053230.1	6690000	6691000
NC_053230.1	6822000	6823000
NC_053230.1	6872000	6873000
NC_053230.1	6875000	6876000
NC_053230.1	6876000	6877000
NC_053230.1	6877000	6878000
NC_053230.1	6888000	6889000
NC_053230.1	6890000	6891000
NC_053230.1	6891000	6892000
NC_053230.1	6893000	6894000
NC_053230.1	6894000	6895000
NC_053230.1	6929000	6930000
NC_053230.1	6945000	6946000
NC_053230.1	6948000	6949000
NC_053230.1	6950000	6951000
NC_053230.1	6952000	6953000
NC_053230.1	6953000	6954000
NC_053230.1	6954000	6955000
NC_053230.1	6955000	6956000
NC_053230.1	6957000	6958000
NC_053230.1	6959000	6960000
NC_053230.1	6960000	6961000
NC_053230.1	6961000	6962000
NC_053230.1	6963000	6964000
NC_053230.1	6964000	6965000
NC_053230.1	6965000	6966000
NC_053230.1	6966000	6967000
NC_053230.1	6967000	6968000
NC_053230.1	6968000	6969000
NC_053230.1	6969000	6970000
NC_053230.1	6970000	6971000
NC_053230.1	6971000	6972000
NC_053230.1	6972000	6973000
NC_053230.1	6973000	6974000
NC_053230.1	6975000	6976000
NC_053230.1	7018000	7019000
NC_053230.1	7019000	7020000
NC_053230.1	7074000	7075000
NC_053230.1	7167000	7168000
NC_053230.1	7294000	7295000
NC_053230.1	7415000	7416000
NC_053230.1	7484000	7485000
NC_053230.1	7485000	7486000
NC_053230.1	7509000	7510000
NC_053230.1	7510000	7511000
NC_053230.1	7512000	7513000
NC_053230.1	7513000	7514000
NC_053230.1	7539000	7540000
NC_053230.1	7540000	7541000
NC_053230.1	7543000	7544000
NC_053230.1	7545000	7546000
NC_053230.1	7546000	7547000
NC_053230.1	7548000	7549000
NC_053230.1	7549000	7550000
NC_053230.1	7550000	7551000
NC_053230.1	7551000	7552000
NC_053230.1	7552000	7553000
NC_053230.1	7553000	7554000
NC_053230.1	7554000	7555000
NC_053230.1	7555000	7556000
NC_053230.1	7557000	7558000
NC_053230.1	7558000	7559000
NC_053230.1	7559000	7560000
NC_053230.1	7560000	7561000
NC_053230.1	7562000	7563000
NC_053230.1	7563000	7564000
NC_053230.1	7564000	7565000
NC_053230.1	7565000	7566000
NC_053230.1	7566000	7567000
NC_053230.1	7568000	7569000
NC_053230.1	7569000	7570000
NC_053230.1	7570000	7571000
NC_053230.1	7571000	7572000
NC_053230.1	7584000	7585000
NC_053230.1	7585000	7586000
NC_053230.1	7590000	7591000
NC_053230.1	7593000	7594000
NC_053230.1	7595000	7596000
NC_053230.1	7604000	7605000
NC_053230.1	7612000	7613000
NC_053230.1	7624000	7625000
NC_053230.1	7625000	7626000
NC_053230.1	7673000	7674000
NC_053230.1	7695000	7696000
NC_053230.1	7696000	7697000
NC_053230.1	7697000	7698000
NC_053230.1	7698000	7699000
NC_053230.1	7701000	7702000
NC_053230.1	7703000	7704000
NC_053230.1	7704000	7705000
NC_053230.1	7705000	7706000
NC_053230.1	7741000	7742000
NC_053230.1	7742000	7743000
NC_053230.1	7744000	7745000
NC_053230.1	7745000	7746000
NC_053230.1	7746000	7747000
NC_053230.1	7747000	7748000
NC_053230.1	7749000	7750000
NC_053230.1	7750000	7751000
NC_053230.1	7751000	7752000
NC_053230.1	7752000	7753000
NC_053230.1	7753000	7754000
NC_053230.1	7784000	7785000
NC_053230.1	7785000	7786000
NC_053230.1	7786000	7787000
NC_053230.1	7787000	7788000
NC_053230.1	7788000	7789000
NC_053230.1	7792000	7793000
NC_053230.1	7794000	7795000
NC_053230.1	7795000	7796000
NC_053230.1	7796000	7797000
NC_053230.1	7802000	7803000
NC_053230.1	7853000	7854000
NC_053230.1	7872000	7873000
NC_053230.1	7878000	7879000
NC_053230.1	7909000	7910000
NC_053230.1	7910000	7911000
NC_053230.1	7918000	7919000
NC_053230.1	7919000	7920000
NC_053230.1	7925000	7926000
NC_053230.1	7926000	7927000
NC_053230.1	7933000	7934000
NC_053230.1	7934000	7935000
NC_053230.1	7935000	7936000
NC_053230.1	7951000	7952000
NC_053230.1	7959000	7960000
NC_053230.1	7960000	7961000
NC_053230.1	7961000	7962000
NC_053230.1	7962000	7963000
NC_053230.1	7963000	7964000
NC_053230.1	7964000	7965000
NC_053230.1	7965000	7966000
NC_053230.1	7966000	7967000
NC_053230.1	7967000	7968000
NC_053230.1	7968000	7969000
NC_053230.1	7981000	7982000
NC_053230.1	7988000	7989000
NC_053230.1	8010000	8011000
NC_053230.1	8011000	8012000
NC_053230.1	8018000	8019000
NC_053230.1	8045000	8046000
NC_053230.1	8056000	8057000
NC_053230.1	8092000	8093000
NC_053230.1	8140000	8141000
NC_053230.1	8141000	8142000
NC_053230.1	8144000	8145000
NC_053230.1	8161000	8162000
NC_053230.1	8179000	8180000
NC_053230.1	8181000	8182000
NC_053230.1	8182000	8183000
NC_053230.1	8203000	8204000
NC_053230.1	8204000	8205000
NC_053230.1	8208000	8209000
NC_053230.1	8209000	8210000
NC_053230.1	8210000	8211000
NC_053230.1	8219000	8220000
NC_053230.1	8220000	8221000
NC_053230.1	8222000	8223000
NC_053230.1	8265000	8266000
NC_053230.1	8266000	8267000
NC_053230.1	8268000	8269000
NC_053230.1	8270000	8271000
NC_053230.1	8275000	8276000
NC_053230.1	8303000	8304000
NC_053230.1	8304000	8305000
NC_053230.1	8335000	8336000
NC_053230.1	8377000	8378000
NC_053230.1	8404000	8405000
NC_053230.1	8527000	8528000
NC_053230.1	8537000	8538000
NC_053230.1	8538000	8539000
NC_053230.1	8557000	8558000
NC_053230.1	8558000	8559000
NC_053230.1	8560000	8561000
NC_053230.1	8578000	8579000
NC_053230.1	8579000	8580000
NC_053230.1	8606000	8607000
NC_053230.1	8621000	8622000
NC_053230.1	8622000	8623000
NC_053230.1	8630000	8631000
NC_053230.1	8634000	8635000
NC_053230.1	8635000	8636000
NC_053230.1	8665000	8666000
NC_053230.1	8666000	8667000
NC_053230.1	8669000	8670000
NC_053230.1	8670000	8671000
NC_053230.1	8671000	8672000
NC_053230.1	8672000	8673000
NC_053230.1	8673000	8674000
NC_053230.1	8674000	8675000
NC_053230.1	8675000	8676000
NC_053230.1	8676000	8677000
NC_053230.1	8677000	8678000
NC_053230.1	8679000	8680000
NC_053230.1	8682000	8683000
NC_053230.1	8688000	8689000
NC_053230.1	8690000	8691000
NC_053230.1	8691000	8692000
NC_053230.1	8692000	8693000
NC_053230.1	8696000	8697000
NC_053230.1	8697000	8698000
NC_053230.1	8698000	8699000
NC_053230.1	8699000	8700000
NC_053230.1	8701000	8702000
NC_053230.1	8702000	8703000
NC_053230.1	8703000	8704000
NC_053230.1	8706000	8707000
NC_053230.1	8745000	8746000
NC_053230.1	8746000	8747000
NC_053230.1	8821000	8822000
NC_053230.1	8919000	8920000
NC_053230.1	8944000	8945000
NC_053230.1	8978000	8979000
NC_053230.1	8980000	8981000
NC_053230.1	8981000	8982000
NC_053230.1	8982000	8983000
NC_053230.1	9068000	9069000
NC_053230.1	9069000	9070000
NC_053230.1	9070000	9071000
NC_053230.1	9071000	9072000
NC_053230.1	9072000	9073000
NC_053230.1	9073000	9074000
NC_053230.1	9074000	9075000
NC_053230.1	9075000	9076000
NC_053230.1	9086000	9087000
NC_053230.1	9089000	9090000
NC_053230.1	9138000	9139000
NC_053230.1	9145000	9146000
NC_053230.1	9156000	9157000
NC_053230.1	9178000	9179000
NC_053230.1	9181000	9182000
NC_053230.1	9182000	9183000
NC_053230.1	9190000	9191000
NC_053230.1	9191000	9192000
NC_053230.1	9215000	9216000
NC_053230.1	9219000	9220000
NC_053230.1	9221000	9222000
NC_053230.1	9222000	9223000
NC_053230.1	9224000	9225000
NC_053230.1	9225000	9226000
NC_053230.1	9226000	9227000
NC_053230.1	9227000	9228000
NC_053230.1	9228000	9229000
NC_053230.1	9251000	9252000
NC_053230.1	9252000	9253000
NC_053230.1	9253000	9254000
NC_053230.1	9254000	9255000
NC_053230.1	9267000	9268000
NC_053230.1	9268000	9269000
NC_053230.1	9269000	9270000
NC_053230.1	9277000	9278000
NC_053230.1	9278000	9279000
NC_053230.1	9279000	9280000
NC_053230.1	9282000	9283000
NC_053230.1	9283000	9284000
NC_053230.1	9284000	9285000
NC_053230.1	9377000	9378000
NC_053230.1	9378000	9379000
NC_053230.1	9409000	9410000
NC_053230.1	9410000	9411000
NC_053230.1	9411000	9412000
NC_053230.1	9438000	9439000
NC_053230.1	9442000	9443000
NC_053230.1	9445000	9446000
NC_053230.1	9472000	9473000
NC_053230.1	9513000	9514000
NC_053230.1	9535000	9536000
NC_053230.1	9544000	9545000
NC_053230.1	9585000	9586000
NC_053230.1	9586000	9587000
NC_053230.1	9643000	9644000
NC_053230.1	9644000	9645000
NC_053230.1	9757000	9758000
NC_053230.1	9783000	9784000
NC_053230.1	9791000	9792000
NC_053230.1	9827000	9828000
NC_053230.1	9831000	9832000
NC_053230.1	9836000	9837000
NC_053230.1	9838000	9839000
NC_053230.1	9841000	9842000
NC_053230.1	9842000	9843000
NC_053230.1	9843000	9844000
NC_053230.1	9846000	9847000
NC_053230.1	9848000	9849000
NC_053230.1	9865000	9866000
NC_053230.1	9866000	9867000
NC_053230.1	9867000	9868000
NC_053230.1	9868000	9869000
NC_053230.1	9869000	9870000
NC_053230.1	9870000	9871000
NC_053230.1	9871000	9872000
NC_053230.1	9876000	9877000
NC_053230.1	9877000	9878000
NC_053230.1	9916000	9917000
NC_053230.1	9918000	9919000
NC_053230.1	9919000	9920000
NC_053230.1	9927000	9928000
NC_053230.1	9932000	9933000
NC_053230.1	9943000	9944000
NC_053230.1	9944000	9945000
NC_053230.1	9957000	9958000
NC_053230.1	9958000	9959000
NC_053230.1	9961000	9962000
NC_053230.1	9962000	9963000
NC_053230.1	9963000	9964000
NC_053230.1	9964000	9965000
NC_053230.1	9965000	9966000
NC_053230.1	9972000	9973000
NC_053230.1	9978000	9979000
NC_053230.1	9981000	9982000
NC_053230.1	9982000	9983000
NC_053230.1	9992000	9993000
NC_053230.1	10014000	10015000
NC_053230.1	10016000	10017000
NC_053230.1	10017000	10018000
NC_053230.1	10018000	10019000
NC_053230.1	10019000	10020000
NC_053230.1	10041000	10042000
NC_053230.1	10049000	10050000
NC_053230.1	10050000	10051000
NC_053230.1	10067000	10068000
NC_053230.1	10077000	10078000
NC_053230.1	10079000	10080000
NC_053230.1	10080000	10081000
NC_053230.1	10081000	10082000
NC_053230.1	10089000	10090000
NC_053230.1	10132000	10133000
NC_053230.1	10133000	10134000
NC_053230.1	10145000	10146000
NC_053230.1	10146000	10147000
NC_053230.1	10147000	10148000
NC_053230.1	10159000	10160000
NC_053230.1	10162000	10163000
NC_053230.1	10163000	10164000
NC_053230.1	10166000	10167000
NC_053230.1	10167000	10168000
NC_053230.1	10169000	10170000
NC_053230.1	10170000	10171000
NC_053230.1	10171000	10172000
NC_053230.1	10179000	10180000
NC_053230.1	10195000	10196000
NC_053230.1	10196000	10197000
NC_053230.1	10209000	10210000
NC_053230.1	10221000	10222000
NC_053230.1	10222000	10223000
NC_053230.1	10227000	10228000
NC_053230.1	10230000	10231000
NC_053230.1	10238000	10239000
NC_053230.1	10239000	10240000
NC_053230.1	10250000	10251000
NC_053230.1	10256000	10257000
NC_053230.1	10257000	10258000
NC_053230.1	10258000	10259000
NC_053230.1	10287000	10288000
NC_053230.1	10288000	10289000
NC_053230.1	10290000	10291000
NC_053230.1	10353000	10354000
NC_053230.1	10356000	10357000
NC_053230.1	10357000	10358000
NC_053230.1	10365000	10366000
NC_053230.1	10367000	10368000
NC_053230.1	10380000	10381000
NC_053230.1	10397000	10398000
NC_053230.1	10400000	10401000
NC_053230.1	10401000	10402000
NC_053230.1	10407000	10408000
NC_053230.1	10430000	10431000
NC_053230.1	10432000	10433000
NC_053230.1	10434000	10435000
NC_053230.1	10452000	10453000
NC_053230.1	10454000	10455000
NC_053230.1	10455000	10456000
NC_053230.1	10456000	10457000
NC_053230.1	10457000	10458000
NC_053230.1	10458000	10459000
NC_053230.1	10459000	10460000
NC_053230.1	10460000	10461000
NC_053230.1	10461000	10462000
NC_053230.1	10462000	10463000
NC_053230.1	10464000	10465000
NC_053230.1	10465000	10466000
NC_053230.1	10467000	10468000
NC_053230.1	10471000	10472000
NC_053230.1	10477000	10478000
NC_053230.1	10478000	10479000
NC_053230.1	10479000	10480000
NC_053230.1	10491000	10492000
NC_053230.1	10492000	10493000
NC_053230.1	10494000	10495000
NC_053230.1	10495000	10496000
NC_053230.1	10498000	10499000
NC_053230.1	10499000	10500000
NC_053230.1	10500000	10501000
NC_053230.1	10505000	10506000
NC_053230.1	10524000	10525000
NC_053230.1	10615000	10616000
NC_053230.1	10650000	10651000
NC_053230.1	10684000	10685000
NC_053230.1	10691000	10692000
NC_053230.1	10692000	10693000
NC_053230.1	10716000	10717000
NC_053230.1	10723000	10724000
NC_053230.1	10724000	10725000
NC_053230.1	10782000	10783000
NC_053230.1	10809000	10810000
NC_053230.1	10813000	10814000
NC_053230.1	10814000	10815000
NC_053230.1	10841000	10842000
NC_053230.1	10848000	10849000
NC_053230.1	10868000	10869000
NC_053230.1	10883000	10884000
NC_053230.1	10898000	10899000
NC_053230.1	10901000	10902000
NC_053230.1	10902000	10903000
NC_053230.1	10919000	10920000
NC_053230.1	10920000	10921000
NC_053230.1	10981000	10982000
NC_053230.1	10982000	10983000
NC_053230.1	10985000	10986000
NC_053230.1	11005000	11006000
NC_053230.1	11014000	11015000
NC_053230.1	11019000	11020000
NC_053230.1	11054000	11055000
NC_053230.1	11095000	11096000
NC_053230.1	11109000	11110000
NC_053230.1	11129000	11130000
NC_053230.1	11130000	11131000
NC_053230.1	11132000	11133000
NC_053230.1	11133000	11134000
NC_053230.1	11134000	11135000
NC_053230.1	11135000	11136000
NC_053230.1	11136000	11137000
NC_053230.1	11138000	11139000
NC_053230.1	11139000	11140000
NC_053230.1	11140000	11141000
NC_053230.1	11141000	11142000
NC_053230.1	11142000	11143000
NC_053230.1	11208000	11209000
NC_053230.1	11234000	11235000
NC_053230.1	11235000	11236000
NC_053230.1	11236000	11237000
NC_053230.1	11238000	11239000
NC_053230.1	11239000	11240000
NC_053230.1	11254000	11255000
NC_053230.1	11255000	11256000
NC_053230.1	11256000	11257000
NC_053230.1	11257000	11258000
NC_053230.1	11258000	11259000
NC_053230.1	11293000	11294000
NC_053230.1	11294000	11295000
NC_053230.1	11311000	11312000
NC_053230.1	11323000	11324000
NC_053230.1	11402000	11403000
NC_053230.1	11403000	11404000
NC_053230.1	11404000	11405000
NC_053230.1	11411000	11412000
NC_053230.1	11416000	11417000
NC_053230.1	11419000	11420000
NC_053230.1	11420000	11421000
NC_053230.1	11421000	11422000
NC_053230.1	11422000	11423000
NC_053230.1	11423000	11424000
NC_053230.1	11424000	11425000
NC_053230.1	11425000	11426000
NC_053230.1	11427000	11428000
NC_053230.1	11428000	11429000
NC_053230.1	11430000	11431000
NC_053230.1	11431000	11432000
NC_053230.1	11432000	11433000
NC_053230.1	11433000	11434000
NC_053230.1	11435000	11436000
NC_053230.1	11437000	11438000
NC_053230.1	11438000	11439000
NC_053230.1	11441000	11442000
NC_053230.1	11445000	11446000
NC_053230.1	11447000	11448000
NC_053230.1	11450000	11451000
NC_053230.1	11510000	11511000
NC_053230.1	11575000	11576000
NC_053230.1	11581000	11582000
NC_053230.1	11590000	11591000
NC_053230.1	11591000	11592000
NC_053230.1	11631000	11632000
NC_053230.1	11632000	11633000
NC_053230.1	11643000	11644000
NC_053230.1	11644000	11645000
NC_053230.1	11645000	11646000
NC_053230.1	11646000	11647000
NC_053230.1	11647000	11648000
NC_053230.1	11654000	11655000
NC_053230.1	11655000	11656000
NC_053230.1	11656000	11657000
NC_053230.1	11657000	11658000
NC_053230.1	11658000	11659000
NC_053230.1	11670000	11671000
NC_053230.1	11674000	11675000
NC_053230.1	11732000	11733000
NC_053230.1	11735000	11736000
NC_053230.1	11736000	11737000
NC_053230.1	11738000	11739000
NC_053230.1	11739000	11740000
NC_053230.1	11740000	11741000
NC_053230.1	11741000	11742000
NC_053230.1	11742000	11743000
NC_053230.1	11743000	11744000
NC_053230.1	11744000	11745000
NC_053230.1	11745000	11746000
NC_053230.1	11746000	11747000
NC_053230.1	11747000	11748000
NC_053230.1	11748000	11749000
NC_053230.1	11749000	11750000
NC_053230.1	11752000	11753000
NC_053230.1	11753000	11754000
NC_053230.1	11756000	11757000
NC_053230.1	11757000	11758000
NC_053230.1	11759000	11760000
NC_053230.1	11760000	11761000
NC_053230.1	11762000	11763000
NC_053230.1	11763000	11764000
NC_053230.1	11764000	11765000
NC_053230.1	11765000	11766000
NC_053230.1	11767000	11768000
NC_053230.1	11768000	11769000
NC_053230.1	11770000	11771000
NC_053230.1	11771000	11772000
NC_053230.1	11772000	11773000
NC_053230.1	11773000	11774000
NC_053230.1	11774000	11775000
NC_053230.1	11775000	11776000
NC_053230.1	11776000	11777000
NC_053230.1	11777000	11778000
NC_053230.1	11779000	11780000
NC_053230.1	11782000	11783000
NC_053230.1	11785000	11786000
NC_053230.1	11786000	11787000
NC_053230.1	11787000	11788000
NC_053230.1	11788000	11789000
NC_053230.1	11789000	11790000
NC_053230.1	11790000	11791000
NC_053230.1	11792000	11793000
NC_053230.1	11793000	11794000
NC_053230.1	11794000	11795000
NC_053230.1	11798000	11799000
NC_053230.1	11807000	11808000
NC_053230.1	11808000	11809000
NC_053230.1	11809000	11810000
NC_053230.1	11810000	11811000
NC_053230.1	11811000	11812000
NC_053230.1	11816000	11817000
NC_053230.1	11817000	11818000
NC_053230.1	11824000	11825000
NC_053230.1	11825000	11826000
NC_053230.1	11828000	11829000
NC_053230.1	11831000	11832000
NC_053230.1	11832000	11833000
NC_053230.1	11833000	11834000
NC_053230.1	11834000	11835000
NC_053230.1	11835000	11836000
NC_053230.1	11836000	11837000
NC_053230.1	11845000	11846000
NC_053230.1	11854000	11855000
NC_053230.1	11856000	11857000
NC_053230.1	11857000	11858000
NC_053230.1	11858000	11859000
NC_053230.1	11867000	11868000
NC_053230.1	11868000	11869000
NC_053230.1	11897000	11898000
NC_053230.1	11902000	11903000
NC_053230.1	11909000	11910000
NC_053230.1	11915000	11916000
NC_053230.1	11916000	11917000
NC_053230.1	11917000	11918000
NC_053230.1	11918000	11919000
NC_053230.1	11919000	11920000
NC_053230.1	11922000	11923000
NC_053230.1	11945000	11946000
NC_053230.1	11996000	11997000
NC_053230.1	12002000	12003000
NC_053230.1	12003000	12004000
NC_053230.1	12190000	12191000
NC_053230.1	12191000	12192000
NC_053230.1	12192000	12193000
NC_053230.1	12200000	12201000
NC_053230.1	12206000	12207000
NC_053230.1	12207000	12208000
NC_053230.1	12208000	12209000
NC_053230.1	12209000	12210000
NC_053230.1	12210000	12211000
NC_053230.1	12223000	12224000
NC_053230.1	12268000	12269000
NC_053230.1	12302000	12303000
NC_053230.1	12303000	12304000
NC_053230.1	12304000	12305000
NC_053230.1	12305000	12306000
NC_053230.1	12306000	12307000
NC_053230.1	12307000	12308000
NC_053230.1	12324000	12325000
NC_053230.1	12329000	12330000
NC_053230.1	12346000	12347000
NC_053230.1	12354000	12355000
NC_053230.1	12371000	12372000
NC_053230.1	12372000	12373000
NC_053230.1	12373000	12374000
NC_053230.1	12374000	12375000
NC_053230.1	12385000	12386000
NC_053230.1	12386000	12387000
NC_053230.1	12390000	12391000
NC_053230.1	12391000	12392000
NC_053230.1	12392000	12393000
NC_053230.1	12394000	12395000
NC_053230.1	12402000	12403000
NC_053230.1	12430000	12431000
NC_053230.1	12432000	12433000
NC_053230.1	12433000	12434000
NC_053230.1	12434000	12435000
NC_053230.1	12435000	12436000
NC_053230.1	12436000	12437000
NC_053230.1	12437000	12438000
NC_053230.1	12438000	12439000
NC_053230.1	12443000	12444000
NC_053230.1	12444000	12445000
NC_053230.1	12445000	12446000
NC_053230.1	12446000	12447000
NC_053230.1	12447000	12448000
NC_053230.1	12448000	12449000
NC_053230.1	12449000	12450000
NC_053230.1	12452000	12453000
NC_053230.1	12457000	12458000
NC_053230.1	12467000	12468000
NC_053230.1	12468000	12469000
NC_053230.1	12469000	12470000
NC_053230.1	12470000	12471000
NC_053230.1	12471000	12472000
NC_053230.1	12472000	12473000
NC_053230.1	12473000	12474000
NC_053230.1	12474000	12475000
NC_053230.1	12477000	12478000
NC_053230.1	12478000	12479000
NC_053230.1	12480000	12481000
NC_053230.1	12481000	12482000
NC_053230.1	12482000	12483000
NC_053230.1	12492000	12493000
NC_053230.1	12493000	12494000
NC_053230.1	12494000	12495000
NC_053230.1	12495000	12496000
NC_053230.1	12496000	12497000
NC_053230.1	12497000	12498000
NC_053230.1	12498000	12499000
NC_053230.1	12500000	12501000
NC_053230.1	12501000	12502000
NC_053230.1	12502000	12503000
NC_053230.1	12504000	12505000
NC_053230.1	12505000	12506000
NC_053230.1	12506000	12507000
NC_053230.1	12511000	12512000
NC_053230.1	12512000	12513000
NC_053230.1	12513000	12514000
NC_053230.1	12514000	12515000
NC_053230.1	12515000	12516000
NC_053230.1	12516000	12517000
NC_053230.1	12517000	12518000
NC_053230.1	12518000	12519000
NC_053230.1	12519000	12520000
NC_053230.1	12520000	12521000
NC_053230.1	12521000	12522000
NC_053230.1	12522000	12523000
NC_053230.1	12523000	12524000
NC_053230.1	12525000	12526000
NC_053230.1	12540000	12541000
NC_053230.1	12542000	12543000
NC_053230.1	12543000	12544000
NC_053230.1	12546000	12547000
NC_053230.1	12547000	12548000
NC_053230.1	12549000	12550000
NC_053230.1	12550000	12551000
NC_053230.1	12551000	12552000
NC_053230.1	12553000	12554000
NC_053230.1	12555000	12556000
NC_053230.1	12556000	12557000
NC_053230.1	12557000	12558000
NC_053230.1	12558000	12559000
NC_053230.1	12560000	12561000
NC_053230.1	12561000	12562000
NC_053230.1	12562000	12563000
NC_053230.1	12563000	12564000
NC_053230.1	12564000	12565000
NC_053230.1	12565000	12566000
NC_053230.1	12566000	12567000
NC_053230.1	12567000	12568000
NC_053230.1	12568000	12569000
NC_053230.1	12569000	12570000
NC_053230.1	12573000	12574000
NC_053230.1	12578000	12579000
NC_053230.1	12580000	12581000
NC_053230.1	12581000	12582000
NC_053230.1	12583000	12584000
NC_053230.1	12584000	12585000
NC_053230.1	12585000	12586000
NC_053230.1	12587000	12588000
NC_053230.1	12590000	12591000
NC_053230.1	12592000	12593000
NC_053230.1	12593000	12594000
NC_053230.1	12594000	12595000
NC_053230.1	12595000	12596000
NC_053230.1	12596000	12597000
NC_053230.1	12597000	12598000
NC_053230.1	12598000	12599000
NC_053230.1	12599000	12600000
NC_053230.1	12600000	12601000
NC_053230.1	12602000	12603000
NC_053230.1	12603000	12604000
NC_053230.1	12605000	12606000
NC_053230.1	12606000	12607000
NC_053230.1	12608000	12609000
NC_053230.1	12610000	12611000
NC_053230.1	12613000	12614000
NC_053230.1	12615000	12616000
NC_053230.1	12616000	12617000
NC_053230.1	12617000	12618000
NC_053230.1	12618000	12619000
NC_053230.1	12619000	12620000
NC_053230.1	12620000	12621000
NC_053230.1	12621000	12622000
NC_053230.1	12622000	12623000
NC_053230.1	12625000	12626000
NC_053230.1	12626000	12627000
NC_053230.1	12627000	12628000
NC_053230.1	12628000	12629000
NC_053230.1	12629000	12630000
NC_053230.1	12632000	12633000
NC_053230.1	12633000	12634000
NC_053230.1	12636000	12637000
NC_053230.1	12637000	12638000
NC_053230.1	12638000	12639000
NC_053230.1	12640000	12641000
NC_053230.1	12642000	12643000
NC_053230.1	12643000	12644000
NC_053230.1	12645000	12646000
NC_053230.1	12646000	12647000
NC_053230.1	12647000	12648000
NC_053230.1	12648000	12649000
NC_053230.1	12649000	12650000
NC_053230.1	12650000	12651000
NC_053230.1	12652000	12653000
NC_053230.1	12661000	12662000
NC_053230.1	12667000	12668000
NC_053230.1	12671000	12672000
NC_053230.1	12675000	12676000
NC_053230.1	12676000	12677000
NC_053230.1	12677000	12678000
NC_053230.1	12679000	12680000
NC_053230.1	12680000	12681000
NC_053230.1	12681000	12682000
NC_053230.1	12682000	12683000
NC_053230.1	12683000	12684000
NC_053230.1	12684000	12685000
NC_053230.1	12685000	12686000
NC_053230.1	12686000	12687000
NC_053230.1	12687000	12688000
NC_053230.1	12688000	12689000
NC_053230.1	12689000	12690000
NC_053230.1	12690000	12691000
NC_053230.1	12691000	12692000
NC_053230.1	12692000	12693000
NC_053230.1	12695000	12696000
NC_053230.1	12696000	12697000
NC_053230.1	12697000	12698000
NC_053230.1	12698000	12699000
NC_053230.1	12699000	12700000
NC_053230.1	12701000	12702000
NC_053230.1	12702000	12703000
NC_053230.1	12703000	12704000
NC_053230.1	12704000	12705000
NC_053230.1	12705000	12706000
NC_053230.1	12706000	12707000
NC_053230.1	12707000	12708000
NC_053230.1	12708000	12709000
NC_053230.1	12709000	12710000
NC_053230.1	12710000	12711000
NC_053230.1	12712000	12713000
NC_053230.1	12713000	12714000
NC_053230.1	12714000	12715000
NC_053230.1	12717000	12718000
NC_053230.1	12718000	12719000
NC_053230.1	12719000	12720000
NC_053230.1	12720000	12721000
NC_053230.1	12721000	12722000
NC_053230.1	12722000	12723000
NC_053230.1	12724000	12725000
NC_053230.1	12725000	12726000
NC_053230.1	12726000	12727000
NC_053230.1	12727000	12728000
NC_053230.1	12728000	12729000
NC_053230.1	12729000	12730000
NC_053230.1	12730000	12731000
NC_053230.1	12731000	12732000
NC_053230.1	12732000	12733000
NC_053230.1	12736000	12737000
NC_053230.1	12737000	12738000
NC_053230.1	12739000	12740000
NC_053230.1	12741000	12742000
NC_053230.1	12742000	12743000
NC_053230.1	12743000	12744000
NC_053230.1	12744000	12745000
NC_053230.1	12745000	12746000
NC_053230.1	12746000	12747000
NC_053230.1	12748000	12749000
NC_053230.1	12749000	12750000
NC_053230.1	12750000	12751000
NC_053230.1	12754000	12755000
NC_053230.1	12757000	12758000
NC_053230.1	12758000	12759000
NC_053230.1	12759000	12760000
NC_053230.1	12763000	12764000
NC_053230.1	12764000	12765000
NC_053230.1	12765000	12766000
NC_053230.1	12766000	12767000
NC_053230.1	12767000	12768000
NC_053230.1	12768000	12769000
NC_053230.1	12770000	12771000
NC_053230.1	12771000	12772000
NC_053230.1	12772000	12773000
NC_053230.1	12773000	12774000
NC_053230.1	12774000	12775000
NC_053230.1	12777000	12778000
NC_053230.1	12778000	12779000
NC_053230.1	12779000	12780000
NC_053230.1	12780000	12781000
NC_053230.1	12782000	12783000
NC_053230.1	12785000	12786000
NC_053230.1	12786000	12787000
NC_053230.1	12787000	12788000
NC_053230.1	12788000	12789000
NC_053230.1	12789000	12790000
NC_053230.1	12790000	12791000
NC_053230.1	12791000	12792000
NC_053230.1	12792000	12793000
NC_053230.1	12793000	12794000
NC_053230.1	12794000	12795000
NC_053230.1	12797000	12798000
NC_053230.1	12798000	12799000
NC_053230.1	12799000	12800000
NC_053230.1	12800000	12801000
NC_053230.1	12801000	12802000
NC_053230.1	12802000	12803000
NC_053230.1	12804000	12805000
NC_053230.1	12805000	12806000
NC_053230.1	12807000	12808000
NC_053230.1	12808000	12809000
NC_053230.1	12809000	12810000
NC_053230.1	12811000	12812000
NC_053230.1	12812000	12813000
NC_053230.1	12813000	12814000
NC_053230.1	12814000	12815000
NC_053230.1	12816000	12817000
NC_053230.1	12817000	12818000
NC_053230.1	12818000	12819000
NC_053230.1	12819000	12820000
NC_053230.1	12820000	12821000
NC_053230.1	12822000	12823000
NC_053230.1	12823000	12824000
NC_053230.1	12824000	12825000
NC_053230.1	12827000	12828000
NC_053230.1	12828000	12829000
NC_053230.1	12831000	12832000
NC_053230.1	12832000	12833000
NC_053230.1	12833000	12834000
NC_053230.1	12834000	12835000
NC_053230.1	12835000	12836000
NC_053230.1	12837000	12838000
NC_053230.1	12838000	12839000
NC_053230.1	12839000	12840000
NC_053230.1	12840000	12841000
NC_053230.1	12843000	12844000
NC_053230.1	12845000	12846000
NC_053230.1	12846000	12847000
NC_053230.1	12848000	12849000
NC_053230.1	12849000	12850000
NC_053230.1	12851000	12852000
NC_053230.1	12852000	12853000
NC_053230.1	12853000	12854000
NC_053230.1	12854000	12855000
NC_053230.1	12855000	12856000
NC_053230.1	12856000	12857000
NC_053230.1	12858000	12859000
NC_053230.1	12859000	12860000
NC_053230.1	12860000	12861000
NC_053230.1	12861000	12862000
NC_053230.1	12864000	12865000
NC_053230.1	12866000	12867000
NC_053230.1	12868000	12869000
NC_053230.1	12870000	12871000
NC_053230.1	12871000	12872000
NC_053230.1	12872000	12873000
NC_053230.1	12874000	12875000
NC_053230.1	12876000	12877000
NC_053230.1	12877000	12878000
NC_053230.1	12878000	12879000
NC_053230.1	12880000	12881000
NC_053230.1	12882000	12883000
NC_053230.1	12885000	12886000
NC_053230.1	12888000	12889000
NC_053230.1	12889000	12890000
NC_053230.1	12890000	12891000
NC_053230.1	12891000	12892000
NC_053230.1	12893000	12894000
NC_053230.1	12895000	12896000
NC_053230.1	12896000	12897000
NC_053230.1	12898000	12899000
NC_053230.1	12899000	12900000
NC_053230.1	12900000	12901000
NC_053230.1	12901000	12902000
NC_053230.1	12904000	12905000
NC_053230.1	12905000	12906000
NC_053230.1	12908000	12909000
NC_053230.1	12909000	12910000
NC_053230.1	12910000	12911000
NC_053230.1	12911000	12912000
NC_053230.1	12912000	12913000
NC_053230.1	12913000	12914000
NC_053230.1	12914000	12915000
NC_053230.1	12915000	12916000
NC_053230.1	12917000	12918000
NC_053230.1	12919000	12920000
NC_053230.1	12920000	12921000
NC_053230.1	12923000	12924000
NC_053230.1	12924000	12925000
NC_053230.1	12927000	12928000
NC_053230.1	12928000	12929000
NC_053230.1	12929000	12930000
NC_053230.1	12930000	12931000
NC_053230.1	12932000	12933000
NC_053230.1	12933000	12934000
NC_053230.1	12934000	12935000
NC_053230.1	12935000	12936000
NC_053230.1	12936000	12937000
NC_053230.1	12937000	12938000
NC_053230.1	12938000	12939000
NC_053230.1	12939000	12940000
NC_053230.1	12940000	12941000
NC_053230.1	12942000	12943000
NC_053230.1	12943000	12944000
NC_053230.1	12944000	12945000
NC_053230.1	12946000	12947000
NC_053230.1	12949000	12950000
NC_053230.1	12950000	12951000
NC_053230.1	12951000	12952000
NC_053230.1	12953000	12954000
NC_053230.1	12954000	12955000
NC_053230.1	12955000	12956000
NC_053230.1	12956000	12957000
NC_053230.1	12961000	12962000
NC_053230.1	12962000	12963000
NC_053230.1	12963000	12964000
NC_053230.1	12964000	12965000
NC_053230.1	12965000	12966000
NC_053230.1	12966000	12967000
NC_053230.1	12967000	12968000
NC_053230.1	12968000	12969000
NC_053230.1	12971000	12972000
NC_053230.1	12972000	12973000
NC_053230.1	12973000	12974000
NC_053230.1	12974000	12975000
NC_053230.1	12976000	12977000
NC_053230.1	12977000	12978000
NC_053230.1	12978000	12979000
NC_053230.1	12979000	12980000
NC_053230.1	12980000	12981000
NC_053230.1	12981000	12982000
NC_053230.1	12982000	12983000
NC_053230.1	12984000	12985000
NC_053230.1	12985000	12986000
NC_053230.1	12986000	12987000
NC_053230.1	12987000	12988000
NC_053230.1	12988000	12989000
NC_053230.1	12990000	12991000
NC_053230.1	12992000	12993000
NC_053230.1	12993000	12994000
NC_053230.1	12994000	12995000
NC_053230.1	12995000	12996000
NC_053230.1	12996000	12997000
NC_053230.1	12998000	12999000
NC_053230.1	13000000	13001000
NC_053230.1	13001000	13002000
NC_053230.1	13002000	13003000
NC_053230.1	13003000	13004000
NC_053230.1	13004000	13005000
NC_053230.1	13005000	13006000
NC_053230.1	13006000	13007000
NC_053230.1	13008000	13009000
NC_053230.1	13011000	13012000
NC_053230.1	13013000	13014000
NC_053230.1	13014000	13015000
NC_053230.1	13015000	13016000
NC_053230.1	13016000	13017000
NC_053230.1	13017000	13018000
NC_053230.1	13019000	13020000
NC_053230.1	13020000	13021000
NC_053230.1	13021000	13022000
NC_053230.1	13022000	13023000
NC_053230.1	13023000	13024000
NC_053230.1	13024000	13025000
NC_053230.1	13026000	13027000
NC_053230.1	13028000	13029000
NC_053230.1	13029000	13030000
NC_053230.1	13030000	13031000
NC_053230.1	13031000	13032000
NC_053230.1	13032000	13033000
NC_053230.1	13033000	13034000
NC_053230.1	13034000	13035000
NC_053230.1	13035000	13036000
NC_053230.1	13036000	13037000
NC_053230.1	13037000	13038000
NC_053230.1	13039000	13040000
NC_053230.1	13040000	13041000
NC_053230.1	13041000	13042000
NC_053230.1	13042000	13043000
NC_053230.1	13043000	13044000
NC_053230.1	13044000	13045000
NC_053230.1	13045000	13046000
NC_053230.1	13046000	13047000
NC_053230.1	13047000	13048000
NC_053230.1	13048000	13049000
NC_053230.1	13050000	13051000
NC_053230.1	13052000	13053000
NC_053230.1	13055000	13056000
NC_053230.1	13056000	13057000
NC_053230.1	13058000	13059000
NC_053230.1	13059000	13060000
NC_053230.1	13060000	13061000
NC_053230.1	13064000	13065000
NC_053230.1	13065000	13066000
NC_053230.1	13066000	13067000
NC_053230.1	13067000	13068000
NC_053230.1	13068000	13069000
NC_053230.1	13069000	13070000
NC_053230.1	13070000	13071000
NC_053230.1	13071000	13072000
NC_053230.1	13072000	13073000
NC_053230.1	13073000	13074000
NC_053230.1	13074000	13075000
NC_053230.1	13075000	13076000
NC_053230.1	13077000	13078000
NC_053230.1	13080000	13081000
NC_053230.1	13081000	13082000
NC_053230.1	13082000	13083000
NC_053230.1	13083000	13084000
NC_053230.1	13084000	13085000
NC_053230.1	13086000	13087000
NC_053230.1	13087000	13088000
NC_053230.1	13088000	13089000
NC_053230.1	13090000	13091000
NC_053230.1	13091000	13092000
NC_053230.1	13093000	13094000
NC_053230.1	13094000	13095000
NC_053230.1	13095000	13096000
NC_053230.1	13096000	13097000
NC_053230.1	13097000	13098000
NC_053230.1	13099000	13100000
NC_053230.1	13101000	13102000
NC_053230.1	13104000	13105000
NC_053230.1	13105000	13106000
NC_053230.1	13108000	13109000
NC_053230.1	13110000	13111000
NC_053230.1	13112000	13113000
NC_053230.1	13113000	13114000
NC_053230.1	13115000	13116000
NC_053230.1	13116000	13117000
NC_053230.1	13118000	13119000
NC_053230.1	13119000	13120000
NC_053230.1	13120000	13121000
NC_053230.1	13123000	13124000
NC_053230.1	13127000	13128000
NC_053230.1	13129000	13130000
NC_053230.1	13130000	13131000
NC_053230.1	13131000	13132000
NC_053230.1	13132000	13133000
NC_053230.1	13133000	13134000
NC_053230.1	13137000	13138000
NC_053230.1	13138000	13139000
NC_053230.1	13141000	13142000
NC_053230.1	13143000	13144000
NC_053230.1	13144000	13145000
NC_053230.1	13146000	13147000
NC_053230.1	13147000	13148000
NC_053230.1	13149000	13150000
NC_053230.1	13150000	13151000
NC_053230.1	13151000	13152000
NC_053230.1	13152000	13153000
NC_053230.1	13155000	13156000
NC_053230.1	13157000	13158000
NC_053230.1	13159000	13160000
NC_053230.1	13161000	13162000
NC_053230.1	13162000	13163000
NC_053230.1	13163000	13164000
NC_053230.1	13164000	13165000
NC_053230.1	13166000	13167000
NC_053230.1	13169000	13170000
NC_053230.1	13171000	13172000
NC_053230.1	13172000	13173000
NC_053230.1	13174000	13175000
NC_053230.1	13175000	13176000
NC_053230.1	13176000	13177000
NC_053230.1	13177000	13178000
NC_053230.1	13178000	13179000
NC_053230.1	13180000	13181000
NC_053230.1	13182000	13183000
NC_053230.1	13184000	13185000
NC_053230.1	13185000	13186000
NC_053230.1	13186000	13187000
NC_053230.1	13187000	13188000
NC_053230.1	13189000	13190000
NC_053230.1	13190000	13191000
NC_053230.1	13191000	13192000
NC_053230.1	13193000	13194000
NC_053230.1	13194000	13195000
NC_053230.1	13195000	13196000
NC_053230.1	13196000	13197000
NC_053230.1	13197000	13198000
NC_053230.1	13198000	13199000
NC_053230.1	13199000	13200000
NC_053230.1	13201000	13202000
NC_053230.1	13202000	13203000
NC_053230.1	13204000	13205000
NC_053230.1	13205000	13206000
NC_053230.1	13207000	13208000
NC_053230.1	13208000	13209000
NC_053230.1	13210000	13211000
NC_053230.1	13211000	13212000
NC_053230.1	13212000	13213000
NC_053230.1	13213000	13214000
NC_053230.1	13215000	13216000
NC_053230.1	13216000	13217000
NC_053230.1	13218000	13219000
NC_053230.1	13231000	13232000
NC_053230.1	13232000	13233000
NC_053230.1	13235000	13236000
NC_053230.1	13236000	13237000
NC_053230.1	13237000	13238000
NC_053230.1	13238000	13239000
NC_053230.1	13239000	13240000
NC_053230.1	13240000	13241000
NC_053230.1	13241000	13242000
NC_053230.1	13242000	13243000
NC_053230.1	13243000	13244000
NC_053230.1	13244000	13245000
NC_053230.1	13246000	13247000
NC_053230.1	13248000	13249000
NC_053230.1	13249000	13250000
NC_053230.1	13251000	13252000
NC_053230.1	13253000	13254000
NC_053230.1	13254000	13255000
NC_053230.1	13256000	13257000
NC_053230.1	13259000	13260000
NC_053230.1	13260000	13261000
NC_053230.1	13261000	13262000
NC_053230.1	13262000	13263000
NC_053230.1	13263000	13264000
NC_053230.1	13264000	13265000
NC_053230.1	13265000	13266000
NC_053230.1	13266000	13267000
NC_053230.1	13267000	13268000
NC_053230.1	13268000	13269000
NC_053230.1	13269000	13270000
NC_053230.1	13270000	13271000
NC_053230.1	13271000	13272000
NC_053230.1	13273000	13274000
NC_053230.1	13274000	13275000
NC_053230.1	13275000	13276000
NC_053230.1	13276000	13277000
NC_053230.1	13278000	13279000
NC_053230.1	13279000	13280000
NC_053230.1	13280000	13281000
NC_053230.1	13282000	13283000
NC_053230.1	13284000	13285000
NC_053230.1	13285000	13286000
NC_053230.1	13298000	13299000
NC_053230.1	13299000	13300000
NC_053230.1	13301000	13302000
NC_053230.1	13302000	13303000
NC_053230.1	13303000	13304000
NC_053230.1	13305000	13306000
NC_053230.1	13306000	13307000
NC_053230.1	13308000	13309000
NC_053230.1	13309000	13310000
NC_053230.1	13310000	13311000
NC_053230.1	13311000	13312000
NC_053230.1	13314000	13315000
NC_053230.1	13315000	13316000
NC_053230.1	13316000	13317000
NC_053230.1	13317000	13318000
NC_053230.1	13318000	13319000
NC_053230.1	13319000	13320000
NC_053230.1	13320000	13321000
NC_053230.1	13323000	13324000
NC_053230.1	13324000	13325000
NC_053230.1	13325000	13326000
NC_053230.1	13328000	13329000
NC_053230.1	13329000	13330000
NC_053230.1	13330000	13331000
NC_053230.1	13334000	13335000
NC_053230.1	13335000	13336000
NC_053230.1	13336000	13337000
NC_053230.1	13339000	13340000
NC_053230.1	13340000	13341000
NC_053230.1	13341000	13342000
NC_053230.1	13342000	13343000
NC_053230.1	13345000	13346000
NC_053230.1	13346000	13347000
NC_053230.1	13347000	13348000
NC_053230.1	13350000	13351000
NC_053230.1	13351000	13352000
NC_053230.1	13352000	13353000
NC_053230.1	13354000	13355000
NC_053230.1	13356000	13357000
NC_053230.1	13357000	13358000
NC_053230.1	13358000	13359000
NC_053230.1	13360000	13361000
NC_053230.1	13362000	13363000
NC_053230.1	13363000	13364000
NC_053230.1	13364000	13365000
NC_053230.1	13369000	13370000
NC_053230.1	13371000	13372000
NC_053230.1	13372000	13373000
NC_053230.1	13374000	13375000
NC_053230.1	13375000	13376000
NC_053230.1	13377000	13378000
NC_053230.1	13378000	13379000
NC_053230.1	13379000	13380000
NC_053230.1	13380000	13381000
NC_053230.1	13381000	13382000
NC_053230.1	13383000	13384000
NC_053230.1	13384000	13385000
NC_053230.1	13385000	13386000
NC_053230.1	13386000	13387000
NC_053230.1	13387000	13388000
NC_053230.1	13389000	13390000
NC_053230.1	13390000	13391000
NC_053230.1	13391000	13392000
NC_053230.1	13392000	13393000
NC_053230.1	13393000	13394000
NC_053230.1	13394000	13395000
NC_053230.1	13397000	13398000
NC_053230.1	13398000	13399000
NC_053230.1	13400000	13401000
NC_053230.1	13402000	13403000
NC_053230.1	13403000	13404000
NC_053230.1	13404000	13405000
NC_053230.1	13406000	13407000
NC_053230.1	13407000	13408000
NC_053230.1	13409000	13410000
NC_053230.1	13412000	13413000
NC_053230.1	13414000	13415000
NC_053230.1	13415000	13416000
NC_053230.1	13416000	13417000
NC_053230.1	13418000	13419000
NC_053230.1	13419000	13420000
NC_053230.1	13420000	13421000
NC_053230.1	13421000	13422000
NC_053230.1	13422000	13423000
NC_053230.1	13425000	13426000
NC_053230.1	13427000	13428000
NC_053230.1	13428000	13429000
NC_053230.1	13430000	13431000
NC_053230.1	13431000	13432000
NC_053230.1	13432000	13433000
NC_053230.1	13433000	13434000
NC_053230.1	13435000	13436000
NC_053230.1	13437000	13438000
NC_053230.1	13439000	13440000
NC_053230.1	13440000	13441000
NC_053230.1	13441000	13442000
NC_053230.1	13443000	13444000
NC_053230.1	13444000	13445000
NC_053230.1	13446000	13447000
NC_053230.1	13453000	13454000
NC_053230.1	13456000	13457000
NC_053230.1	13457000	13458000
NC_053230.1	13458000	13459000
NC_053230.1	13459000	13460000
NC_053230.1	13460000	13461000
NC_053230.1	13463000	13464000
NC_053230.1	13464000	13465000
NC_053230.1	13470000	13471000
NC_053230.1	13472000	13473000
NC_053230.1	13479000	13480000
NC_053230.1	13481000	13482000
NC_053230.1	13482000	13483000
NC_053230.1	13483000	13484000
NC_053230.1	13485000	13486000
NC_053230.1	13487000	13488000
NC_053230.1	13491000	13492000
NC_053230.1	13497000	13498000
NC_053230.1	13501000	13502000
NC_053230.1	13504000	13505000
NC_053230.1	13507000	13508000
NC_053230.1	13509000	13510000
NC_053230.1	13515000	13516000
NC_053230.1	13518000	13519000
NC_053230.1	13521000	13522000
NC_053230.1	13522000	13523000
NC_053230.1	13524000	13525000
NC_053230.1	13526000	13527000
NC_053230.1	13527000	13528000
NC_053230.1	13528000	13529000
NC_053230.1	13529000	13530000
NC_053230.1	13533000	13534000
NC_053230.1	13535000	13536000
NC_053230.1	13536000	13537000
NC_053230.1	13538000	13539000
NC_053230.1	13540000	13541000
NC_053230.1	13543000	13544000
NC_053230.1	13544000	13545000
NC_053230.1	13545000	13546000
NC_053230.1	13547000	13548000
NC_053230.1	13551000	13552000
NC_053230.1	13552000	13553000
NC_053230.1	13553000	13554000
NC_053230.1	13554000	13555000
NC_053230.1	13555000	13556000
NC_053230.1	13562000	13563000
NC_053230.1	13563000	13564000
NC_053230.1	13564000	13565000
NC_053230.1	13565000	13566000
NC_053230.1	13567000	13568000
NC_053230.1	13568000	13569000
NC_053230.1	13571000	13572000
NC_053230.1	13573000	13574000
NC_053230.1	13574000	13575000
NC_053230.1	13575000	13576000
NC_053230.1	13576000	13577000
NC_053230.1	13577000	13578000
NC_053230.1	13578000	13579000
NC_053230.1	13579000	13580000
NC_053230.1	13581000	13582000
NC_053230.1	13582000	13583000
NC_053230.1	13583000	13584000
NC_053230.1	13585000	13586000
NC_053230.1	13586000	13587000
NC_053230.1	13588000	13589000
NC_053230.1	13589000	13590000
NC_053230.1	13590000	13591000
NC_053230.1	13592000	13593000
NC_053230.1	13593000	13594000
NC_053230.1	13594000	13595000
NC_053230.1	13597000	13598000
NC_053230.1	13598000	13599000
NC_053230.1	13601000	13602000
NC_053230.1	13609000	13610000
NC_053230.1	13610000	13611000
NC_053230.1	13611000	13612000
NC_053230.1	13612000	13613000
NC_053230.1	13613000	13614000
NC_053230.1	13614000	13615000
NC_053230.1	13615000	13616000
NC_053230.1	13618000	13619000
NC_053230.1	13619000	13620000
NC_053230.1	13620000	13621000
NC_053230.1	13622000	13623000
NC_053230.1	13625000	13626000
NC_053230.1	13626000	13627000
NC_053230.1	13633000	13634000
NC_053230.1	13634000	13635000
NC_053230.1	13637000	13638000
NC_053230.1	13641000	13642000
NC_053230.1	13643000	13644000
NC_053230.1	13646000	13647000
NC_053230.1	13647000	13648000
NC_053230.1	13651000	13652000
NC_053230.1	13652000	13653000
NC_053230.1	13655000	13656000
NC_053230.1	13656000	13657000
NC_053230.1	13657000	13658000
NC_053230.1	13658000	13659000
NC_053230.1	13659000	13660000
NC_053230.1	13662000	13663000
NC_053230.1	13663000	13664000
NC_053230.1	13665000	13666000
NC_053230.1	13669000	13670000
NC_053230.1	13670000	13671000
NC_053230.1	13672000	13673000
NC_053230.1	13674000	13675000
NC_053230.1	13675000	13676000
NC_053230.1	13676000	13677000
NC_053230.1	13677000	13678000
NC_053230.1	13678000	13679000
NC_053230.1	13679000	13680000
NC_053230.1	13682000	13683000
NC_053230.1	13685000	13686000
NC_053230.1	13686000	13687000
NC_053230.1	13687000	13688000
NC_053230.1	13689000	13690000
NC_053230.1	13691000	13692000
NC_053230.1	13694000	13695000
NC_053230.1	13695000	13696000
NC_053230.1	13696000	13697000
NC_053230.1	13697000	13698000
NC_053230.1	13699000	13700000
NC_053230.1	13700000	13701000
NC_053230.1	13701000	13702000
NC_053230.1	13704000	13705000
NC_053230.1	13705000	13706000
NC_053230.1	13706000	13707000
NC_053230.1	13710000	13711000
NC_053230.1	13712000	13713000
NC_053230.1	13713000	13714000
NC_053230.1	13718000	13719000
NC_053230.1	13720000	13721000
NC_053230.1	13721000	13722000
NC_053230.1	13723000	13724000
NC_053230.1	13724000	13725000
NC_053230.1	13728000	13729000
NC_053230.1	13729000	13730000
NC_053230.1	13730000	13731000
NC_053230.1	13731000	13732000
NC_053230.1	13732000	13733000
NC_053230.1	13733000	13734000
NC_053230.1	13737000	13738000
NC_053230.1	13741000	13742000
NC_053230.1	13743000	13744000
NC_053230.1	13746000	13747000
NC_053230.1	13747000	13748000
NC_053230.1	13748000	13749000
NC_053230.1	13752000	13753000
NC_053230.1	13753000	13754000
NC_053230.1	13755000	13756000
NC_053230.1	13756000	13757000
NC_053230.1	13758000	13759000
NC_053230.1	13759000	13760000
NC_053230.1	13762000	13763000
NC_053230.1	13763000	13764000
NC_053230.1	13765000	13766000
NC_053230.1	13766000	13767000
NC_053230.1	13768000	13769000
NC_053230.1	13771000	13772000
NC_053230.1	13773000	13774000
NC_053230.1	13774000	13775000
NC_053230.1	13776000	13777000
NC_053230.1	13777000	13778000
NC_053230.1	13778000	13779000
NC_053230.1	13779000	13780000
NC_053230.1	13780000	13781000
NC_053230.1	13782000	13783000
NC_053230.1	13784000	13785000
NC_053230.1	13785000	13786000
NC_053230.1	13786000	13787000
NC_053230.1	13787000	13788000
NC_053230.1	13789000	13790000
NC_053230.1	13790000	13791000
NC_053230.1	13791000	13792000
NC_053230.1	13792000	13793000
NC_053230.1	13793000	13794000
NC_053230.1	13796000	13797000
NC_053230.1	13797000	13798000
NC_053230.1	13799000	13800000
NC_053230.1	13800000	13801000
NC_053230.1	13801000	13802000
NC_053230.1	13802000	13803000
NC_053230.1	13803000	13804000
NC_053230.1	13804000	13805000
NC_053230.1	13805000	13806000
NC_053230.1	13806000	13807000
NC_053230.1	13807000	13808000
NC_053230.1	13808000	13809000
NC_053230.1	13809000	13810000
NC_053230.1	13813000	13814000
NC_053230.1	13814000	13815000
NC_053230.1	13815000	13816000
NC_053230.1	13818000	13819000
NC_053230.1	13819000	13820000
NC_053230.1	13821000	13822000
NC_053230.1	13823000	13824000
NC_053230.1	13826000	13827000
NC_053230.1	13827000	13828000
NC_053230.1	13828000	13829000
NC_053230.1	13830000	13831000
NC_053230.1	13831000	13832000
NC_053230.1	13833000	13834000
NC_053230.1	13834000	13835000
NC_053230.1	13837000	13838000
NC_053230.1	13838000	13839000
NC_053230.1	13839000	13840000
NC_053230.1	13842000	13843000
NC_053230.1	13843000	13844000
NC_053230.1	13844000	13845000
NC_053230.1	13845000	13846000
NC_053230.1	13846000	13847000
NC_053230.1	13847000	13848000
NC_053230.1	13848000	13849000
NC_053230.1	13850000	13851000
NC_053230.1	13851000	13852000
NC_053230.1	13852000	13853000
NC_053230.1	13853000	13854000
NC_053230.1	13861000	13862000
NC_053230.1	13862000	13863000
NC_053230.1	13866000	13867000
NC_053230.1	13867000	13868000
NC_053230.1	13870000	13871000
NC_053230.1	13871000	13872000
NC_053230.1	13872000	13873000
NC_053230.1	13877000	13878000
NC_053230.1	13880000	13881000
NC_053230.1	13881000	13882000
NC_053230.1	13882000	13883000
NC_053230.1	13883000	13884000
NC_053230.1	13891000	13892000
NC_053230.1	13892000	13893000
NC_053230.1	13893000	13894000
NC_053230.1	13894000	13895000
NC_053230.1	13895000	13896000
NC_053230.1	13896000	13897000
NC_053230.1	13897000	13898000
NC_053230.1	13898000	13899000
NC_053230.1	13899000	13900000
NC_053230.1	13900000	13901000
NC_053230.1	13901000	13902000
NC_053230.1	13902000	13903000
NC_053230.1	13903000	13904000
NC_053230.1	13904000	13905000
NC_053230.1	13910000	13911000
NC_053230.1	13911000	13912000
NC_053230.1	13912000	13913000
NC_053230.1	13913000	13914000
NC_053230.1	13914000	13915000
NC_053230.1	13915000	13916000
NC_053230.1	13916000	13917000
NC_053230.1	13917000	13918000
NC_053230.1	13918000	13919000
NC_053230.1	13919000	13920000
NC_053230.1	13922000	13923000
NC_053230.1	13923000	13924000
NC_053230.1	13930000	13931000
NC_053230.1	13931000	13932000
NC_053230.1	13932000	13933000
NC_053230.1	13933000	13934000
NC_053230.1	13934000	13935000
NC_053230.1	13935000	13936000
NC_053230.1	13937000	13938000
NC_053230.1	13938000	13939000
NC_053230.1	13939000	13940000
NC_053230.1	13940000	13941000
NC_053230.1	13941000	13942000
NC_053230.1	13943000	13944000
NC_053230.1	13944000	13945000
NC_053230.1	13945000	13946000
NC_053230.1	13946000	13947000
NC_053230.1	13947000	13948000
NC_053230.1	13948000	13949000
NC_053230.1	13950000	13951000
NC_053230.1	13951000	13952000
NC_053230.1	13952000	13953000
NC_053230.1	13953000	13954000
NC_053230.1	13955000	13956000
NC_053230.1	13956000	13957000
NC_053230.1	13960000	13961000
NC_053230.1	13962000	13963000
NC_053230.1	13969000	13970000
NC_053230.1	13970000	13971000
NC_053230.1	13972000	13973000
NC_053230.1	13973000	13974000
NC_053230.1	13974000	13975000
NC_053230.1	13975000	13976000
NC_053230.1	13978000	13979000
NC_053230.1	13979000	13980000
NC_053230.1	13980000	13981000
NC_053230.1	13981000	13982000
NC_053230.1	13982000	13983000
NC_053230.1	13983000	13984000
NC_053230.1	13985000	13986000
NC_053230.1	13986000	13987000
NC_053230.1	13988000	13989000
NC_053230.1	13989000	13990000
NC_053230.1	13992000	13993000
NC_053230.1	13994000	13995000
NC_053230.1	13996000	13997000
NC_053230.1	13999000	14000000
NC_053230.1	14002000	14003000
NC_053230.1	14003000	14004000
NC_053230.1	14005000	14006000
NC_053230.1	14006000	14007000
NC_053230.1	14007000	14008000
NC_053230.1	14008000	14009000
NC_053230.1	14009000	14010000
NC_053230.1	14010000	14011000
NC_053230.1	14011000	14012000
NC_053230.1	14012000	14013000
NC_053230.1	14013000	14014000
NC_053230.1	14019000	14020000
NC_053230.1	14020000	14021000
NC_053230.1	14021000	14022000
NC_053230.1	14022000	14023000
NC_053230.1	14023000	14024000
NC_053230.1	14024000	14025000
NC_053230.1	14026000	14027000
NC_053230.1	14027000	14028000
NC_053230.1	14031000	14032000
NC_053230.1	14032000	14033000
NC_053230.1	14034000	14035000
NC_053230.1	14035000	14036000
NC_053230.1	14037000	14038000
NC_053230.1	14038000	14039000
NC_053230.1	14041000	14042000
NC_053230.1	14043000	14044000
NC_053230.1	14045000	14046000
NC_053230.1	14046000	14047000
NC_053230.1	14047000	14048000
NC_053230.1	14048000	14049000
NC_053230.1	14049000	14050000
NC_053230.1	14052000	14053000
NC_053230.1	14056000	14057000
NC_053230.1	14057000	14058000
NC_053230.1	14058000	14059000
NC_053230.1	14059000	14060000
NC_053230.1	14060000	14061000
NC_053230.1	14061000	14062000
NC_053230.1	14062000	14063000
NC_053230.1	14063000	14064000
NC_053230.1	14064000	14065000
NC_053230.1	14067000	14068000
NC_053230.1	14069000	14070000
NC_053230.1	14070000	14071000
NC_053230.1	14071000	14072000
NC_053230.1	14072000	14073000
NC_053230.1	14075000	14076000
NC_053230.1	14077000	14078000
NC_053230.1	14080000	14081000
NC_053230.1	14081000	14082000
NC_053230.1	14084000	14085000
NC_053230.1	14085000	14086000
NC_053230.1	14102000	14103000
NC_053230.1	14105000	14106000
NC_053230.1	14106000	14107000
NC_053230.1	14107000	14108000
NC_053230.1	14108000	14109000
NC_053230.1	14109000	14110000
NC_053230.1	14110000	14111000
NC_053230.1	14111000	14112000
NC_053230.1	14112000	14113000
NC_053230.1	14113000	14114000
NC_053230.1	14114000	14115000
NC_053230.1	14117000	14118000
NC_053230.1	14118000	14119000
NC_053230.1	14119000	14120000
NC_053230.1	14120000	14121000
NC_053230.1	14121000	14122000
NC_053230.1	14124000	14125000
NC_053230.1	14126000	14127000
NC_053230.1	14127000	14128000
NC_053230.1	14128000	14129000
NC_053230.1	14129000	14130000
NC_053230.1	14130000	14131000
NC_053230.1	14136000	14137000
NC_053230.1	14137000	14138000
NC_053230.1	14141000	14142000
NC_053230.1	14142000	14143000
NC_053230.1	14143000	14144000
NC_053230.1	14145000	14146000
NC_053230.1	14159000	14160000
NC_053230.1	14160000	14161000
NC_053230.1	14161000	14162000
NC_053230.1	14167000	14168000
NC_053230.1	14168000	14169000
NC_053230.1	14169000	14170000
NC_053230.1	14171000	14172000
NC_053230.1	14172000	14173000
NC_053230.1	14173000	14174000
NC_053230.1	14174000	14175000
NC_053230.1	14175000	14176000
NC_053230.1	14178000	14179000
NC_053230.1	14180000	14181000
NC_053230.1	14181000	14182000
NC_053230.1	14182000	14183000
NC_053230.1	14183000	14184000
NC_053230.1	14184000	14185000
NC_053230.1	14185000	14186000
NC_053230.1	14186000	14187000
NC_053230.1	14187000	14188000
NC_053230.1	14188000	14189000
NC_053230.1	14192000	14193000
NC_053230.1	14193000	14194000
NC_053230.1	14194000	14195000
NC_053230.1	14195000	14196000
NC_053230.1	14196000	14197000
NC_053230.1	14197000	14198000
NC_053230.1	14199000	14200000
NC_053230.1	14200000	14201000
NC_053230.1	14201000	14202000
NC_053230.1	14202000	14203000
NC_053230.1	14203000	14204000
NC_053230.1	14204000	14205000
NC_053230.1	14205000	14206000
NC_053230.1	14206000	14207000
NC_053230.1	14207000	14208000
NC_053230.1	14212000	14213000
NC_053230.1	14213000	14214000
NC_053230.1	14216000	14217000
NC_053230.1	14217000	14218000
NC_053230.1	14218000	14219000
NC_053230.1	14220000	14221000
NC_053230.1	14224000	14225000
NC_053230.1	14231000	14232000
NC_053230.1	14233000	14234000
NC_053230.1	14249000	14250000
NC_053230.1	14250000	14251000
NC_053230.1	14252000	14253000
NC_053230.1	14253000	14254000
NC_053230.1	14254000	14255000
NC_053230.1	14255000	14256000
NC_053230.1	14257000	14258000
NC_053230.1	14258000	14259000
NC_053230.1	14260000	14261000
NC_053230.1	14262000	14263000
NC_053230.1	14264000	14265000
NC_053230.1	14265000	14266000
NC_053230.1	14266000	14267000
NC_053230.1	14267000	14268000
NC_053230.1	14268000	14269000
NC_053230.1	14271000	14272000
NC_053230.1	14273000	14274000
NC_053230.1	14274000	14275000
NC_053230.1	14275000	14276000
NC_053230.1	14276000	14277000
NC_053230.1	14278000	14279000
NC_053230.1	14279000	14280000
NC_053230.1	14280000	14281000
NC_053230.1	14281000	14282000
NC_053230.1	14282000	14283000
NC_053230.1	14284000	14285000
NC_053230.1	14285000	14286000
NC_053230.1	14286000	14287000
NC_053230.1	14287000	14288000
NC_053230.1	14288000	14289000
NC_053230.1	14289000	14290000
NC_053230.1	14292000	14293000
NC_053230.1	14295000	14296000
NC_053230.1	14296000	14297000
NC_053230.1	14297000	14298000
NC_053230.1	14298000	14299000
NC_053230.1	14299000	14300000
NC_053230.1	14300000	14301000
NC_053230.1	14301000	14302000
NC_053230.1	14302000	14303000
NC_053230.1	14303000	14304000
NC_053230.1	14304000	14305000
NC_053230.1	14307000	14308000
NC_053230.1	14308000	14309000
NC_053230.1	14312000	14313000
NC_053230.1	14313000	14314000
NC_053230.1	14315000	14316000
NC_053230.1	14316000	14317000
NC_053230.1	14317000	14318000
NC_053230.1	14320000	14321000
NC_053230.1	14321000	14322000
NC_053230.1	14322000	14323000
NC_053230.1	14324000	14325000
NC_053230.1	14326000	14327000
NC_053230.1	14329000	14330000
NC_053230.1	14330000	14331000
NC_053230.1	14331000	14332000
NC_053230.1	14332000	14333000
NC_053230.1	14333000	14334000
NC_053230.1	14334000	14335000
NC_053230.1	14335000	14336000
NC_053230.1	14336000	14337000
NC_053230.1	14337000	14338000
NC_053230.1	14338000	14339000
NC_053230.1	14339000	14340000
NC_053230.1	14341000	14342000
NC_053230.1	14343000	14344000
NC_053230.1	14344000	14345000
NC_053230.1	14345000	14346000
NC_053230.1	14346000	14347000
NC_053230.1	14347000	14348000
NC_053230.1	14348000	14349000
NC_053230.1	14349000	14350000
NC_053230.1	14350000	14351000
NC_053230.1	14351000	14352000
NC_053230.1	14352000	14353000
NC_053230.1	14353000	14354000
NC_053230.1	14354000	14355000
NC_053230.1	14356000	14357000
NC_053230.1	14357000	14358000
NC_053230.1	14358000	14359000
NC_053230.1	14359000	14360000
NC_053230.1	14360000	14361000
NC_053230.1	14361000	14362000
NC_053230.1	14362000	14363000
NC_053230.1	14364000	14365000
NC_053230.1	14365000	14366000
NC_053230.1	14366000	14367000
NC_053230.1	14369000	14370000
NC_053230.1	14370000	14371000
NC_053230.1	14371000	14372000
NC_053230.1	14372000	14373000
NC_053230.1	14373000	14374000
NC_053230.1	14374000	14375000
NC_053230.1	14375000	14376000
NC_053230.1	14376000	14377000
NC_053230.1	14377000	14378000
NC_053230.1	14378000	14379000
NC_053230.1	14379000	14380000
NC_053230.1	14380000	14381000
NC_053230.1	14381000	14382000
NC_053230.1	14382000	14383000
NC_053230.1	14383000	14384000
NC_053230.1	14387000	14388000
NC_053230.1	14388000	14389000
NC_053230.1	14389000	14390000
NC_053230.1	14390000	14391000
NC_053230.1	14391000	14392000
NC_053230.1	14392000	14393000
NC_053230.1	14393000	14394000
NC_053230.1	14394000	14395000
NC_053230.1	14395000	14396000
NC_053230.1	14397000	14398000
NC_053230.1	14398000	14399000
NC_053230.1	14399000	14400000
NC_053230.1	14400000	14401000
NC_053230.1	14401000	14402000
NC_053230.1	14402000	14403000
NC_053230.1	14403000	14404000
NC_053230.1	14404000	14405000
NC_053230.1	14405000	14406000
NC_053230.1	14406000	14407000
NC_053230.1	14407000	14408000
NC_053230.1	14408000	14409000
NC_053230.1	14410000	14411000
NC_053230.1	14411000	14412000
NC_053230.1	14412000	14413000
NC_053230.1	14413000	14414000
NC_053230.1	14417000	14418000
NC_053230.1	14418000	14419000
NC_053230.1	14419000	14420000
NC_053230.1	14420000	14421000
NC_053230.1	14426000	14427000
NC_053230.1	14435000	14436000
NC_053230.1	14436000	14437000
NC_053230.1	14439000	14440000
NC_053230.1	14440000	14441000
NC_053230.1	14441000	14442000
NC_053230.1	14445000	14446000
NC_053230.1	14452000	14453000
NC_053230.1	14453000	14454000
NC_053230.1	14454000	14455000
NC_053230.1	14458000	14459000
NC_053230.1	14459000	14460000
NC_053230.1	14461000	14462000
NC_053230.1	14463000	14464000
NC_053230.1	14464000	14465000
NC_053230.1	14466000	14467000
NC_053230.1	14467000	14468000
NC_053230.1	14468000	14469000
NC_053230.1	14469000	14470000
NC_053230.1	14470000	14471000
NC_053230.1	14472000	14473000
NC_053230.1	14473000	14474000
NC_053230.1	14476000	14477000
NC_053230.1	14477000	14478000
NC_053230.1	14478000	14479000
NC_053230.1	14479000	14480000
NC_053230.1	14480000	14481000
NC_053230.1	14485000	14486000
NC_053230.1	14486000	14487000
NC_053230.1	14487000	14488000
NC_053230.1	14488000	14489000
NC_053230.1	14489000	14490000
NC_053230.1	14490000	14491000
NC_053230.1	14491000	14492000
NC_053230.1	14494000	14495000
NC_053230.1	14495000	14496000
NC_053230.1	14496000	14497000
NC_053230.1	14497000	14498000
NC_053230.1	14498000	14499000
NC_053230.1	14500000	14501000
NC_053230.1	14501000	14502000
NC_053230.1	14502000	14503000
NC_053230.1	14503000	14504000
NC_053230.1	14504000	14505000
NC_053230.1	14505000	14506000
NC_053230.1	14506000	14507000
NC_053230.1	14507000	14508000
NC_053230.1	14508000	14509000
NC_053230.1	14509000	14510000
NC_053230.1	14510000	14511000
NC_053230.1	14511000	14512000
NC_053230.1	14512000	14513000
NC_053230.1	14513000	14514000
NC_053230.1	14514000	14515000
NC_053230.1	14516000	14517000
NC_053230.1	14517000	14518000
NC_053230.1	14518000	14519000
NC_053230.1	14522000	14523000
NC_053230.1	14523000	14524000
NC_053230.1	14527000	14528000
NC_053230.1	14528000	14529000
NC_053230.1	14529000	14530000
NC_053230.1	14530000	14531000
NC_053230.1	14532000	14533000
NC_053230.1	14533000	14534000
NC_053230.1	14537000	14538000
NC_053230.1	14538000	14539000
NC_053230.1	14539000	14540000
NC_053230.1	14540000	14541000
NC_053230.1	14543000	14544000
NC_053230.1	14544000	14545000
NC_053230.1	14545000	14546000
NC_053230.1	14546000	14547000
NC_053230.1	14547000	14548000
NC_053230.1	14548000	14549000
NC_053230.1	14549000	14550000
NC_053230.1	14550000	14551000
NC_053230.1	14551000	14552000
NC_053230.1	14552000	14553000
NC_053230.1	14553000	14554000
NC_053230.1	14554000	14555000
NC_053230.1	14555000	14556000
NC_053230.1	14556000	14557000
NC_053230.1	14557000	14558000
NC_053230.1	14558000	14559000
NC_053230.1	14559000	14560000
NC_053230.1	14562000	14563000
NC_053230.1	14566000	14567000
NC_053230.1	14568000	14569000
NC_053230.1	14570000	14571000
NC_053230.1	14571000	14572000
NC_053230.1	14572000	14573000
NC_053230.1	14576000	14577000
NC_053230.1	14578000	14579000
NC_053230.1	14580000	14581000
NC_053230.1	14582000	14583000
NC_053230.1	14583000	14584000
NC_053230.1	14584000	14585000
NC_053230.1	14585000	14586000
NC_053230.1	14586000	14587000
NC_053230.1	14587000	14588000
NC_053230.1	14589000	14590000
NC_053230.1	14592000	14593000
NC_053230.1	14601000	14602000
NC_053230.1	14602000	14603000
NC_053230.1	14605000	14606000
NC_053230.1	14606000	14607000
NC_053230.1	14607000	14608000
NC_053230.1	14608000	14609000
NC_053230.1	14610000	14611000
NC_053230.1	14611000	14612000
NC_053230.1	14612000	14613000
NC_053230.1	14613000	14614000
NC_053230.1	14617000	14618000
NC_053230.1	14618000	14619000
NC_053230.1	14619000	14620000
NC_053230.1	14620000	14621000
NC_053230.1	14621000	14622000
NC_053230.1	14622000	14623000
NC_053230.1	14626000	14627000
NC_053230.1	14627000	14628000
NC_053230.1	14629000	14630000
NC_053230.1	14630000	14631000
NC_053230.1	14631000	14632000
NC_053230.1	14634000	14635000
NC_053230.1	14635000	14636000
NC_053230.1	14636000	14637000
NC_053230.1	14637000	14638000
NC_053230.1	14639000	14640000
NC_053230.1	14640000	14641000
NC_053230.1	14642000	14643000
NC_053230.1	14644000	14645000
NC_053230.1	14645000	14646000
NC_053230.1	14646000	14647000
NC_053230.1	14647000	14648000
NC_053230.1	14649000	14650000
NC_053230.1	14653000	14654000
NC_053230.1	14654000	14655000
NC_053230.1	14659000	14660000
NC_053230.1	14661000	14662000
NC_053230.1	14662000	14663000
NC_053230.1	14664000	14665000
NC_053230.1	14667000	14668000
NC_053230.1	14668000	14669000
NC_053230.1	14670000	14671000
NC_053230.1	14671000	14672000
NC_053230.1	14673000	14674000
NC_053230.1	14676000	14677000
NC_053230.1	14677000	14678000
NC_053230.1	14678000	14679000
NC_053230.1	14684000	14685000
NC_053230.1	14686000	14687000
NC_053230.1	14687000	14688000
NC_053230.1	14688000	14689000
NC_053230.1	14689000	14690000
NC_053230.1	14691000	14692000
NC_053230.1	14695000	14696000
NC_053230.1	14697000	14698000
NC_053230.1	14698000	14699000
NC_053230.1	14699000	14700000
NC_053230.1	14700000	14701000
NC_053230.1	14701000	14702000
NC_053230.1	14707000	14708000
NC_053230.1	14709000	14710000
NC_053230.1	14717000	14718000
NC_053230.1	14718000	14719000
NC_053230.1	14719000	14720000
NC_053230.1	14720000	14721000
NC_053230.1	14722000	14723000
NC_053230.1	14723000	14724000
NC_053230.1	14725000	14726000
NC_053230.1	14729000	14730000
NC_053230.1	14730000	14731000
NC_053230.1	14731000	14732000
NC_053230.1	14736000	14737000
NC_053230.1	14738000	14739000
NC_053230.1	14741000	14742000
NC_053230.1	14744000	14745000
NC_053230.1	14745000	14746000
NC_053230.1	14746000	14747000
NC_053230.1	14747000	14748000
NC_053230.1	14748000	14749000
NC_053230.1	14749000	14750000
NC_053230.1	14751000	14752000
NC_053230.1	14757000	14758000
NC_053230.1	14758000	14759000
NC_053230.1	14759000	14760000
NC_053230.1	14760000	14761000
NC_053230.1	14761000	14762000
NC_053230.1	14762000	14763000
NC_053230.1	14764000	14765000
NC_053230.1	14765000	14766000
NC_053230.1	14766000	14767000
NC_053230.1	14767000	14768000
NC_053230.1	14769000	14770000
NC_053230.1	14771000	14772000
NC_053230.1	14774000	14775000
NC_053230.1	14776000	14777000
NC_053230.1	14777000	14778000
NC_053230.1	14778000	14779000
NC_053230.1	14780000	14781000
NC_053230.1	14781000	14782000
NC_053230.1	14782000	14783000
NC_053230.1	14786000	14787000
NC_053230.1	14787000	14788000
NC_053230.1	14788000	14789000
NC_053230.1	14789000	14790000
NC_053230.1	14791000	14792000
NC_053230.1	14793000	14794000
NC_053230.1	14794000	14795000
NC_053230.1	14796000	14797000
NC_053230.1	14797000	14798000
NC_053230.1	14798000	14799000
NC_053230.1	14800000	14801000
NC_053230.1	14801000	14802000
NC_053230.1	14803000	14804000
NC_053230.1	14806000	14807000
NC_053230.1	14807000	14808000
NC_053230.1	14809000	14810000
NC_053230.1	14811000	14812000
NC_053230.1	14812000	14813000
NC_053230.1	14816000	14817000
NC_053230.1	14817000	14818000
NC_053230.1	14819000	14820000
NC_053230.1	14822000	14823000
NC_053230.1	14823000	14824000
NC_053230.1	14825000	14826000
NC_053230.1	14828000	14829000
NC_053230.1	14830000	14831000
NC_053230.1	14831000	14832000
NC_053230.1	14833000	14834000
NC_053230.1	14838000	14839000
NC_053230.1	14842000	14843000
NC_053230.1	14844000	14845000
NC_053230.1	14854000	14855000
NC_053230.1	14856000	14857000
NC_053230.1	14859000	14860000
NC_053230.1	14860000	14861000
NC_053230.1	14862000	14863000
NC_053230.1	14863000	14864000
NC_053230.1	14864000	14865000
NC_053230.1	14865000	14866000
NC_053230.1	14866000	14867000
NC_053230.1	14871000	14872000
NC_053230.1	14873000	14874000
NC_053230.1	14874000	14875000
NC_053230.1	14875000	14876000
NC_053230.1	14876000	14877000
NC_053230.1	14877000	14878000
NC_053230.1	14878000	14879000
NC_053230.1	14879000	14880000
NC_053230.1	14881000	14882000
NC_053230.1	14882000	14883000
NC_053230.1	14883000	14884000
NC_053230.1	14885000	14886000
NC_053230.1	14886000	14887000
NC_053230.1	14900000	14901000
NC_053230.1	14901000	14902000
NC_053230.1	14904000	14905000
NC_053230.1	14905000	14906000
NC_053230.1	14908000	14909000
NC_053230.1	14914000	14915000
NC_053230.1	14915000	14916000
NC_053230.1	14917000	14918000
NC_053230.1	14925000	14926000
NC_053230.1	14928000	14929000
NC_053230.1	14929000	14930000
NC_053230.1	14931000	14932000
NC_053230.1	14932000	14933000
NC_053230.1	14933000	14934000
NC_053230.1	14935000	14936000
NC_053230.1	14936000	14937000
NC_053230.1	14937000	14938000
NC_053230.1	14938000	14939000
NC_053230.1	14939000	14940000
NC_053230.1	14940000	14941000
NC_053230.1	14941000	14942000
NC_053230.1	14942000	14943000
NC_053230.1	14944000	14945000
NC_053230.1	14945000	14946000
NC_053230.1	14946000	14947000
NC_053230.1	14947000	14948000
NC_053230.1	14948000	14949000
NC_053230.1	14949000	14950000
NC_053230.1	14950000	14951000
NC_053230.1	14951000	14952000
NC_053230.1	14952000	14953000
NC_053230.1	14953000	14954000
NC_053230.1	14955000	14956000
NC_053230.1	14956000	14957000
NC_053230.1	14957000	14958000
NC_053230.1	14958000	14959000
NC_053230.1	14959000	14960000
NC_053230.1	14960000	14961000
NC_053230.1	14961000	14962000
NC_053230.1	14962000	14963000
NC_053230.1	14963000	14964000
NC_053230.1	14964000	14965000
NC_053230.1	14967000	14968000
NC_053230.1	14968000	14969000
NC_053230.1	14970000	14971000
NC_053230.1	14971000	14972000
NC_053230.1	14973000	14974000
NC_053230.1	14974000	14975000
NC_053230.1	14975000	14976000
NC_053230.1	14977000	14978000
NC_053230.1	14978000	14979000
NC_053230.1	14979000	14980000
NC_053230.1	14981000	14982000
NC_053230.1	14982000	14983000
NC_053230.1	14983000	14984000
NC_053230.1	14984000	14985000
NC_053230.1	14987000	14988000
NC_053230.1	14988000	14989000
NC_053230.1	14989000	14990000
NC_053230.1	14991000	14992000
NC_053230.1	14992000	14993000
NC_053230.1	14996000	14997000
NC_053230.1	14997000	14998000
NC_053230.1	14998000	14999000
NC_053230.1	14999000	15000000
NC_053230.1	15000000	15001000
NC_053230.1	15001000	15002000
NC_053230.1	15002000	15003000
NC_053230.1	15003000	15004000
NC_053230.1	15004000	15005000
NC_053230.1	15006000	15007000
NC_053230.1	15013000	15014000
NC_053230.1	15016000	15017000
NC_053230.1	15018000	15019000
NC_053230.1	15020000	15021000
NC_053230.1	15022000	15023000
NC_053230.1	15023000	15024000
NC_053230.1	15026000	15027000
NC_053230.1	15027000	15028000
NC_053230.1	15028000	15029000
NC_053230.1	15029000	15030000
NC_053230.1	15031000	15032000
NC_053230.1	15033000	15034000
NC_053230.1	15034000	15035000
NC_053230.1	15035000	15036000
NC_053230.1	15037000	15038000
NC_053230.1	15038000	15039000
NC_053230.1	15042000	15043000
NC_053230.1	15045000	15046000
NC_053230.1	15053000	15054000
NC_053230.1	15057000	15058000
NC_053230.1	15058000	15059000
NC_053230.1	15059000	15060000
NC_053230.1	15060000	15061000
NC_053230.1	15062000	15063000
NC_053230.1	15063000	15064000
NC_053230.1	15064000	15065000
NC_053230.1	15065000	15066000
NC_053230.1	15068000	15069000
NC_053230.1	15070000	15071000
NC_053230.1	15071000	15072000
NC_053230.1	15072000	15073000
NC_053230.1	15075000	15076000
NC_053230.1	15076000	15077000
NC_053230.1	15077000	15078000
NC_053230.1	15081000	15082000
NC_053230.1	15082000	15083000
NC_053230.1	15083000	15084000
NC_053230.1	15084000	15085000
NC_053230.1	15086000	15087000
NC_053230.1	15088000	15089000
NC_053230.1	15091000	15092000
NC_053230.1	15092000	15093000
NC_053230.1	15093000	15094000
NC_053230.1	15094000	15095000
NC_053230.1	15096000	15097000
NC_053230.1	15097000	15098000
NC_053230.1	15099000	15100000
NC_053230.1	15100000	15101000
NC_053230.1	15101000	15102000
NC_053230.1	15102000	15103000
NC_053230.1	15103000	15104000
NC_053230.1	15104000	15105000
NC_053230.1	15106000	15107000
NC_053230.1	15107000	15108000
NC_053230.1	15108000	15109000
NC_053230.1	15110000	15111000
NC_053230.1	15111000	15112000
NC_053230.1	15112000	15113000
NC_053230.1	15113000	15114000
NC_053230.1	15114000	15115000
NC_053230.1	15115000	15116000
NC_053230.1	15116000	15117000
NC_053230.1	15117000	15118000
NC_053230.1	15118000	15119000
NC_053230.1	15123000	15124000
NC_053230.1	15124000	15125000
NC_053230.1	15125000	15126000
NC_053230.1	15126000	15127000
NC_053230.1	15128000	15129000
NC_053230.1	15129000	15130000
NC_053230.1	15130000	15131000
NC_053230.1	15131000	15132000
NC_053230.1	15132000	15133000
NC_053230.1	15133000	15134000
NC_053230.1	15134000	15135000
NC_053230.1	15135000	15136000
NC_053230.1	15136000	15137000
NC_053230.1	15141000	15142000
NC_053230.1	15142000	15143000
NC_053230.1	15143000	15144000
NC_053230.1	15147000	15148000
NC_053230.1	15149000	15150000
NC_053230.1	15151000	15152000
NC_053230.1	15152000	15153000
NC_053230.1	15153000	15154000
NC_053230.1	15154000	15155000
NC_053230.1	15158000	15159000
NC_053230.1	15159000	15160000
NC_053230.1	15160000	15161000
NC_053230.1	15161000	15162000
NC_053230.1	15163000	15164000
NC_053230.1	15164000	15165000
NC_053230.1	15166000	15167000
NC_053230.1	15169000	15170000
NC_053230.1	15170000	15171000
NC_053230.1	15174000	15175000
NC_053230.1	15175000	15176000
NC_053230.1	15177000	15178000
NC_053230.1	15178000	15179000
NC_053230.1	15180000	15181000
NC_053230.1	15186000	15187000
NC_053230.1	15187000	15188000
NC_053230.1	15188000	15189000
NC_053230.1	15191000	15192000
NC_053230.1	15192000	15193000
NC_053230.1	15193000	15194000
NC_053230.1	15196000	15197000
NC_053230.1	15197000	15198000
NC_053230.1	15199000	15200000
NC_053230.1	15203000	15204000
NC_053230.1	15205000	15206000
NC_053230.1	15208000	15209000
NC_053230.1	15209000	15210000
NC_053230.1	15210000	15211000
NC_053230.1	15211000	15212000
NC_053230.1	15212000	15213000
NC_053230.1	15213000	15214000
NC_053230.1	15214000	15215000
NC_053230.1	15215000	15216000
NC_053230.1	15216000	15217000
NC_053230.1	15217000	15218000
NC_053230.1	15219000	15220000
NC_053230.1	15220000	15221000
NC_053230.1	15221000	15222000
NC_053230.1	15222000	15223000
NC_053230.1	15223000	15224000
NC_053230.1	15224000	15225000
NC_053230.1	15225000	15226000
NC_053230.1	15226000	15227000
NC_053230.1	15227000	15228000
NC_053230.1	15228000	15229000
NC_053230.1	15230000	15231000
NC_053230.1	15232000	15233000
NC_053230.1	15233000	15234000
NC_053230.1	15235000	15236000
NC_053230.1	15236000	15237000
NC_053230.1	15237000	15238000
NC_053230.1	15238000	15239000
NC_053230.1	15239000	15240000
NC_053230.1	15240000	15241000
NC_053230.1	15241000	15242000
NC_053230.1	15242000	15243000
NC_053230.1	15244000	15245000
NC_053230.1	15245000	15246000
NC_053230.1	15247000	15248000
NC_053230.1	15248000	15249000
NC_053230.1	15251000	15252000
NC_053230.1	15252000	15253000
NC_053230.1	15253000	15254000
NC_053230.1	15254000	15255000
NC_053230.1	15255000	15256000
NC_053230.1	15256000	15257000
NC_053230.1	15258000	15259000
NC_053230.1	15259000	15260000
NC_053230.1	15260000	15261000
NC_053230.1	15261000	15262000
NC_053230.1	15264000	15265000
NC_053230.1	15265000	15266000
NC_053230.1	15267000	15268000
NC_053230.1	15276000	15277000
NC_053230.1	15277000	15278000
NC_053230.1	15278000	15279000
NC_053230.1	15280000	15281000
NC_053230.1	15282000	15283000
NC_053230.1	15283000	15284000
NC_053230.1	15286000	15287000
NC_053230.1	15287000	15288000
NC_053230.1	15289000	15290000
NC_053230.1	15290000	15291000
NC_053230.1	15291000	15292000
NC_053230.1	15292000	15293000
NC_053230.1	15293000	15294000
NC_053230.1	15295000	15296000
NC_053230.1	15297000	15298000
NC_053230.1	15298000	15299000
NC_053230.1	15301000	15302000
NC_053230.1	15302000	15303000
NC_053230.1	15303000	15304000
NC_053230.1	15304000	15305000
NC_053230.1	15308000	15309000
NC_053230.1	15316000	15317000
NC_053230.1	15321000	15322000
NC_053230.1	15322000	15323000
NC_053230.1	15325000	15326000
NC_053230.1	15328000	15329000
NC_053230.1	15329000	15330000
NC_053230.1	15332000	15333000
NC_053230.1	15334000	15335000
NC_053230.1	15336000	15337000
NC_053230.1	15340000	15341000
NC_053230.1	15341000	15342000
NC_053230.1	15342000	15343000
NC_053230.1	15343000	15344000
NC_053230.1	15344000	15345000
NC_053230.1	15345000	15346000
NC_053230.1	15346000	15347000
NC_053230.1	15347000	15348000
NC_053230.1	15349000	15350000
NC_053230.1	15350000	15351000
NC_053230.1	15351000	15352000
NC_053230.1	15355000	15356000
NC_053230.1	15356000	15357000
NC_053230.1	15358000	15359000
NC_053230.1	15359000	15360000
NC_053230.1	15361000	15362000
NC_053230.1	15363000	15364000
NC_053230.1	15364000	15365000
NC_053230.1	15365000	15366000
NC_053230.1	15366000	15367000
NC_053230.1	15367000	15368000
NC_053230.1	15368000	15369000
NC_053230.1	15369000	15370000
NC_053230.1	15371000	15372000
NC_053230.1	15375000	15376000
NC_053230.1	15376000	15377000
NC_053230.1	15377000	15378000
NC_053230.1	15378000	15379000
NC_053230.1	15379000	15380000
NC_053230.1	15381000	15382000
NC_053230.1	15382000	15383000
NC_053230.1	15383000	15384000
NC_053230.1	15384000	15385000
NC_053230.1	15385000	15386000
NC_053230.1	15386000	15387000
NC_053230.1	15387000	15388000
NC_053230.1	15388000	15389000
NC_053230.1	15389000	15390000
NC_053230.1	15391000	15392000
NC_053230.1	15392000	15393000
NC_053230.1	15393000	15394000
NC_053230.1	15394000	15395000
NC_053230.1	15395000	15396000
NC_053230.1	15397000	15398000
NC_053230.1	15398000	15399000
NC_053230.1	15399000	15400000
NC_053230.1	15403000	15404000
NC_053230.1	15405000	15406000
NC_053230.1	15406000	15407000
NC_053230.1	15407000	15408000
NC_053230.1	15421000	15422000
NC_053230.1	15422000	15423000
NC_053230.1	15424000	15425000
NC_053230.1	15426000	15427000
NC_053230.1	15427000	15428000
NC_053230.1	15429000	15430000
NC_053230.1	15430000	15431000
NC_053230.1	15433000	15434000
NC_053230.1	15434000	15435000
NC_053230.1	15435000	15436000
NC_053230.1	15436000	15437000
NC_053230.1	15437000	15438000
NC_053230.1	15438000	15439000
NC_053230.1	15443000	15444000
NC_053230.1	15445000	15446000
NC_053230.1	15446000	15447000
NC_053230.1	15447000	15448000
NC_053230.1	15448000	15449000
NC_053230.1	15450000	15451000
NC_053230.1	15453000	15454000
NC_053230.1	15454000	15455000
NC_053230.1	15457000	15458000
NC_053230.1	15461000	15462000
NC_053230.1	15464000	15465000
NC_053230.1	15465000	15466000
NC_053230.1	15467000	15468000
NC_053230.1	15474000	15475000
NC_053230.1	15475000	15476000
NC_053230.1	15476000	15477000
NC_053230.1	15477000	15478000
NC_053230.1	15478000	15479000
NC_053230.1	15479000	15480000
NC_053230.1	15480000	15481000
NC_053230.1	15481000	15482000
NC_053230.1	15482000	15483000
NC_053230.1	15483000	15484000
NC_053230.1	15484000	15485000
NC_053230.1	15485000	15486000
NC_053230.1	15486000	15487000
NC_053230.1	15487000	15488000
NC_053230.1	15488000	15489000
NC_053230.1	15489000	15490000
NC_053230.1	15490000	15491000
NC_053230.1	15493000	15494000
NC_053230.1	15495000	15496000
NC_053230.1	15496000	15497000
NC_053230.1	15500000	15501000
NC_053230.1	15501000	15502000
NC_053230.1	15502000	15503000
NC_053230.1	15503000	15504000
NC_053230.1	15504000	15505000
NC_053230.1	15505000	15506000
NC_053230.1	15506000	15507000
NC_053230.1	15507000	15508000
NC_053230.1	15508000	15509000
NC_053230.1	15509000	15510000
NC_053230.1	15510000	15511000
NC_053230.1	15511000	15512000
NC_053230.1	15512000	15513000
NC_053230.1	15513000	15514000
NC_053230.1	15515000	15516000
NC_053230.1	15516000	15517000
NC_053230.1	15518000	15519000
NC_053230.1	15519000	15520000
NC_053230.1	15521000	15522000
NC_053230.1	15524000	15525000
NC_053230.1	15526000	15527000
NC_053230.1	15527000	15528000
NC_053230.1	15528000	15529000
NC_053230.1	15530000	15531000
NC_053230.1	15531000	15532000
NC_053230.1	15532000	15533000
NC_053230.1	15534000	15535000
NC_053230.1	15535000	15536000
NC_053230.1	15536000	15537000
NC_053230.1	15537000	15538000
NC_053230.1	15538000	15539000
NC_053230.1	15541000	15542000
NC_053230.1	15542000	15543000
NC_053230.1	15545000	15546000
NC_053230.1	15547000	15548000
NC_053230.1	15560000	15561000
NC_053230.1	15568000	15569000
NC_053230.1	15571000	15572000
NC_053230.1	15572000	15573000
NC_053230.1	15573000	15574000
NC_053230.1	15575000	15576000
NC_053230.1	15576000	15577000
NC_053230.1	15578000	15579000
NC_053230.1	15579000	15580000
NC_053230.1	15580000	15581000
NC_053230.1	15581000	15582000
NC_053230.1	15582000	15583000
NC_053230.1	15584000	15585000
NC_053230.1	15585000	15586000
NC_053230.1	15586000	15587000
NC_053230.1	15588000	15589000
NC_053230.1	15589000	15590000
NC_053230.1	15591000	15592000
NC_053230.1	15593000	15594000
NC_053230.1	15595000	15596000
NC_053230.1	15596000	15597000
NC_053230.1	15597000	15598000
NC_053230.1	15603000	15604000
NC_053230.1	15604000	15605000
NC_053230.1	15608000	15609000
NC_053230.1	15609000	15610000
NC_053230.1	15611000	15612000
NC_053230.1	15612000	15613000
NC_053230.1	15613000	15614000
NC_053230.1	15614000	15615000
NC_053230.1	15615000	15616000
NC_053230.1	15616000	15617000
NC_053230.1	15617000	15618000
NC_053230.1	15618000	15619000
NC_053230.1	15621000	15622000
NC_053230.1	15622000	15623000
NC_053230.1	15623000	15624000
NC_053230.1	15627000	15628000
NC_053230.1	15629000	15630000
NC_053230.1	15630000	15631000
NC_053230.1	15631000	15632000
NC_053230.1	15632000	15633000
NC_053230.1	15633000	15634000
NC_053230.1	15643000	15644000
NC_053230.1	15644000	15645000
NC_053230.1	15645000	15646000
NC_053230.1	15646000	15647000
NC_053230.1	15647000	15648000
NC_053230.1	15648000	15649000
NC_053230.1	15650000	15651000
NC_053230.1	15651000	15652000
NC_053230.1	15652000	15653000
NC_053230.1	15656000	15657000
NC_053230.1	15657000	15658000
NC_053230.1	15658000	15659000
NC_053230.1	15659000	15660000
NC_053230.1	15660000	15661000
NC_053230.1	15661000	15662000
NC_053230.1	15662000	15663000
NC_053230.1	15663000	15664000
NC_053230.1	15664000	15665000
NC_053230.1	15665000	15666000
NC_053230.1	15666000	15667000
NC_053230.1	15667000	15668000
NC_053230.1	15668000	15669000
NC_053230.1	15669000	15670000
NC_053230.1	15670000	15671000
NC_053230.1	15671000	15672000
NC_053230.1	15672000	15673000
NC_053230.1	15673000	15674000
NC_053230.1	15674000	15675000
NC_053230.1	15675000	15676000
NC_053230.1	15676000	15677000
NC_053230.1	15677000	15678000
NC_053230.1	15678000	15679000
NC_053230.1	15679000	15680000
NC_053230.1	15681000	15682000
NC_053230.1	15684000	15685000
NC_053230.1	15685000	15686000
NC_053230.1	15686000	15687000
NC_053230.1	15687000	15688000
NC_053230.1	15690000	15691000
NC_053230.1	15691000	15692000
NC_053230.1	15692000	15693000
NC_053230.1	15693000	15694000
NC_053230.1	15694000	15695000
NC_053230.1	15695000	15696000
NC_053230.1	15699000	15700000
NC_053230.1	15700000	15701000
NC_053230.1	15701000	15702000
NC_053230.1	15702000	15703000
NC_053230.1	15703000	15704000
NC_053230.1	15704000	15705000
NC_053230.1	15705000	15706000
NC_053230.1	15706000	15707000
NC_053230.1	15707000	15708000
NC_053230.1	15708000	15709000
NC_053230.1	15709000	15710000
NC_053230.1	15710000	15711000
NC_053230.1	15711000	15712000
NC_053230.1	15712000	15713000
NC_053230.1	15713000	15714000
NC_053230.1	15714000	15715000
NC_053230.1	15715000	15716000
NC_053230.1	15716000	15717000
NC_053230.1	15717000	15718000
NC_053230.1	15718000	15719000
NC_053230.1	15719000	15720000
NC_053230.1	15720000	15721000
NC_053230.1	15721000	15722000
NC_053230.1	15722000	15723000
NC_053230.1	15723000	15724000
NC_053230.1	15724000	15725000
NC_053230.1	15725000	15726000
NC_053230.1	15726000	15727000
NC_053230.1	15729000	15730000
NC_053230.1	15730000	15731000
NC_053230.1	15731000	15732000
NC_053230.1	15732000	15733000
NC_053230.1	15734000	15735000
NC_053230.1	15736000	15737000
NC_053230.1	15738000	15739000
NC_053230.1	15740000	15741000
NC_053230.1	15742000	15743000
NC_053230.1	15743000	15744000
NC_053230.1	15744000	15745000
NC_053230.1	15745000	15746000
NC_053230.1	15748000	15749000
NC_053230.1	15751000	15752000
NC_053230.1	15752000	15753000
NC_053230.1	15753000	15754000
NC_053230.1	15755000	15756000
NC_053230.1	15756000	15757000
NC_053230.1	15757000	15758000
NC_053230.1	15758000	15759000
NC_053230.1	15760000	15761000
NC_053230.1	15761000	15762000
NC_053230.1	15762000	15763000
NC_053230.1	15763000	15764000
NC_053230.1	15764000	15765000
NC_053230.1	15765000	15766000
NC_053230.1	15769000	15770000
NC_053230.1	15770000	15771000
NC_053230.1	15773000	15774000
NC_053230.1	15774000	15775000
NC_053230.1	15775000	15776000
NC_053230.1	15776000	15777000
NC_053230.1	15778000	15779000
NC_053230.1	15780000	15781000
NC_053230.1	15781000	15782000
NC_053230.1	15782000	15783000
NC_053230.1	15784000	15785000
NC_053230.1	15785000	15786000
NC_053230.1	15786000	15787000
NC_053230.1	15800000	15801000
NC_053230.1	15801000	15802000
NC_053230.1	15804000	15805000
NC_053230.1	15805000	15806000
NC_053230.1	15806000	15807000
NC_053230.1	15809000	15810000
NC_053230.1	15817000	15818000
NC_053230.1	15819000	15820000
NC_053230.1	15820000	15821000
NC_053230.1	15821000	15822000
NC_053230.1	15823000	15824000
NC_053230.1	15838000	15839000
NC_053230.1	15839000	15840000
NC_053230.1	15841000	15842000
NC_053230.1	15843000	15844000
NC_053230.1	15844000	15845000
NC_053230.1	15845000	15846000
NC_053230.1	15848000	15849000
NC_053230.1	15850000	15851000
NC_053230.1	15852000	15853000
NC_053230.1	15853000	15854000
NC_053230.1	15854000	15855000
NC_053230.1	15855000	15856000
NC_053230.1	15856000	15857000
NC_053230.1	15857000	15858000
NC_053230.1	15858000	15859000
NC_053230.1	15859000	15860000
NC_053230.1	15860000	15861000
NC_053230.1	15861000	15862000
NC_053230.1	15864000	15865000
NC_053230.1	15867000	15868000
NC_053230.1	15868000	15869000
NC_053230.1	15869000	15870000
NC_053230.1	15870000	15871000
NC_053230.1	15873000	15874000
NC_053230.1	15874000	15875000
NC_053230.1	15875000	15876000
NC_053230.1	15876000	15877000
NC_053230.1	15881000	15882000
NC_053230.1	15892000	15893000
NC_053230.1	15895000	15896000
NC_053230.1	15896000	15897000
NC_053230.1	15897000	15898000
NC_053230.1	15898000	15899000
NC_053230.1	15899000	15900000
NC_053230.1	15900000	15901000
NC_053230.1	15901000	15902000
NC_053230.1	15902000	15903000
NC_053230.1	15903000	15904000
NC_053230.1	15904000	15905000
NC_053230.1	15905000	15906000
NC_053230.1	15906000	15907000
NC_053230.1	15907000	15908000
NC_053230.1	15908000	15909000
NC_053230.1	15909000	15910000
NC_053230.1	15910000	15911000
NC_053230.1	15911000	15912000
NC_053230.1	15912000	15913000
NC_053230.1	15915000	15916000
NC_053230.1	15916000	15917000
NC_053230.1	15919000	15920000
NC_053230.1	15920000	15921000
NC_053230.1	15921000	15922000
NC_053230.1	15922000	15923000
NC_053230.1	15923000	15924000
NC_053230.1	15924000	15925000
NC_053230.1	15927000	15928000
NC_053230.1	15929000	15930000
NC_053230.1	15931000	15932000
NC_053230.1	15932000	15933000
NC_053230.1	15934000	15935000
NC_053230.1	15935000	15936000
NC_053230.1	15936000	15937000
NC_053230.1	15937000	15938000
NC_053230.1	15939000	15940000
NC_053230.1	15942000	15943000
NC_053230.1	15943000	15944000
NC_053230.1	15944000	15945000
NC_053230.1	15945000	15946000
NC_053230.1	15946000	15947000
NC_053230.1	15947000	15948000
NC_053230.1	15948000	15949000
NC_053230.1	15949000	15950000
NC_053230.1	15950000	15951000
NC_053230.1	15956000	15957000
NC_053230.1	15957000	15958000
NC_053230.1	15962000	15963000
NC_053230.1	15963000	15964000
NC_053230.1	15964000	15965000
NC_053230.1	15965000	15966000
NC_053230.1	15968000	15969000
NC_053230.1	15969000	15970000
NC_053230.1	15971000	15972000
NC_053230.1	15972000	15973000
NC_053230.1	15973000	15974000
NC_053230.1	15976000	15977000
NC_053230.1	15977000	15978000
NC_053230.1	15979000	15980000
NC_053230.1	15980000	15981000
NC_053230.1	15983000	15984000
NC_053230.1	15984000	15985000
NC_053230.1	15987000	15988000
NC_053230.1	15988000	15989000
NC_053230.1	15989000	15990000
NC_053230.1	15990000	15991000
NC_053230.1	15991000	15992000
NC_053230.1	15992000	15993000
NC_053230.1	15994000	15995000
NC_053230.1	15998000	15999000
NC_053230.1	16000000	16001000
NC_053230.1	16001000	16002000
NC_053230.1	16003000	16004000
NC_053230.1	16004000	16005000
NC_053230.1	16005000	16006000
NC_053230.1	16008000	16009000
NC_053230.1	16009000	16010000
NC_053230.1	16010000	16011000
NC_053230.1	16012000	16013000
NC_053230.1	16015000	16016000
NC_053230.1	16017000	16018000
NC_053230.1	16018000	16019000
NC_053230.1	16019000	16020000
NC_053230.1	16022000	16023000
NC_053230.1	16023000	16024000
NC_053230.1	16024000	16025000
NC_053230.1	16027000	16028000
NC_053230.1	16030000	16031000
NC_053230.1	16031000	16032000
NC_053230.1	16032000	16033000
NC_053230.1	16035000	16036000
NC_053230.1	16036000	16037000
NC_053230.1	16038000	16039000
NC_053230.1	16042000	16043000
NC_053230.1	16043000	16044000
NC_053230.1	16044000	16045000
NC_053230.1	16045000	16046000
NC_053230.1	16048000	16049000
NC_053230.1	16049000	16050000
NC_053230.1	16051000	16052000
NC_053230.1	16055000	16056000
NC_053230.1	16056000	16057000
NC_053230.1	16060000	16061000
NC_053230.1	16061000	16062000
NC_053230.1	16064000	16065000
NC_053230.1	16065000	16066000
NC_053230.1	16066000	16067000
NC_053230.1	16067000	16068000
NC_053230.1	16068000	16069000
NC_053230.1	16069000	16070000
NC_053230.1	16070000	16071000
NC_053230.1	16071000	16072000
NC_053230.1	16072000	16073000
NC_053230.1	16075000	16076000
NC_053230.1	16076000	16077000
NC_053230.1	16077000	16078000
NC_053230.1	16079000	16080000
NC_053230.1	16080000	16081000
NC_053230.1	16081000	16082000
NC_053230.1	16082000	16083000
NC_053230.1	16084000	16085000
NC_053230.1	16086000	16087000
NC_053230.1	16088000	16089000
NC_053230.1	16089000	16090000
NC_053230.1	16090000	16091000
NC_053230.1	16092000	16093000
NC_053230.1	16093000	16094000
NC_053230.1	16094000	16095000
NC_053230.1	16095000	16096000
NC_053230.1	16096000	16097000
NC_053230.1	16097000	16098000
NC_053230.1	16098000	16099000
NC_053230.1	16099000	16100000
NC_053230.1	16102000	16103000
NC_053230.1	16103000	16104000
NC_053230.1	16104000	16105000
NC_053230.1	16105000	16106000
NC_053230.1	16106000	16107000
NC_053230.1	16107000	16108000
NC_053230.1	16108000	16109000
NC_053230.1	16109000	16110000
NC_053230.1	16110000	16111000
NC_053230.1	16111000	16112000
NC_053230.1	16113000	16114000
NC_053230.1	16114000	16115000
NC_053230.1	16115000	16116000
NC_053230.1	16116000	16117000
NC_053230.1	16117000	16118000
NC_053230.1	16118000	16119000
NC_053230.1	16119000	16120000
NC_053230.1	16122000	16123000
NC_053230.1	16126000	16127000
NC_053230.1	16127000	16128000
NC_053230.1	16130000	16131000
NC_053230.1	16131000	16132000
NC_053230.1	16132000	16133000
NC_053230.1	16133000	16134000
NC_053230.1	16135000	16136000
NC_053230.1	16136000	16137000
NC_053230.1	16137000	16138000
NC_053230.1	16138000	16139000
NC_053230.1	16139000	16140000
NC_053230.1	16140000	16141000
NC_053230.1	16141000	16142000
NC_053230.1	16142000	16143000
NC_053230.1	16143000	16144000
NC_053230.1	16144000	16145000
NC_053230.1	16145000	16146000
NC_053230.1	16148000	16149000
NC_053230.1	16149000	16150000
NC_053230.1	16150000	16151000
NC_053230.1	16153000	16154000
NC_053230.1	16154000	16155000
NC_053230.1	16155000	16156000
NC_053230.1	16158000	16159000
NC_053230.1	16160000	16161000
NC_053230.1	16161000	16162000
NC_053230.1	16162000	16163000
NC_053230.1	16163000	16164000
NC_053230.1	16164000	16165000
NC_053230.1	16166000	16167000
NC_053230.1	16167000	16168000
NC_053230.1	16168000	16169000
NC_053230.1	16170000	16171000
NC_053230.1	16173000	16174000
NC_053230.1	16174000	16175000
NC_053230.1	16175000	16176000
NC_053230.1	16176000	16177000
NC_053230.1	16177000	16178000
NC_053230.1	16180000	16181000
NC_053230.1	16182000	16183000
NC_053230.1	16183000	16184000
NC_053230.1	16184000	16185000
NC_053230.1	16185000	16186000
NC_053230.1	16186000	16187000
NC_053230.1	16187000	16188000
NC_053230.1	16188000	16189000
NC_053230.1	16189000	16190000
NC_053230.1	16192000	16193000
NC_053230.1	16193000	16194000
NC_053230.1	16195000	16196000
NC_053230.1	16196000	16197000
NC_053230.1	16201000	16202000
NC_053230.1	16202000	16203000
NC_053230.1	16222000	16223000
NC_053230.1	16223000	16224000
NC_053230.1	16224000	16225000
NC_053230.1	16225000	16226000
NC_053230.1	16226000	16227000
NC_053230.1	16227000	16228000
NC_053230.1	16228000	16229000
NC_053230.1	16229000	16230000
NC_053230.1	16230000	16231000
NC_053230.1	16231000	16232000
NC_053230.1	16232000	16233000
NC_053230.1	16234000	16235000
NC_053230.1	16236000	16237000
NC_053230.1	16237000	16238000
NC_053230.1	16238000	16239000
NC_053230.1	16240000	16241000
NC_053230.1	16241000	16242000
NC_053230.1	16243000	16244000
NC_053230.1	16244000	16245000
NC_053230.1	16245000	16246000
NC_053230.1	16246000	16247000
NC_053230.1	16250000	16251000
NC_053230.1	16251000	16252000
NC_053230.1	16252000	16253000
NC_053230.1	16253000	16254000
NC_053230.1	16255000	16256000
NC_053230.1	16256000	16257000
NC_053230.1	16259000	16260000
NC_053230.1	16260000	16261000
NC_053230.1	16261000	16262000
NC_053230.1	16262000	16263000
NC_053230.1	16263000	16264000
NC_053230.1	16264000	16265000
NC_053230.1	16275000	16276000
NC_053230.1	16276000	16277000
NC_053230.1	16281000	16282000
NC_053230.1	16282000	16283000
NC_053230.1	16283000	16284000
NC_053230.1	16284000	16285000
NC_053230.1	16285000	16286000
NC_053230.1	16287000	16288000
NC_053230.1	16288000	16289000
NC_053230.1	16289000	16290000
NC_053230.1	16290000	16291000
NC_053230.1	16295000	16296000
NC_053230.1	16296000	16297000
NC_053230.1	16301000	16302000
NC_053230.1	16303000	16304000
NC_053230.1	16304000	16305000
NC_053230.1	16306000	16307000
NC_053230.1	16307000	16308000
NC_053230.1	16310000	16311000
NC_053230.1	16311000	16312000
NC_053230.1	16318000	16319000
NC_053230.1	16319000	16320000
NC_053230.1	16320000	16321000
NC_053230.1	16321000	16322000
NC_053230.1	16322000	16323000
NC_053230.1	16323000	16324000
NC_053230.1	16324000	16325000
NC_053230.1	16326000	16327000
NC_053230.1	16341000	16342000
NC_053230.1	16342000	16343000
NC_053230.1	16343000	16344000
NC_053230.1	16345000	16346000
NC_053230.1	16350000	16351000
NC_053230.1	16351000	16352000
NC_053230.1	16353000	16354000
NC_053230.1	16354000	16355000
NC_053230.1	16355000	16356000
NC_053230.1	16357000	16358000
NC_053230.1	16360000	16361000
NC_053230.1	16362000	16363000
NC_053230.1	16364000	16365000
NC_053230.1	16365000	16366000
NC_053230.1	16370000	16371000
NC_053230.1	16371000	16372000
NC_053230.1	16378000	16379000
NC_053230.1	16380000	16381000
NC_053230.1	16382000	16383000
NC_053230.1	16384000	16385000
NC_053230.1	16385000	16386000
NC_053230.1	16391000	16392000
NC_053230.1	16394000	16395000
NC_053230.1	16395000	16396000
NC_053230.1	16396000	16397000
NC_053230.1	16398000	16399000
NC_053230.1	16399000	16400000
NC_053230.1	16400000	16401000
NC_053230.1	16405000	16406000
NC_053230.1	16406000	16407000
NC_053230.1	16407000	16408000
NC_053230.1	16408000	16409000
NC_053230.1	16409000	16410000
NC_053230.1	16410000	16411000
NC_053230.1	16411000	16412000
NC_053230.1	16415000	16416000
NC_053230.1	16416000	16417000
NC_053230.1	16420000	16421000
NC_053230.1	16422000	16423000
NC_053230.1	16423000	16424000
NC_053230.1	16424000	16425000
NC_053230.1	16425000	16426000
NC_053230.1	16427000	16428000
NC_053230.1	16429000	16430000
NC_053230.1	16431000	16432000
NC_053230.1	16432000	16433000
NC_053230.1	16435000	16436000
NC_053230.1	16439000	16440000
NC_053230.1	16440000	16441000
NC_053230.1	16441000	16442000
NC_053230.1	16442000	16443000
NC_053230.1	16443000	16444000
NC_053230.1	16444000	16445000
NC_053230.1	16446000	16447000
NC_053230.1	16447000	16448000
NC_053230.1	16448000	16449000
NC_053230.1	16449000	16450000
NC_053230.1	16450000	16451000
NC_053230.1	16451000	16452000
NC_053230.1	16452000	16453000
NC_053230.1	16453000	16454000
NC_053230.1	16454000	16455000
NC_053230.1	16455000	16456000
NC_053230.1	16458000	16459000
NC_053230.1	16459000	16460000
NC_053230.1	16461000	16462000
NC_053230.1	16462000	16463000
NC_053230.1	16463000	16464000
NC_053230.1	16465000	16466000
NC_053230.1	16466000	16467000
NC_053230.1	16467000	16468000
NC_053230.1	16468000	16469000
NC_053230.1	16469000	16470000
NC_053230.1	16471000	16472000
NC_053230.1	16473000	16474000
NC_053230.1	16474000	16475000
NC_053230.1	16475000	16476000
NC_053230.1	16479000	16480000
NC_053230.1	16484000	16485000
NC_053230.1	16485000	16486000
NC_053230.1	16486000	16487000
NC_053230.1	16487000	16488000
NC_053230.1	16489000	16490000
NC_053230.1	16492000	16493000
NC_053230.1	16494000	16495000
NC_053230.1	16497000	16498000
NC_053230.1	16498000	16499000
NC_053230.1	16499000	16500000
NC_053230.1	16500000	16501000
NC_053230.1	16501000	16502000
NC_053230.1	16502000	16503000
NC_053230.1	16503000	16504000
NC_053230.1	16504000	16505000
NC_053230.1	16505000	16506000
NC_053230.1	16507000	16508000
NC_053230.1	16508000	16509000
NC_053230.1	16512000	16513000
NC_053230.1	16513000	16514000
NC_053230.1	16514000	16515000
NC_053230.1	16515000	16516000
NC_053230.1	16518000	16519000
NC_053230.1	16519000	16520000
NC_053230.1	16520000	16521000
NC_053230.1	16521000	16522000
NC_053230.1	16522000	16523000
NC_053230.1	16523000	16524000
NC_053230.1	16525000	16526000
NC_053230.1	16529000	16530000
NC_053230.1	16531000	16532000
NC_053230.1	16532000	16533000
NC_053230.1	16534000	16535000
NC_053230.1	16535000	16536000
NC_053230.1	16544000	16545000
NC_053230.1	16546000	16547000
NC_053230.1	16547000	16548000
NC_053230.1	16551000	16552000
NC_053230.1	16552000	16553000
NC_053230.1	16553000	16554000
NC_053230.1	16554000	16555000
NC_053230.1	16555000	16556000
NC_053230.1	16556000	16557000
NC_053230.1	16557000	16558000
NC_053230.1	16558000	16559000
NC_053230.1	16559000	16560000
NC_053230.1	16560000	16561000
NC_053230.1	16562000	16563000
NC_053230.1	16563000	16564000
NC_053230.1	16566000	16567000
NC_053230.1	16567000	16568000
NC_053230.1	16569000	16570000
NC_053230.1	16570000	16571000
NC_053230.1	16571000	16572000
NC_053230.1	16573000	16574000
NC_053230.1	16574000	16575000
NC_053230.1	16575000	16576000
NC_053230.1	16576000	16577000
NC_053230.1	16577000	16578000
NC_053230.1	16578000	16579000
NC_053230.1	16579000	16580000
NC_053230.1	16580000	16581000
NC_053230.1	16581000	16582000
NC_053230.1	16582000	16583000
NC_053230.1	16583000	16584000
NC_053230.1	16584000	16585000
NC_053230.1	16585000	16586000
NC_053230.1	16586000	16587000
NC_053230.1	16587000	16588000
NC_053230.1	16588000	16589000
NC_053230.1	16591000	16592000
NC_053230.1	16592000	16593000
NC_053230.1	16593000	16594000
NC_053230.1	16594000	16595000
NC_053230.1	16596000	16597000
NC_053230.1	16600000	16601000
NC_053230.1	16601000	16602000
NC_053230.1	16603000	16604000
NC_053230.1	16604000	16605000
NC_053230.1	16605000	16606000
NC_053230.1	16606000	16607000
NC_053230.1	16607000	16608000
NC_053230.1	16608000	16609000
NC_053230.1	16609000	16610000
NC_053230.1	16611000	16612000
NC_053230.1	16612000	16613000
NC_053230.1	16613000	16614000
NC_053230.1	16614000	16615000
NC_053230.1	16616000	16617000
NC_053230.1	16617000	16618000
NC_053230.1	16618000	16619000
NC_053230.1	16621000	16622000
NC_053230.1	16624000	16625000
NC_053230.1	16625000	16626000
NC_053230.1	16627000	16628000
NC_053230.1	16630000	16631000
NC_053230.1	16631000	16632000
NC_053230.1	16632000	16633000
NC_053230.1	16633000	16634000
NC_053230.1	16634000	16635000
NC_053230.1	16635000	16636000
NC_053230.1	16636000	16637000
NC_053230.1	16637000	16638000
NC_053230.1	16639000	16640000
NC_053230.1	16640000	16641000
NC_053230.1	16642000	16643000
NC_053230.1	16643000	16644000
NC_053230.1	16648000	16649000
NC_053230.1	16649000	16650000
NC_053230.1	16650000	16651000
NC_053230.1	16651000	16652000
NC_053230.1	16652000	16653000
NC_053230.1	16653000	16654000
NC_053230.1	16654000	16655000
NC_053230.1	16655000	16656000
NC_053230.1	16657000	16658000
NC_053230.1	16658000	16659000
NC_053230.1	16660000	16661000
NC_053230.1	16661000	16662000
NC_053230.1	16662000	16663000
NC_053230.1	16663000	16664000
NC_053230.1	16665000	16666000
NC_053230.1	16666000	16667000
NC_053230.1	16667000	16668000
NC_053230.1	16668000	16669000
NC_053230.1	16669000	16670000
NC_053230.1	16670000	16671000
NC_053230.1	16671000	16672000
NC_053230.1	16672000	16673000
NC_053230.1	16673000	16674000
NC_053230.1	16674000	16675000
NC_053230.1	16676000	16677000
NC_053230.1	16677000	16678000
NC_053230.1	16681000	16682000
NC_053230.1	16682000	16683000
NC_053230.1	16683000	16684000
NC_053230.1	16684000	16685000
NC_053230.1	16685000	16686000
NC_053230.1	16687000	16688000
NC_053230.1	16688000	16689000
NC_053230.1	16689000	16690000
NC_053230.1	16690000	16691000
NC_053230.1	16691000	16692000
NC_053230.1	16692000	16693000
NC_053230.1	16693000	16694000
NC_053230.1	16694000	16695000
NC_053230.1	16695000	16696000
NC_053230.1	16697000	16698000
NC_053230.1	16698000	16699000
NC_053230.1	16699000	16700000
NC_053230.1	16702000	16703000
NC_053230.1	16720000	16721000
NC_053230.1	16721000	16722000
NC_053230.1	16722000	16723000
NC_053230.1	16723000	16724000
NC_053230.1	16725000	16726000
NC_053230.1	16726000	16727000
NC_053230.1	16727000	16728000
NC_053230.1	16728000	16729000
NC_053230.1	16730000	16731000
NC_053230.1	16731000	16732000
NC_053230.1	16732000	16733000
NC_053230.1	16733000	16734000
NC_053230.1	16734000	16735000
NC_053230.1	16736000	16737000
NC_053230.1	16737000	16738000
NC_053230.1	16747000	16748000
NC_053230.1	16757000	16758000
NC_053230.1	16758000	16759000
NC_053230.1	16759000	16760000
NC_053230.1	16760000	16761000
NC_053230.1	16761000	16762000
NC_053230.1	16762000	16763000
NC_053230.1	16770000	16771000
NC_053230.1	16771000	16772000
NC_053230.1	16772000	16773000
NC_053230.1	16773000	16774000
NC_053230.1	16776000	16777000
NC_053230.1	16777000	16778000
NC_053230.1	16778000	16779000
NC_053230.1	16779000	16780000
NC_053230.1	16780000	16781000
NC_053230.1	16781000	16782000
NC_053230.1	16783000	16784000
NC_053230.1	16784000	16785000
NC_053230.1	16786000	16787000
NC_053230.1	16787000	16788000
NC_053230.1	16788000	16789000
NC_053230.1	16790000	16791000
NC_053230.1	16791000	16792000
NC_053230.1	16793000	16794000
NC_053230.1	16794000	16795000
NC_053230.1	16795000	16796000
NC_053230.1	16796000	16797000
NC_053230.1	16797000	16798000
NC_053230.1	16799000	16800000
NC_053230.1	16801000	16802000
NC_053230.1	16802000	16803000
NC_053230.1	16803000	16804000
NC_053230.1	16806000	16807000
NC_053230.1	16815000	16816000
NC_053230.1	16817000	16818000
NC_053230.1	16824000	16825000
NC_053230.1	16829000	16830000
NC_053230.1	16830000	16831000
NC_053230.1	16831000	16832000
NC_053230.1	16839000	16840000
NC_053230.1	16844000	16845000
NC_053230.1	16845000	16846000
NC_053230.1	16846000	16847000
NC_053230.1	16847000	16848000
NC_053230.1	16848000	16849000
NC_053230.1	16849000	16850000
NC_053230.1	16851000	16852000
NC_053230.1	16852000	16853000
NC_053230.1	16853000	16854000
NC_053230.1	16855000	16856000
NC_053230.1	16856000	16857000
NC_053230.1	16859000	16860000
NC_053230.1	16860000	16861000
NC_053230.1	16861000	16862000
NC_053230.1	16862000	16863000
NC_053230.1	16863000	16864000
NC_053230.1	16864000	16865000
NC_053230.1	16865000	16866000
NC_053230.1	16866000	16867000
NC_053230.1	16868000	16869000
NC_053230.1	16870000	16871000
NC_053230.1	16872000	16873000
NC_053230.1	16873000	16874000
NC_053230.1	16875000	16876000
NC_053230.1	16876000	16877000
NC_053230.1	16879000	16880000
NC_053230.1	16880000	16881000
NC_053230.1	16881000	16882000
NC_053230.1	16882000	16883000
NC_053230.1	16883000	16884000
NC_053230.1	16887000	16888000
NC_053230.1	16888000	16889000
NC_053230.1	16890000	16891000
NC_053230.1	16891000	16892000
NC_053230.1	16901000	16902000
NC_053230.1	16902000	16903000
NC_053230.1	16903000	16904000
NC_053230.1	16904000	16905000
NC_053230.1	16906000	16907000
NC_053230.1	16907000	16908000
NC_053230.1	16908000	16909000
NC_053230.1	16910000	16911000
NC_053230.1	16911000	16912000
NC_053230.1	16912000	16913000
NC_053230.1	16916000	16917000
NC_053230.1	16918000	16919000
NC_053230.1	16919000	16920000
NC_053230.1	16920000	16921000
NC_053230.1	16923000	16924000
NC_053230.1	16925000	16926000
NC_053230.1	16926000	16927000
NC_053230.1	16927000	16928000
NC_053230.1	16929000	16930000
NC_053230.1	16930000	16931000
NC_053230.1	16932000	16933000
NC_053230.1	16935000	16936000
NC_053230.1	16936000	16937000
NC_053230.1	16937000	16938000
NC_053230.1	16948000	16949000
NC_053230.1	16949000	16950000
NC_053230.1	16952000	16953000
NC_053230.1	16954000	16955000
NC_053230.1	16956000	16957000
NC_053230.1	16961000	16962000
NC_053230.1	16962000	16963000
NC_053230.1	16963000	16964000
NC_053230.1	16964000	16965000
NC_053230.1	16965000	16966000
NC_053230.1	16966000	16967000
NC_053230.1	16969000	16970000
NC_053230.1	16971000	16972000
NC_053230.1	16972000	16973000
NC_053230.1	16974000	16975000
NC_053230.1	16976000	16977000
NC_053230.1	16977000	16978000
NC_053230.1	16978000	16979000
NC_053230.1	16979000	16980000
NC_053230.1	16980000	16981000
NC_053230.1	16982000	16983000
NC_053230.1	16983000	16984000
NC_053230.1	16984000	16985000
NC_053230.1	16987000	16988000
NC_053230.1	16989000	16990000
NC_053230.1	16990000	16991000
NC_053230.1	16991000	16992000
NC_053230.1	16993000	16994000
NC_053230.1	16995000	16996000
NC_053230.1	16996000	16997000
NC_053230.1	16997000	16998000
NC_053230.1	16998000	16999000
NC_053230.1	16999000	17000000
NC_053230.1	17000000	17001000
NC_053230.1	17001000	17002000
NC_053230.1	17002000	17003000
NC_053230.1	17006000	17007000
NC_053230.1	17007000	17008000
NC_053230.1	17008000	17009000
NC_053230.1	17012000	17013000
NC_053230.1	17013000	17014000
NC_053230.1	17014000	17015000
NC_053230.1	17015000	17016000
NC_053230.1	17016000	17017000
NC_053230.1	17017000	17018000
NC_053230.1	17018000	17019000
NC_053230.1	17023000	17024000
NC_053230.1	17031000	17032000
NC_053230.1	17032000	17033000
NC_053230.1	17033000	17034000
NC_053230.1	17034000	17035000
NC_053230.1	17035000	17036000
NC_053230.1	17036000	17037000
NC_053230.1	17037000	17038000
NC_053230.1	17038000	17039000
NC_053230.1	17039000	17040000
NC_053230.1	17040000	17041000
NC_053230.1	17041000	17042000
NC_053230.1	17042000	17043000
NC_053230.1	17045000	17046000
NC_053230.1	17046000	17047000
NC_053230.1	17047000	17048000
NC_053230.1	17049000	17050000
NC_053230.1	17050000	17051000
NC_053230.1	17051000	17052000
NC_053230.1	17052000	17053000
NC_053230.1	17053000	17054000
NC_053230.1	17054000	17055000
NC_053230.1	17055000	17056000
NC_053230.1	17057000	17058000
NC_053230.1	17058000	17059000
NC_053230.1	17059000	17060000
NC_053230.1	17061000	17062000
NC_053230.1	17062000	17063000
NC_053230.1	17064000	17065000
NC_053230.1	17065000	17066000
NC_053230.1	17066000	17067000
NC_053230.1	17067000	17068000
NC_053230.1	17068000	17069000
NC_053230.1	17069000	17070000
NC_053230.1	17070000	17071000
NC_053230.1	17071000	17072000
NC_053230.1	17072000	17073000
NC_053230.1	17075000	17076000
NC_053230.1	17077000	17078000
NC_053230.1	17078000	17079000
NC_053230.1	17079000	17080000
NC_053230.1	17081000	17082000
NC_053230.1	17082000	17083000
NC_053230.1	17083000	17084000
NC_053230.1	17084000	17085000
NC_053230.1	17085000	17086000
NC_053230.1	17086000	17087000
NC_053230.1	17088000	17089000
NC_053230.1	17089000	17090000
NC_053230.1	17090000	17091000
NC_053230.1	17091000	17092000
NC_053230.1	17092000	17093000
NC_053230.1	17093000	17094000
NC_053230.1	17096000	17097000
NC_053230.1	17097000	17098000
NC_053230.1	17098000	17099000
NC_053230.1	17099000	17100000
NC_053230.1	17100000	17101000
NC_053230.1	17101000	17102000
NC_053230.1	17102000	17103000
NC_053230.1	17104000	17105000
NC_053230.1	17105000	17106000
NC_053230.1	17106000	17107000
NC_053230.1	17107000	17108000
NC_053230.1	17110000	17111000
NC_053230.1	17114000	17115000
NC_053230.1	17115000	17116000
NC_053230.1	17116000	17117000
NC_053230.1	17117000	17118000
NC_053230.1	17118000	17119000
NC_053230.1	17119000	17120000
NC_053230.1	17120000	17121000
NC_053230.1	17122000	17123000
NC_053230.1	17123000	17124000
NC_053230.1	17124000	17125000
NC_053230.1	17125000	17126000
NC_053230.1	17126000	17127000
NC_053230.1	17127000	17128000
NC_053230.1	17129000	17130000
NC_053230.1	17131000	17132000
NC_053230.1	17132000	17133000
NC_053230.1	17135000	17136000
NC_053230.1	17136000	17137000
NC_053230.1	17137000	17138000
NC_053230.1	17138000	17139000
NC_053230.1	17139000	17140000
NC_053230.1	17140000	17141000
NC_053230.1	17142000	17143000
NC_053230.1	17144000	17145000
NC_053230.1	17145000	17146000
NC_053230.1	17146000	17147000
NC_053230.1	17148000	17149000
NC_053230.1	17149000	17150000
NC_053230.1	17150000	17151000
NC_053230.1	17152000	17153000
NC_053230.1	17154000	17155000
NC_053230.1	17155000	17156000
NC_053230.1	17156000	17157000
NC_053230.1	17157000	17158000
NC_053230.1	17158000	17159000
NC_053230.1	17160000	17161000
NC_053230.1	17161000	17162000
NC_053230.1	17163000	17164000
NC_053230.1	17166000	17167000
NC_053230.1	17169000	17170000
NC_053230.1	17170000	17171000
NC_053230.1	17171000	17172000
NC_053230.1	17174000	17175000
NC_053230.1	17175000	17176000
NC_053230.1	17177000	17178000
NC_053230.1	17179000	17180000
NC_053230.1	17183000	17184000
NC_053230.1	17185000	17186000
NC_053230.1	17186000	17187000
NC_053230.1	17187000	17188000
NC_053230.1	17188000	17189000
NC_053230.1	17189000	17190000
NC_053230.1	17190000	17191000
NC_053230.1	17191000	17192000
NC_053230.1	17198000	17199000
NC_053230.1	17199000	17200000
NC_053230.1	17200000	17201000
NC_053230.1	17201000	17202000
NC_053230.1	17203000	17204000
NC_053230.1	17206000	17207000
NC_053230.1	17207000	17208000
NC_053230.1	17208000	17209000
NC_053230.1	17209000	17210000
NC_053230.1	17211000	17212000
NC_053230.1	17212000	17213000
NC_053230.1	17213000	17214000
NC_053230.1	17214000	17215000
NC_053230.1	17216000	17217000
NC_053230.1	17217000	17218000
NC_053230.1	17218000	17219000
NC_053230.1	17219000	17220000
NC_053230.1	17220000	17221000
NC_053230.1	17221000	17222000
NC_053230.1	17222000	17223000
NC_053230.1	17223000	17224000
NC_053230.1	17224000	17225000
NC_053230.1	17225000	17226000
NC_053230.1	17226000	17227000
NC_053230.1	17227000	17228000
NC_053230.1	17232000	17233000
NC_053230.1	17233000	17234000
NC_053230.1	17261000	17262000
NC_053230.1	17279000	17280000
NC_053230.1	17295000	17296000
NC_053230.1	17296000	17297000
NC_053230.1	17298000	17299000
NC_053230.1	17299000	17300000
NC_053230.1	17300000	17301000
NC_053230.1	17301000	17302000
NC_053230.1	17304000	17305000
NC_053230.1	17306000	17307000
NC_053230.1	17309000	17310000
NC_053230.1	17311000	17312000
NC_053230.1	17312000	17313000
NC_053230.1	17315000	17316000
NC_053230.1	17316000	17317000
NC_053230.1	17317000	17318000
NC_053230.1	17318000	17319000
NC_053230.1	17320000	17321000
NC_053230.1	17321000	17322000
NC_053230.1	17322000	17323000
NC_053230.1	17323000	17324000
NC_053230.1	17325000	17326000
NC_053230.1	17327000	17328000
NC_053230.1	17328000	17329000
NC_053230.1	17331000	17332000
NC_053230.1	17332000	17333000
NC_053230.1	17333000	17334000
NC_053230.1	17334000	17335000
NC_053230.1	17335000	17336000
NC_053230.1	17336000	17337000
NC_053230.1	17337000	17338000
NC_053230.1	17338000	17339000
NC_053230.1	17339000	17340000
NC_053230.1	17340000	17341000
NC_053230.1	17341000	17342000
NC_053230.1	17342000	17343000
NC_053230.1	17343000	17344000
NC_053230.1	17344000	17345000
NC_053230.1	17346000	17347000
NC_053230.1	17347000	17348000
NC_053230.1	17348000	17349000
NC_053230.1	17349000	17350000
NC_053230.1	17350000	17351000
NC_053230.1	17352000	17353000
NC_053230.1	17356000	17357000
NC_053230.1	17357000	17358000
NC_053230.1	17358000	17359000
NC_053230.1	17359000	17360000
NC_053230.1	17362000	17363000
NC_053230.1	17363000	17364000
NC_053230.1	17364000	17365000
NC_053230.1	17365000	17366000
NC_053230.1	17366000	17367000
NC_053230.1	17367000	17368000
NC_053230.1	17368000	17369000
NC_053230.1	17369000	17370000
NC_053230.1	17370000	17371000
NC_053230.1	17371000	17372000
NC_053230.1	17373000	17374000
NC_053230.1	17377000	17378000
NC_053230.1	17378000	17379000
NC_053230.1	17379000	17380000
NC_053230.1	17382000	17383000
NC_053230.1	17385000	17386000
NC_053230.1	17394000	17395000
NC_053230.1	17398000	17399000
NC_053230.1	17399000	17400000
NC_053230.1	17400000	17401000
NC_053230.1	17401000	17402000
NC_053230.1	17402000	17403000
NC_053230.1	17403000	17404000
NC_053230.1	17405000	17406000
NC_053230.1	17406000	17407000
NC_053230.1	17407000	17408000
NC_053230.1	17408000	17409000
NC_053230.1	17412000	17413000
NC_053230.1	17413000	17414000
NC_053230.1	17414000	17415000
NC_053230.1	17416000	17417000
NC_053230.1	17417000	17418000
NC_053230.1	17420000	17421000
NC_053230.1	17421000	17422000
NC_053230.1	17422000	17423000
NC_053230.1	17423000	17424000
NC_053230.1	17427000	17428000
NC_053230.1	17433000	17434000
NC_053230.1	17434000	17435000
NC_053230.1	17435000	17436000
NC_053230.1	17436000	17437000
NC_053230.1	17437000	17438000
NC_053230.1	17438000	17439000
NC_053230.1	17457000	17458000
NC_053230.1	17458000	17459000
NC_053230.1	17461000	17462000
NC_053230.1	17462000	17463000
NC_053230.1	17463000	17464000
NC_053230.1	17464000	17465000
NC_053230.1	17465000	17466000
NC_053230.1	17466000	17467000
NC_053230.1	17467000	17468000
NC_053230.1	17468000	17469000
NC_053230.1	17469000	17470000
NC_053230.1	17472000	17473000
NC_053230.1	17473000	17474000
NC_053230.1	17474000	17475000
NC_053230.1	17476000	17477000
NC_053230.1	17479000	17480000
NC_053230.1	17480000	17481000
NC_053230.1	17481000	17482000
NC_053230.1	17483000	17484000
NC_053230.1	17484000	17485000
NC_053230.1	17486000	17487000
NC_053230.1	17487000	17488000
NC_053230.1	17488000	17489000
NC_053230.1	17489000	17490000
NC_053230.1	17492000	17493000
NC_053230.1	17494000	17495000
NC_053230.1	17495000	17496000
NC_053230.1	17496000	17497000
NC_053230.1	17497000	17498000
NC_053230.1	17498000	17499000
NC_053230.1	17500000	17501000
NC_053230.1	17501000	17502000
NC_053230.1	17502000	17503000
NC_053230.1	17503000	17504000
NC_053230.1	17505000	17506000
NC_053230.1	17507000	17508000
NC_053230.1	17508000	17509000
NC_053230.1	17509000	17510000
NC_053230.1	17511000	17512000
NC_053230.1	17512000	17513000
NC_053230.1	17513000	17514000
NC_053230.1	17515000	17516000
NC_053230.1	17517000	17518000
NC_053230.1	17518000	17519000
NC_053230.1	17519000	17520000
NC_053230.1	17520000	17521000
NC_053230.1	17521000	17522000
NC_053230.1	17522000	17523000
NC_053230.1	17523000	17524000
NC_053230.1	17524000	17525000
NC_053230.1	17525000	17526000
NC_053230.1	17526000	17527000
NC_053230.1	17527000	17528000
NC_053230.1	17528000	17529000
NC_053230.1	17531000	17532000
NC_053230.1	17533000	17534000
NC_053230.1	17537000	17538000
NC_053230.1	17539000	17540000
NC_053230.1	17540000	17541000
NC_053230.1	17541000	17542000
NC_053230.1	17551000	17552000
NC_053230.1	17552000	17553000
NC_053230.1	17556000	17557000
NC_053230.1	17557000	17558000
NC_053230.1	17558000	17559000
NC_053230.1	17561000	17562000
NC_053230.1	17563000	17564000
NC_053230.1	17564000	17565000
NC_053230.1	17567000	17568000
NC_053230.1	17568000	17569000
NC_053230.1	17570000	17571000
NC_053230.1	17571000	17572000
NC_053230.1	17572000	17573000
NC_053230.1	17576000	17577000
NC_053230.1	17577000	17578000
NC_053230.1	17578000	17579000
NC_053230.1	17579000	17580000
NC_053230.1	17580000	17581000
NC_053230.1	17581000	17582000
NC_053230.1	17583000	17584000
NC_053230.1	17584000	17585000
NC_053230.1	17586000	17587000
NC_053230.1	17587000	17588000
NC_053230.1	17589000	17590000
NC_053230.1	17591000	17592000
NC_053230.1	17593000	17594000
NC_053230.1	17594000	17595000
NC_053230.1	17596000	17597000
NC_053230.1	17597000	17598000
NC_053230.1	17598000	17599000
NC_053230.1	17599000	17600000
NC_053230.1	17604000	17605000
NC_053230.1	17605000	17606000
NC_053230.1	17607000	17608000
NC_053230.1	17610000	17611000
NC_053230.1	17611000	17612000
NC_053230.1	17612000	17613000
NC_053230.1	17613000	17614000
NC_053230.1	17614000	17615000
NC_053230.1	17621000	17622000
NC_053230.1	17622000	17623000
NC_053230.1	17625000	17626000
NC_053230.1	17626000	17627000
NC_053230.1	17628000	17629000
NC_053230.1	17629000	17630000
NC_053230.1	17631000	17632000
NC_053230.1	17632000	17633000
NC_053230.1	17634000	17635000
NC_053230.1	17635000	17636000
NC_053230.1	17640000	17641000
NC_053230.1	17641000	17642000
NC_053230.1	17642000	17643000
NC_053230.1	17643000	17644000
NC_053230.1	17644000	17645000
NC_053230.1	17646000	17647000
NC_053230.1	17648000	17649000
NC_053230.1	17650000	17651000
NC_053230.1	17651000	17652000
NC_053230.1	17652000	17653000
NC_053230.1	17654000	17655000
NC_053230.1	17655000	17656000
NC_053230.1	17656000	17657000
NC_053230.1	17657000	17658000
NC_053230.1	17658000	17659000
NC_053230.1	17659000	17660000
NC_053230.1	17660000	17661000
NC_053230.1	17665000	17666000
NC_053230.1	17667000	17668000
NC_053230.1	17669000	17670000
NC_053230.1	17670000	17671000
NC_053230.1	17671000	17672000
NC_053230.1	17672000	17673000
NC_053230.1	17673000	17674000
NC_053230.1	17674000	17675000
NC_053230.1	17675000	17676000
NC_053230.1	17676000	17677000
NC_053230.1	17677000	17678000
NC_053230.1	17680000	17681000
NC_053230.1	17685000	17686000
NC_053230.1	17686000	17687000
NC_053230.1	17687000	17688000
NC_053230.1	17688000	17689000
NC_053230.1	17689000	17690000
NC_053230.1	17693000	17694000
NC_053230.1	17694000	17695000
NC_053230.1	17695000	17696000
NC_053230.1	17696000	17697000
NC_053230.1	17698000	17699000
NC_053230.1	17700000	17701000
NC_053230.1	17701000	17702000
NC_053230.1	17704000	17705000
NC_053230.1	17705000	17706000
NC_053230.1	17708000	17709000
NC_053230.1	17710000	17711000
NC_053230.1	17711000	17712000
NC_053230.1	17712000	17713000
NC_053230.1	17713000	17714000
NC_053230.1	17714000	17715000
NC_053230.1	17715000	17716000
NC_053230.1	17718000	17719000
NC_053230.1	17719000	17720000
NC_053230.1	17720000	17721000
NC_053230.1	17721000	17722000
NC_053230.1	17722000	17723000
NC_053230.1	17724000	17725000
NC_053230.1	17725000	17726000
NC_053230.1	17726000	17727000
NC_053230.1	17728000	17729000
NC_053230.1	17730000	17731000
NC_053230.1	17731000	17732000
NC_053230.1	17732000	17733000
NC_053230.1	17733000	17734000
NC_053230.1	17734000	17735000
NC_053230.1	17735000	17736000
NC_053230.1	17736000	17737000
NC_053230.1	17737000	17738000
NC_053230.1	17739000	17740000
NC_053230.1	17740000	17741000
NC_053230.1	17741000	17742000
NC_053230.1	17742000	17743000
NC_053230.1	17743000	17744000
NC_053230.1	17744000	17745000
NC_053230.1	17745000	17746000
NC_053230.1	17746000	17747000
NC_053230.1	17747000	17748000
NC_053230.1	17748000	17749000
NC_053230.1	17749000	17750000
NC_053230.1	17750000	17751000
NC_053230.1	17751000	17752000
NC_053230.1	17752000	17753000
NC_053230.1	17753000	17754000
NC_053230.1	17754000	17755000
NC_053230.1	17755000	17756000
NC_053230.1	17756000	17757000
NC_053230.1	17757000	17758000
NC_053230.1	17758000	17759000
NC_053230.1	17759000	17760000
NC_053230.1	17760000	17761000
NC_053230.1	17761000	17762000
NC_053230.1	17763000	17764000
NC_053230.1	17764000	17765000
NC_053230.1	17765000	17766000
NC_053230.1	17766000	17767000
NC_053230.1	17767000	17768000
NC_053230.1	17768000	17769000
NC_053230.1	17769000	17770000
NC_053230.1	17777000	17778000
NC_053230.1	17778000	17779000
NC_053230.1	17782000	17783000
NC_053230.1	17784000	17785000
NC_053230.1	17792000	17793000
NC_053230.1	17793000	17794000
NC_053230.1	17794000	17795000
NC_053230.1	17795000	17796000
NC_053230.1	17796000	17797000
NC_053230.1	17797000	17798000
NC_053230.1	17800000	17801000
NC_053230.1	17801000	17802000
NC_053230.1	17803000	17804000
NC_053230.1	17804000	17805000
NC_053230.1	17805000	17806000
NC_053230.1	17807000	17808000
NC_053230.1	17812000	17813000
NC_053230.1	17813000	17814000
NC_053230.1	17814000	17815000
NC_053230.1	17815000	17816000
NC_053230.1	17818000	17819000
NC_053230.1	17819000	17820000
NC_053230.1	17820000	17821000
NC_053230.1	17821000	17822000
NC_053230.1	17822000	17823000
NC_053230.1	17823000	17824000
NC_053230.1	17827000	17828000
NC_053230.1	17828000	17829000
NC_053230.1	17829000	17830000
NC_053230.1	17830000	17831000
NC_053230.1	17831000	17832000
NC_053230.1	17836000	17837000
NC_053230.1	17838000	17839000
NC_053230.1	17844000	17845000
NC_053230.1	17845000	17846000
NC_053230.1	17846000	17847000
NC_053230.1	17847000	17848000
NC_053230.1	17848000	17849000
NC_053230.1	17849000	17850000
NC_053230.1	17850000	17851000
NC_053230.1	17852000	17853000
NC_053230.1	17855000	17856000
NC_053230.1	17856000	17857000
NC_053230.1	17857000	17858000
NC_053230.1	17858000	17859000
NC_053230.1	17859000	17860000
NC_053230.1	17860000	17861000
NC_053230.1	17861000	17862000
NC_053230.1	17862000	17863000
NC_053230.1	17863000	17864000
NC_053230.1	17864000	17865000
NC_053230.1	17865000	17866000
NC_053230.1	17866000	17867000
NC_053230.1	17867000	17868000
NC_053230.1	17868000	17869000
NC_053230.1	17870000	17871000
NC_053230.1	17871000	17872000
NC_053230.1	17873000	17874000
NC_053230.1	17874000	17875000
NC_053230.1	17875000	17876000
NC_053230.1	17876000	17877000
NC_053230.1	17877000	17878000
NC_053230.1	17879000	17880000
NC_053230.1	17881000	17882000
NC_053230.1	17882000	17883000
NC_053230.1	17884000	17885000
NC_053230.1	17885000	17886000
NC_053230.1	17886000	17887000
NC_053230.1	17887000	17888000
NC_053230.1	17888000	17889000
NC_053230.1	17889000	17890000
NC_053230.1	17891000	17892000
NC_053230.1	17892000	17893000
NC_053230.1	17893000	17894000
NC_053230.1	17897000	17898000
NC_053230.1	17899000	17900000
NC_053230.1	17900000	17901000
NC_053230.1	17901000	17902000
NC_053230.1	17902000	17903000
NC_053230.1	17904000	17905000
NC_053230.1	17906000	17907000
NC_053230.1	17908000	17909000
NC_053230.1	17909000	17910000
NC_053230.1	17911000	17912000
NC_053230.1	17912000	17913000
NC_053230.1	17913000	17914000
NC_053230.1	17914000	17915000
NC_053230.1	17915000	17916000
NC_053230.1	17916000	17917000
NC_053230.1	17917000	17918000
NC_053230.1	17918000	17919000
NC_053230.1	17920000	17921000
NC_053230.1	17921000	17922000
NC_053230.1	17922000	17923000
NC_053230.1	17923000	17924000
NC_053230.1	17924000	17925000
NC_053230.1	17925000	17926000
NC_053230.1	17926000	17927000
NC_053230.1	17927000	17928000
NC_053230.1	17928000	17929000
NC_053230.1	17930000	17931000
NC_053230.1	17931000	17932000
NC_053230.1	17932000	17933000
NC_053230.1	17933000	17934000
NC_053230.1	17934000	17935000
NC_053230.1	17936000	17937000
NC_053230.1	17939000	17940000
NC_053230.1	17940000	17941000
NC_053230.1	17941000	17942000
NC_053230.1	17943000	17944000
NC_053230.1	17944000	17945000
NC_053230.1	17946000	17947000
NC_053230.1	17947000	17948000
NC_053230.1	17948000	17949000
NC_053230.1	17949000	17950000
NC_053230.1	17950000	17951000
NC_053230.1	17951000	17952000
NC_053230.1	17952000	17953000
NC_053230.1	17953000	17954000
NC_053230.1	17954000	17955000
NC_053230.1	17955000	17956000
NC_053230.1	17956000	17957000
NC_053230.1	17957000	17958000
NC_053230.1	17958000	17959000
NC_053230.1	17959000	17960000
NC_053230.1	17961000	17962000
NC_053230.1	17962000	17963000
NC_053230.1	17963000	17964000
NC_053230.1	17964000	17965000
NC_053230.1	17966000	17967000
NC_053230.1	17967000	17968000
NC_053230.1	17968000	17969000
NC_053230.1	17969000	17970000
NC_053230.1	17971000	17972000
NC_053230.1	17975000	17976000
NC_053230.1	17983000	17984000
NC_053230.1	17992000	17993000
NC_053230.1	17993000	17994000
NC_053230.1	17994000	17995000
NC_053230.1	17995000	17996000
NC_053230.1	17996000	17997000
NC_053230.1	17997000	17998000
NC_053230.1	18003000	18004000
NC_053230.1	18004000	18005000
NC_053230.1	18005000	18006000
NC_053230.1	18007000	18008000
NC_053230.1	18009000	18010000
NC_053230.1	18010000	18011000
NC_053230.1	18011000	18012000
NC_053230.1	18012000	18013000
NC_053230.1	18013000	18014000
NC_053230.1	18014000	18015000
NC_053230.1	18015000	18016000
NC_053230.1	18016000	18017000
NC_053230.1	18018000	18019000
NC_053230.1	18021000	18022000
NC_053230.1	18022000	18023000
NC_053230.1	18024000	18025000
NC_053230.1	18025000	18026000
NC_053230.1	18027000	18028000
NC_053230.1	18028000	18029000
NC_053230.1	18029000	18030000
NC_053230.1	18030000	18031000
NC_053230.1	18031000	18032000
NC_053230.1	18032000	18033000
NC_053230.1	18033000	18034000
NC_053230.1	18034000	18035000
NC_053230.1	18035000	18036000
NC_053230.1	18036000	18037000
NC_053230.1	18037000	18038000
NC_053230.1	18038000	18039000
NC_053230.1	18039000	18040000
NC_053230.1	18040000	18041000
NC_053230.1	18041000	18042000
NC_053230.1	18042000	18043000
NC_053230.1	18043000	18044000
NC_053230.1	18044000	18045000
NC_053230.1	18053000	18054000
NC_053230.1	18054000	18055000
NC_053230.1	18055000	18056000
NC_053230.1	18056000	18057000
NC_053230.1	18057000	18058000
NC_053230.1	18058000	18059000
NC_053230.1	18059000	18060000
NC_053230.1	18060000	18061000
NC_053230.1	18061000	18062000
NC_053230.1	18062000	18063000
NC_053230.1	18064000	18065000
NC_053230.1	18065000	18066000
NC_053230.1	18066000	18067000
NC_053230.1	18067000	18068000
NC_053230.1	18068000	18069000
NC_053230.1	18069000	18070000
NC_053230.1	18070000	18071000
NC_053230.1	18071000	18072000
NC_053230.1	18072000	18073000
NC_053230.1	18073000	18074000
NC_053230.1	18074000	18075000
NC_053230.1	18076000	18077000
NC_053230.1	18077000	18078000
NC_053230.1	18079000	18080000
NC_053230.1	18080000	18081000
NC_053230.1	18081000	18082000
NC_053230.1	18082000	18083000
NC_053230.1	18083000	18084000
NC_053230.1	18084000	18085000
NC_053230.1	18085000	18086000
NC_053230.1	18086000	18087000
NC_053230.1	18087000	18088000
NC_053230.1	18088000	18089000
NC_053230.1	18089000	18090000
NC_053230.1	18091000	18092000
NC_053230.1	18092000	18093000
NC_053230.1	18093000	18094000
NC_053230.1	18094000	18095000
NC_053230.1	18095000	18096000
NC_053230.1	18097000	18098000
NC_053230.1	18101000	18102000
NC_053230.1	18102000	18103000
NC_053230.1	18103000	18104000
NC_053230.1	18104000	18105000
NC_053230.1	18105000	18106000
NC_053230.1	18106000	18107000
NC_053230.1	18107000	18108000
NC_053230.1	18108000	18109000
NC_053230.1	18111000	18112000
NC_053230.1	18112000	18113000
NC_053230.1	18114000	18115000
NC_053230.1	18115000	18116000
NC_053230.1	18116000	18117000
NC_053230.1	18123000	18124000
NC_053230.1	18124000	18125000
NC_053230.1	18125000	18126000
NC_053230.1	18126000	18127000
NC_053230.1	18127000	18128000
NC_053230.1	18129000	18130000
NC_053230.1	18130000	18131000
NC_053230.1	18131000	18132000
NC_053230.1	18133000	18134000
NC_053230.1	18134000	18135000
NC_053230.1	18135000	18136000
NC_053230.1	18136000	18137000
NC_053230.1	18137000	18138000
NC_053230.1	18138000	18139000
NC_053230.1	18141000	18142000
NC_053230.1	18144000	18145000
NC_053230.1	18148000	18149000
NC_053230.1	18149000	18150000
NC_053230.1	18150000	18151000
NC_053230.1	18151000	18152000
NC_053230.1	18152000	18153000
NC_053230.1	18153000	18154000
NC_053230.1	18154000	18155000
NC_053230.1	18155000	18156000
NC_053230.1	18158000	18159000
NC_053230.1	18159000	18160000
NC_053230.1	18163000	18164000
NC_053230.1	18165000	18166000
NC_053230.1	18166000	18167000
NC_053230.1	18168000	18169000
NC_053230.1	18170000	18171000
NC_053230.1	18171000	18172000
NC_053230.1	18176000	18177000
NC_053230.1	18177000	18178000
NC_053230.1	18178000	18179000
NC_053230.1	18179000	18180000
NC_053230.1	18183000	18184000
NC_053230.1	18185000	18186000
NC_053230.1	18186000	18187000
NC_053230.1	18187000	18188000
NC_053230.1	18188000	18189000
NC_053230.1	18190000	18191000
NC_053230.1	18191000	18192000
NC_053230.1	18192000	18193000
NC_053230.1	18195000	18196000
NC_053230.1	18196000	18197000
NC_053230.1	18197000	18198000
NC_053230.1	18198000	18199000
NC_053230.1	18199000	18200000
NC_053230.1	18203000	18204000
NC_053230.1	18204000	18205000
NC_053230.1	18207000	18208000
NC_053230.1	18208000	18209000
NC_053230.1	18210000	18211000
NC_053230.1	18211000	18212000
NC_053230.1	18216000	18217000
NC_053230.1	18217000	18218000
NC_053230.1	18225000	18226000
NC_053230.1	18232000	18233000
NC_053230.1	18233000	18234000
NC_053230.1	18236000	18237000
NC_053230.1	18237000	18238000
NC_053230.1	18238000	18239000
NC_053230.1	18239000	18240000
NC_053230.1	18243000	18244000
NC_053230.1	18244000	18245000
NC_053230.1	18245000	18246000
NC_053230.1	18246000	18247000
NC_053230.1	18254000	18255000
NC_053230.1	18257000	18258000
NC_053230.1	18258000	18259000
NC_053230.1	18259000	18260000
NC_053230.1	18260000	18261000
NC_053230.1	18261000	18262000
NC_053230.1	18262000	18263000
NC_053230.1	18263000	18264000
NC_053230.1	18264000	18265000
NC_053230.1	18265000	18266000
NC_053230.1	18269000	18270000
NC_053230.1	18270000	18271000
NC_053230.1	18271000	18272000
NC_053230.1	18272000	18273000
NC_053230.1	18273000	18274000
NC_053230.1	18274000	18275000
NC_053230.1	18275000	18276000
NC_053230.1	18276000	18277000
NC_053230.1	18278000	18279000
NC_053230.1	18279000	18280000
NC_053230.1	18280000	18281000
NC_053230.1	18282000	18283000
NC_053230.1	18283000	18284000
NC_053230.1	18284000	18285000
NC_053230.1	18286000	18287000
NC_053230.1	18287000	18288000
NC_053230.1	18288000	18289000
NC_053230.1	18289000	18290000
NC_053230.1	18290000	18291000
NC_053230.1	18291000	18292000
NC_053230.1	18292000	18293000
NC_053230.1	18293000	18294000
NC_053230.1	18294000	18295000
NC_053230.1	18295000	18296000
NC_053230.1	18296000	18297000
NC_053230.1	18297000	18298000
NC_053230.1	18298000	18299000
NC_053230.1	18299000	18300000
NC_053230.1	18303000	18304000
NC_053230.1	18317000	18318000
NC_053230.1	18318000	18319000
NC_053230.1	18321000	18322000
NC_053230.1	18322000	18323000
NC_053230.1	18323000	18324000
NC_053230.1	18326000	18327000
NC_053230.1	18327000	18328000
NC_053230.1	18329000	18330000
NC_053230.1	18331000	18332000
NC_053230.1	18332000	18333000
NC_053230.1	18334000	18335000
NC_053230.1	18344000	18345000
NC_053230.1	18350000	18351000
NC_053230.1	18351000	18352000
NC_053230.1	18355000	18356000
NC_053230.1	18358000	18359000
NC_053230.1	18360000	18361000
NC_053230.1	18361000	18362000
NC_053230.1	18362000	18363000
NC_053230.1	18365000	18366000
NC_053230.1	18390000	18391000
NC_053230.1	18391000	18392000
NC_053230.1	18392000	18393000
NC_053230.1	18393000	18394000
NC_053230.1	18394000	18395000
NC_053230.1	18395000	18396000
NC_053230.1	18396000	18397000
NC_053230.1	18397000	18398000
NC_053230.1	18398000	18399000
NC_053230.1	18399000	18400000
NC_053230.1	18400000	18401000
NC_053230.1	18403000	18404000
NC_053230.1	18404000	18405000
NC_053230.1	18405000	18406000
NC_053230.1	18406000	18407000
NC_053230.1	18407000	18408000
NC_053230.1	18408000	18409000
NC_053230.1	18409000	18410000
NC_053230.1	18410000	18411000
NC_053230.1	18411000	18412000
NC_053230.1	18412000	18413000
NC_053230.1	18414000	18415000
NC_053230.1	18415000	18416000
NC_053230.1	18416000	18417000
NC_053230.1	18417000	18418000
NC_053230.1	18418000	18419000
NC_053230.1	18419000	18420000
NC_053230.1	18421000	18422000
NC_053230.1	18422000	18423000
NC_053230.1	18423000	18424000
NC_053230.1	18424000	18425000
NC_053230.1	18425000	18426000
NC_053230.1	18426000	18427000
NC_053230.1	18427000	18428000
NC_053230.1	18428000	18429000
NC_053230.1	18429000	18430000
NC_053230.1	18430000	18431000
NC_053230.1	18431000	18432000
NC_053230.1	18433000	18434000
NC_053230.1	18434000	18435000
NC_053230.1	18435000	18436000
NC_053230.1	18436000	18437000
NC_053230.1	18437000	18438000
NC_053230.1	18438000	18439000
NC_053230.1	18439000	18440000
NC_053230.1	18440000	18441000
NC_053230.1	18441000	18442000
NC_053230.1	18442000	18443000
NC_053230.1	18443000	18444000
NC_053230.1	18444000	18445000
NC_053230.1	18445000	18446000
NC_053230.1	18446000	18447000
NC_053230.1	18447000	18448000
NC_053230.1	18449000	18450000
NC_053230.1	18450000	18451000
NC_053230.1	18451000	18452000
NC_053230.1	18452000	18453000
NC_053230.1	18455000	18456000
NC_053230.1	18459000	18460000
NC_053230.1	18460000	18461000
NC_053230.1	18461000	18462000
NC_053230.1	18463000	18464000
NC_053230.1	18466000	18467000
NC_053230.1	18467000	18468000
NC_053230.1	18468000	18469000
NC_053230.1	18469000	18470000
NC_053230.1	18470000	18471000
NC_053230.1	18471000	18472000
NC_053230.1	18474000	18475000
NC_053230.1	18475000	18476000
NC_053230.1	18477000	18478000
NC_053230.1	18478000	18479000
NC_053230.1	18480000	18481000
NC_053230.1	18481000	18482000
NC_053230.1	18483000	18484000
NC_053230.1	18485000	18486000
NC_053230.1	18486000	18487000
NC_053230.1	18488000	18489000
NC_053230.1	18489000	18490000
NC_053230.1	18490000	18491000
NC_053230.1	18491000	18492000
NC_053230.1	18492000	18493000
NC_053230.1	18495000	18496000
NC_053230.1	18501000	18502000
NC_053230.1	18502000	18503000
NC_053230.1	18504000	18505000
NC_053230.1	18505000	18506000
NC_053230.1	18507000	18508000
NC_053230.1	18509000	18510000
NC_053230.1	18510000	18511000
NC_053230.1	18511000	18512000
NC_053230.1	18512000	18513000
NC_053230.1	18513000	18514000
NC_053230.1	18518000	18519000
NC_053230.1	18519000	18520000
NC_053230.1	18520000	18521000
NC_053230.1	18521000	18522000
NC_053230.1	18522000	18523000
NC_053230.1	18523000	18524000
NC_053230.1	18524000	18525000
NC_053230.1	18527000	18528000
NC_053230.1	18528000	18529000
NC_053230.1	18529000	18530000
NC_053230.1	18532000	18533000
NC_053230.1	18533000	18534000
NC_053230.1	18535000	18536000
NC_053230.1	18537000	18538000
NC_053230.1	18538000	18539000
NC_053230.1	18539000	18540000
NC_053230.1	18540000	18541000
NC_053230.1	18541000	18542000
NC_053230.1	18542000	18543000
NC_053230.1	18543000	18544000
NC_053230.1	18544000	18545000
NC_053230.1	18545000	18546000
NC_053230.1	18546000	18547000
NC_053230.1	18547000	18548000
NC_053230.1	18549000	18550000
NC_053230.1	18551000	18552000
NC_053230.1	18552000	18553000
NC_053230.1	18553000	18554000
NC_053230.1	18554000	18555000
NC_053230.1	18555000	18556000
NC_053230.1	18556000	18557000
NC_053230.1	18558000	18559000
NC_053230.1	18559000	18560000
NC_053230.1	18561000	18562000
NC_053230.1	18563000	18564000
NC_053230.1	18564000	18565000
NC_053230.1	18567000	18568000
NC_053230.1	18569000	18570000
NC_053230.1	18570000	18571000
NC_053230.1	18571000	18572000
NC_053230.1	18573000	18574000
NC_053230.1	18576000	18577000
NC_053230.1	18579000	18580000
NC_053230.1	18580000	18581000
NC_053230.1	18581000	18582000
NC_053230.1	18582000	18583000
NC_053230.1	18584000	18585000
NC_053230.1	18585000	18586000
NC_053230.1	18586000	18587000
NC_053230.1	18587000	18588000
NC_053230.1	18588000	18589000
NC_053230.1	18590000	18591000
NC_053230.1	18591000	18592000
NC_053230.1	18592000	18593000
NC_053230.1	18593000	18594000
NC_053230.1	18594000	18595000
NC_053230.1	18595000	18596000
NC_053230.1	18600000	18601000
NC_053230.1	18601000	18602000
NC_053230.1	18602000	18603000
NC_053230.1	18603000	18604000
NC_053230.1	18604000	18605000
NC_053230.1	18606000	18607000
NC_053230.1	18607000	18608000
NC_053230.1	18608000	18609000
NC_053230.1	18610000	18611000
NC_053230.1	18616000	18617000
NC_053230.1	18618000	18619000
NC_053230.1	18619000	18620000
NC_053230.1	18620000	18621000
NC_053230.1	18622000	18623000
NC_053230.1	18624000	18625000
NC_053230.1	18625000	18626000
NC_053230.1	18627000	18628000
NC_053230.1	18628000	18629000
NC_053230.1	18629000	18630000
NC_053230.1	18632000	18633000
NC_053230.1	18633000	18634000
NC_053230.1	18634000	18635000
NC_053230.1	18637000	18638000
NC_053230.1	18638000	18639000
NC_053230.1	18640000	18641000
NC_053230.1	18641000	18642000
NC_053230.1	18642000	18643000
NC_053230.1	18644000	18645000
NC_053230.1	18645000	18646000
NC_053230.1	18648000	18649000
NC_053230.1	18649000	18650000
NC_053230.1	18651000	18652000
NC_053230.1	18652000	18653000
NC_053230.1	18654000	18655000
NC_053230.1	18656000	18657000
NC_053230.1	18657000	18658000
NC_053230.1	18658000	18659000
NC_053230.1	18661000	18662000
NC_053230.1	18662000	18663000
NC_053230.1	18664000	18665000
NC_053230.1	18665000	18666000
NC_053230.1	18667000	18668000
NC_053230.1	18668000	18669000
NC_053230.1	18669000	18670000
NC_053230.1	18670000	18671000
NC_053230.1	18671000	18672000
NC_053230.1	18672000	18673000
NC_053230.1	18673000	18674000
NC_053230.1	18674000	18675000
NC_053230.1	18684000	18685000
NC_053230.1	18685000	18686000
NC_053230.1	18686000	18687000
NC_053230.1	18687000	18688000
NC_053230.1	18688000	18689000
NC_053230.1	18690000	18691000
NC_053230.1	18691000	18692000
NC_053230.1	18692000	18693000
NC_053230.1	18693000	18694000
NC_053230.1	18694000	18695000
NC_053230.1	18695000	18696000
NC_053230.1	18696000	18697000
NC_053230.1	18697000	18698000
NC_053230.1	18698000	18699000
NC_053230.1	18702000	18703000
NC_053230.1	18704000	18705000
NC_053230.1	18705000	18706000
NC_053230.1	18706000	18707000
NC_053230.1	18707000	18708000
NC_053230.1	18708000	18709000
NC_053230.1	18709000	18710000
NC_053230.1	18710000	18711000
NC_053230.1	18715000	18716000
NC_053230.1	18717000	18718000
NC_053230.1	18718000	18719000
NC_053230.1	18725000	18726000
NC_053230.1	18727000	18728000
NC_053230.1	18728000	18729000
NC_053230.1	18731000	18732000
NC_053230.1	18733000	18734000
NC_053230.1	18734000	18735000
NC_053230.1	18735000	18736000
NC_053230.1	18737000	18738000
NC_053230.1	18740000	18741000
NC_053230.1	18742000	18743000
NC_053230.1	18743000	18744000
NC_053230.1	18745000	18746000
NC_053230.1	18748000	18749000
NC_053230.1	18750000	18751000
NC_053230.1	18751000	18752000
NC_053230.1	18752000	18753000
NC_053230.1	18754000	18755000
NC_053230.1	18755000	18756000
NC_053230.1	18756000	18757000
NC_053230.1	18758000	18759000
NC_053230.1	18759000	18760000
NC_053230.1	18760000	18761000
NC_053230.1	18761000	18762000
NC_053230.1	18762000	18763000
NC_053230.1	18763000	18764000
NC_053230.1	18764000	18765000
NC_053230.1	18765000	18766000
NC_053230.1	18767000	18768000
NC_053230.1	18768000	18769000
NC_053230.1	18770000	18771000
NC_053230.1	18771000	18772000
NC_053230.1	18772000	18773000
NC_053230.1	18773000	18774000
NC_053230.1	18775000	18776000
NC_053230.1	18776000	18777000
NC_053230.1	18777000	18778000
NC_053230.1	18778000	18779000
NC_053230.1	18779000	18780000
NC_053230.1	18780000	18781000
NC_053230.1	18781000	18782000
NC_053230.1	18782000	18783000
NC_053230.1	18783000	18784000
NC_053230.1	18785000	18786000
NC_053230.1	18786000	18787000
NC_053230.1	18788000	18789000
NC_053230.1	18789000	18790000
NC_053230.1	18792000	18793000
NC_053230.1	18793000	18794000
NC_053230.1	18794000	18795000
NC_053230.1	18795000	18796000
NC_053230.1	18797000	18798000
NC_053230.1	18798000	18799000
NC_053230.1	18799000	18800000
NC_053230.1	18801000	18802000
NC_053230.1	18802000	18803000
NC_053230.1	18806000	18807000
NC_053230.1	18807000	18808000
NC_053230.1	18808000	18809000
NC_053230.1	18809000	18810000
NC_053230.1	18811000	18812000
NC_053230.1	18812000	18813000
NC_053230.1	18813000	18814000
NC_053230.1	18814000	18815000
NC_053230.1	18815000	18816000
NC_053230.1	18816000	18817000
NC_053230.1	18817000	18818000
NC_053230.1	18818000	18819000
NC_053230.1	18820000	18821000
NC_053230.1	18822000	18823000
NC_053230.1	18823000	18824000
NC_053230.1	18826000	18827000
NC_053230.1	18827000	18828000
NC_053230.1	18828000	18829000
NC_053230.1	18829000	18830000
NC_053230.1	18831000	18832000
NC_053230.1	18832000	18833000
NC_053230.1	18836000	18837000
NC_053230.1	18838000	18839000
NC_053230.1	18839000	18840000
NC_053230.1	18841000	18842000
NC_053230.1	18842000	18843000
NC_053230.1	18845000	18846000
NC_053230.1	18848000	18849000
NC_053230.1	18850000	18851000
NC_053230.1	18851000	18852000
NC_053230.1	18855000	18856000
NC_053230.1	18856000	18857000
NC_053230.1	18857000	18858000
NC_053230.1	18858000	18859000
NC_053230.1	18863000	18864000
NC_053230.1	18864000	18865000
NC_053230.1	18865000	18866000
NC_053230.1	18866000	18867000
NC_053230.1	18872000	18873000
NC_053230.1	18873000	18874000
NC_053230.1	18874000	18875000
NC_053230.1	18875000	18876000
NC_053230.1	18876000	18877000
NC_053230.1	18878000	18879000
NC_053230.1	18879000	18880000
NC_053230.1	18880000	18881000
NC_053230.1	18881000	18882000
NC_053230.1	18882000	18883000
NC_053230.1	18883000	18884000
NC_053230.1	18887000	18888000
NC_053230.1	18888000	18889000
NC_053230.1	18889000	18890000
NC_053230.1	18890000	18891000
NC_053230.1	18893000	18894000
NC_053230.1	18901000	18902000
NC_053230.1	18905000	18906000
NC_053230.1	18907000	18908000
NC_053230.1	18908000	18909000
NC_053230.1	18909000	18910000
NC_053230.1	18912000	18913000
NC_053230.1	18913000	18914000
NC_053230.1	18914000	18915000
NC_053230.1	18919000	18920000
NC_053230.1	18920000	18921000
NC_053230.1	18921000	18922000
NC_053230.1	18924000	18925000
NC_053230.1	18925000	18926000
NC_053230.1	18927000	18928000
NC_053230.1	18928000	18929000
NC_053230.1	18929000	18930000
NC_053230.1	18930000	18931000
NC_053230.1	18932000	18933000
NC_053230.1	18933000	18934000
NC_053230.1	18934000	18935000
NC_053230.1	18935000	18936000
NC_053230.1	18936000	18937000
NC_053230.1	18937000	18938000
NC_053230.1	18939000	18940000
NC_053230.1	18940000	18941000
NC_053230.1	18943000	18944000
NC_053230.1	18944000	18945000
NC_053230.1	18945000	18946000
NC_053230.1	18946000	18947000
NC_053230.1	18947000	18948000
NC_053230.1	18948000	18949000
NC_053230.1	18952000	18953000
NC_053230.1	18953000	18954000
NC_053230.1	18954000	18955000
NC_053230.1	18955000	18956000
NC_053230.1	18956000	18957000
NC_053230.1	18957000	18958000
NC_053230.1	18958000	18959000
NC_053230.1	18959000	18960000
NC_053230.1	18961000	18962000
NC_053230.1	18962000	18963000
NC_053230.1	18963000	18964000
NC_053230.1	18964000	18965000
NC_053230.1	18965000	18966000
NC_053230.1	18966000	18967000
NC_053230.1	18967000	18968000
NC_053230.1	18968000	18969000
NC_053230.1	18969000	18970000
NC_053230.1	18970000	18971000
NC_053230.1	18971000	18972000
NC_053230.1	18972000	18973000
NC_053230.1	18976000	18977000
NC_053230.1	18977000	18978000
NC_053230.1	18978000	18979000
NC_053230.1	18979000	18980000
NC_053230.1	18980000	18981000
NC_053230.1	18981000	18982000
NC_053230.1	18983000	18984000
NC_053230.1	18984000	18985000
NC_053230.1	18985000	18986000
NC_053230.1	18986000	18987000
NC_053230.1	18987000	18988000
NC_053230.1	18989000	18990000
NC_053230.1	18991000	18992000
NC_053230.1	18992000	18993000
NC_053230.1	18993000	18994000
NC_053230.1	18995000	18996000
NC_053230.1	18998000	18999000
NC_053230.1	18999000	19000000
NC_053230.1	19001000	19002000
NC_053230.1	19002000	19003000
NC_053230.1	19003000	19004000
NC_053230.1	19005000	19006000
NC_053230.1	19006000	19007000
NC_053230.1	19007000	19008000
NC_053230.1	19009000	19010000
NC_053230.1	19010000	19011000
NC_053230.1	19011000	19012000
NC_053230.1	19013000	19014000
NC_053230.1	19015000	19016000
NC_053230.1	19017000	19018000
NC_053230.1	19020000	19021000
NC_053230.1	19023000	19024000
NC_053230.1	19024000	19025000
NC_053230.1	19026000	19027000
NC_053230.1	19027000	19028000
NC_053230.1	19030000	19031000
NC_053230.1	19033000	19034000
NC_053230.1	19034000	19035000
NC_053230.1	19036000	19037000
NC_053230.1	19039000	19040000
NC_053230.1	19040000	19041000
NC_053230.1	19041000	19042000
NC_053230.1	19043000	19044000
NC_053230.1	19044000	19045000
NC_053230.1	19045000	19046000
NC_053230.1	19049000	19050000
NC_053230.1	19050000	19051000
NC_053230.1	19051000	19052000
NC_053230.1	19052000	19053000
NC_053230.1	19053000	19054000
NC_053230.1	19054000	19055000
NC_053230.1	19055000	19056000
NC_053230.1	19056000	19057000
NC_053230.1	19057000	19058000
NC_053230.1	19058000	19059000
NC_053230.1	19059000	19060000
NC_053230.1	19060000	19061000
NC_053230.1	19061000	19062000
NC_053230.1	19063000	19064000
NC_053230.1	19064000	19065000
NC_053230.1	19065000	19066000
NC_053230.1	19066000	19067000
NC_053230.1	19067000	19068000
NC_053230.1	19068000	19069000
NC_053230.1	19071000	19072000
NC_053230.1	19072000	19073000
NC_053230.1	19073000	19074000
NC_053230.1	19074000	19075000
NC_053230.1	19075000	19076000
NC_053230.1	19076000	19077000
NC_053230.1	19077000	19078000
NC_053230.1	19078000	19079000
NC_053230.1	19079000	19080000
NC_053230.1	19080000	19081000
NC_053230.1	19083000	19084000
NC_053230.1	19084000	19085000
NC_053230.1	19085000	19086000
NC_053230.1	19086000	19087000
NC_053230.1	19087000	19088000
NC_053230.1	19089000	19090000
NC_053230.1	19090000	19091000
NC_053230.1	19091000	19092000
NC_053230.1	19092000	19093000
NC_053230.1	19093000	19094000
NC_053230.1	19094000	19095000
NC_053230.1	19095000	19096000
NC_053230.1	19096000	19097000
NC_053230.1	19097000	19098000
NC_053230.1	19100000	19101000
NC_053230.1	19101000	19102000
NC_053230.1	19102000	19103000
NC_053230.1	19104000	19105000
NC_053230.1	19105000	19106000
NC_053230.1	19106000	19107000
NC_053230.1	19107000	19108000
NC_053230.1	19108000	19109000
NC_053230.1	19110000	19111000
NC_053230.1	19113000	19114000
NC_053230.1	19115000	19116000
NC_053230.1	19116000	19117000
NC_053230.1	19117000	19118000
NC_053230.1	19118000	19119000
NC_053230.1	19119000	19120000
NC_053230.1	19121000	19122000
NC_053230.1	19123000	19124000
NC_053230.1	19124000	19125000
NC_053230.1	19125000	19126000
NC_053230.1	19126000	19127000
NC_053230.1	19127000	19128000
NC_053230.1	19128000	19129000
NC_053230.1	19130000	19131000
NC_053230.1	19132000	19133000
NC_053230.1	19134000	19135000
NC_053230.1	19135000	19136000
NC_053230.1	19137000	19138000
NC_053230.1	19139000	19140000
NC_053230.1	19140000	19141000
NC_053230.1	19142000	19143000
NC_053230.1	19144000	19145000
NC_053230.1	19146000	19147000
NC_053230.1	19147000	19148000
NC_053230.1	19149000	19150000
NC_053230.1	19150000	19151000
NC_053230.1	19151000	19152000
NC_053230.1	19152000	19153000
NC_053230.1	19153000	19154000
NC_053230.1	19154000	19155000
NC_053230.1	19155000	19156000
NC_053230.1	19156000	19157000
NC_053230.1	19157000	19158000
NC_053230.1	19158000	19159000
NC_053230.1	19159000	19160000
NC_053230.1	19160000	19161000
NC_053230.1	19161000	19162000
NC_053230.1	19162000	19163000
NC_053230.1	19164000	19165000
NC_053230.1	19165000	19166000
NC_053230.1	19166000	19167000
NC_053230.1	19170000	19171000
NC_053230.1	19171000	19172000
NC_053230.1	19172000	19173000
NC_053230.1	19173000	19174000
NC_053230.1	19174000	19175000
NC_053230.1	19176000	19177000
NC_053230.1	19177000	19178000
NC_053230.1	19178000	19179000
NC_053230.1	19181000	19182000
NC_053230.1	19183000	19184000
NC_053230.1	19184000	19185000
NC_053230.1	19185000	19186000
NC_053230.1	19187000	19188000
NC_053230.1	19189000	19190000
NC_053230.1	19190000	19191000
NC_053230.1	19191000	19192000
NC_053230.1	19192000	19193000
NC_053230.1	19193000	19194000
NC_053230.1	19194000	19195000
NC_053230.1	19195000	19196000
NC_053230.1	19196000	19197000
NC_053230.1	19197000	19198000
NC_053230.1	19201000	19202000
NC_053230.1	19203000	19204000
NC_053230.1	19204000	19205000
NC_053230.1	19205000	19206000
NC_053230.1	19206000	19207000
NC_053230.1	19209000	19210000
NC_053230.1	19210000	19211000
NC_053230.1	19211000	19212000
NC_053230.1	19213000	19214000
NC_053230.1	19217000	19218000
NC_053230.1	19219000	19220000
NC_053230.1	19222000	19223000
NC_053230.1	19223000	19224000
NC_053230.1	19224000	19225000
NC_053230.1	19225000	19226000
NC_053230.1	19227000	19228000
NC_053230.1	19230000	19231000
NC_053230.1	19231000	19232000
NC_053230.1	19233000	19234000
NC_053230.1	19234000	19235000
NC_053230.1	19235000	19236000
NC_053230.1	19238000	19239000
NC_053230.1	19239000	19240000
NC_053230.1	19240000	19241000
NC_053230.1	19241000	19242000
NC_053230.1	19245000	19246000
NC_053230.1	19246000	19247000
NC_053230.1	19248000	19249000
NC_053230.1	19250000	19251000
NC_053230.1	19253000	19254000
NC_053230.1	19254000	19255000
NC_053230.1	19255000	19256000
NC_053230.1	19256000	19257000
NC_053230.1	19257000	19258000
NC_053230.1	19258000	19259000
NC_053230.1	19259000	19260000
NC_053230.1	19261000	19262000
NC_053230.1	19262000	19263000
NC_053230.1	19263000	19264000
NC_053230.1	19264000	19265000
NC_053230.1	19265000	19266000
NC_053230.1	19266000	19267000
NC_053230.1	19267000	19268000
NC_053230.1	19268000	19269000
NC_053230.1	19269000	19270000
NC_053230.1	19270000	19271000
NC_053230.1	19272000	19273000
NC_053230.1	19273000	19274000
NC_053230.1	19274000	19275000
NC_053230.1	19275000	19276000
NC_053230.1	19276000	19277000
NC_053230.1	19277000	19278000
NC_053230.1	19278000	19279000
NC_053230.1	19280000	19281000
NC_053230.1	19282000	19283000
NC_053230.1	19284000	19285000
NC_053230.1	19285000	19286000
NC_053230.1	19286000	19287000
NC_053230.1	19289000	19290000
NC_053230.1	19290000	19291000
NC_053230.1	19291000	19292000
NC_053230.1	19293000	19294000
NC_053230.1	19295000	19296000
NC_053230.1	19296000	19297000
NC_053230.1	19297000	19298000
NC_053230.1	19298000	19299000
NC_053230.1	19300000	19301000
NC_053230.1	19301000	19302000
NC_053230.1	19302000	19303000
NC_053230.1	19303000	19304000
NC_053230.1	19304000	19305000
NC_053230.1	19305000	19306000
NC_053230.1	19306000	19307000
NC_053230.1	19307000	19308000
NC_053230.1	19308000	19309000
NC_053230.1	19309000	19310000
NC_053230.1	19310000	19311000
NC_053230.1	19311000	19312000
NC_053230.1	19312000	19313000
NC_053230.1	19313000	19314000
NC_053230.1	19314000	19315000
NC_053230.1	19315000	19316000
NC_053230.1	19316000	19317000
NC_053230.1	19318000	19319000
NC_053230.1	19321000	19322000
NC_053230.1	19322000	19323000
NC_053230.1	19323000	19324000
NC_053230.1	19325000	19326000
NC_053230.1	19326000	19327000
NC_053230.1	19327000	19328000
NC_053230.1	19328000	19329000
NC_053230.1	19329000	19330000
NC_053230.1	19330000	19331000
NC_053230.1	19332000	19333000
NC_053230.1	19333000	19334000
NC_053230.1	19334000	19335000
NC_053230.1	19335000	19336000
NC_053230.1	19337000	19338000
NC_053230.1	19338000	19339000
NC_053230.1	19341000	19342000
NC_053230.1	19342000	19343000
NC_053230.1	19343000	19344000
NC_053230.1	19344000	19345000
NC_053230.1	19345000	19346000
NC_053230.1	19346000	19347000
NC_053230.1	19347000	19348000
NC_053230.1	19348000	19349000
NC_053230.1	19349000	19350000
NC_053230.1	19350000	19351000
NC_053230.1	19351000	19352000
NC_053230.1	19352000	19353000
NC_053230.1	19356000	19357000
NC_053230.1	19361000	19362000
NC_053230.1	19362000	19363000
NC_053230.1	19363000	19364000
NC_053230.1	19364000	19365000
NC_053230.1	19365000	19366000
NC_053230.1	19366000	19367000
NC_053230.1	19367000	19368000
NC_053230.1	19372000	19373000
NC_053230.1	19373000	19374000
NC_053230.1	19374000	19375000
NC_053230.1	19391000	19392000
NC_053230.1	19392000	19393000
NC_053230.1	19393000	19394000
NC_053230.1	19394000	19395000
NC_053230.1	19396000	19397000
NC_053230.1	19397000	19398000
NC_053230.1	19398000	19399000
NC_053230.1	19399000	19400000
NC_053230.1	19401000	19402000
NC_053230.1	19402000	19403000
NC_053230.1	19404000	19405000
NC_053230.1	19408000	19409000
NC_053230.1	19410000	19411000
NC_053230.1	19415000	19416000
NC_053230.1	19417000	19418000
NC_053230.1	19418000	19419000
NC_053230.1	19419000	19420000
NC_053230.1	19420000	19421000
NC_053230.1	19421000	19422000
NC_053230.1	19422000	19423000
NC_053230.1	19424000	19425000
NC_053230.1	19425000	19426000
NC_053230.1	19426000	19427000
NC_053230.1	19429000	19430000
NC_053230.1	19430000	19431000
NC_053230.1	19431000	19432000
NC_053230.1	19432000	19433000
NC_053230.1	19433000	19434000
NC_053230.1	19434000	19435000
NC_053230.1	19437000	19438000
NC_053230.1	19440000	19441000
NC_053230.1	19441000	19442000
NC_053230.1	19442000	19443000
NC_053230.1	19447000	19448000
NC_053230.1	19448000	19449000
NC_053230.1	19449000	19450000
NC_053230.1	19451000	19452000
NC_053230.1	19452000	19453000
NC_053230.1	19454000	19455000
NC_053230.1	19455000	19456000
NC_053230.1	19456000	19457000
NC_053230.1	19457000	19458000
NC_053230.1	19458000	19459000
NC_053230.1	19459000	19460000
NC_053230.1	19461000	19462000
NC_053230.1	19463000	19464000
NC_053230.1	19466000	19467000
NC_053230.1	19468000	19469000
NC_053230.1	19469000	19470000
NC_053230.1	19470000	19471000
NC_053230.1	19471000	19472000
NC_053230.1	19472000	19473000
NC_053230.1	19473000	19474000
NC_053230.1	19474000	19475000
NC_053230.1	19475000	19476000
NC_053230.1	19477000	19478000
NC_053230.1	19478000	19479000
NC_053230.1	19479000	19480000
NC_053230.1	19480000	19481000
NC_053230.1	19482000	19483000
NC_053230.1	19483000	19484000
NC_053230.1	19485000	19486000
NC_053230.1	19486000	19487000
NC_053230.1	19488000	19489000
NC_053230.1	19489000	19490000
NC_053230.1	19490000	19491000
NC_053230.1	19491000	19492000
NC_053230.1	19492000	19493000
NC_053230.1	19493000	19494000
NC_053230.1	19494000	19495000
NC_053230.1	19495000	19496000
NC_053230.1	19497000	19498000
NC_053230.1	19498000	19499000
NC_053230.1	19499000	19500000
NC_053230.1	19500000	19501000
NC_053230.1	19502000	19503000
NC_053230.1	19503000	19504000
NC_053230.1	19504000	19505000
NC_053230.1	19505000	19506000
NC_053230.1	19508000	19509000
NC_053230.1	19510000	19511000
NC_053230.1	19511000	19512000
NC_053230.1	19512000	19513000
NC_053230.1	19513000	19514000
NC_053230.1	19514000	19515000
NC_053230.1	19515000	19516000
NC_053230.1	19516000	19517000
NC_053230.1	19517000	19518000
NC_053230.1	19519000	19520000
NC_053230.1	19520000	19521000
NC_053230.1	19521000	19522000
NC_053230.1	19522000	19523000
NC_053230.1	19524000	19525000
NC_053230.1	19527000	19528000
NC_053230.1	19528000	19529000
NC_053230.1	19529000	19530000
NC_053230.1	19530000	19531000
NC_053230.1	19532000	19533000
NC_053230.1	19536000	19537000
NC_053230.1	19537000	19538000
NC_053230.1	19538000	19539000
NC_053230.1	19542000	19543000
NC_053230.1	19543000	19544000
NC_053230.1	19544000	19545000
NC_053230.1	19545000	19546000
NC_053230.1	19546000	19547000
NC_053230.1	19547000	19548000
NC_053230.1	19549000	19550000
NC_053230.1	19552000	19553000
NC_053230.1	19553000	19554000
NC_053230.1	19554000	19555000
NC_053230.1	19555000	19556000
NC_053230.1	19556000	19557000
NC_053230.1	19560000	19561000
NC_053230.1	19561000	19562000
NC_053230.1	19563000	19564000
NC_053230.1	19564000	19565000
NC_053230.1	19565000	19566000
NC_053230.1	19566000	19567000
NC_053230.1	19568000	19569000
NC_053230.1	19569000	19570000
NC_053230.1	19570000	19571000
NC_053230.1	19572000	19573000
NC_053230.1	19579000	19580000
NC_053230.1	19580000	19581000
NC_053230.1	19583000	19584000
NC_053230.1	19584000	19585000
NC_053230.1	19585000	19586000
NC_053230.1	19587000	19588000
NC_053230.1	19588000	19589000
NC_053230.1	19589000	19590000
NC_053230.1	19590000	19591000
NC_053230.1	19591000	19592000
NC_053230.1	19592000	19593000
NC_053230.1	19595000	19596000
NC_053230.1	19596000	19597000
NC_053230.1	19597000	19598000
NC_053230.1	19598000	19599000
NC_053230.1	19599000	19600000
NC_053230.1	19600000	19601000
NC_053230.1	19602000	19603000
NC_053230.1	19603000	19604000
NC_053230.1	19604000	19605000
NC_053230.1	19605000	19606000
NC_053230.1	19606000	19607000
NC_053230.1	19607000	19608000
NC_053230.1	19608000	19609000
NC_053230.1	19609000	19610000
NC_053230.1	19611000	19612000
NC_053230.1	19612000	19613000
NC_053230.1	19614000	19615000
NC_053230.1	19619000	19620000
NC_053230.1	19620000	19621000
NC_053230.1	19621000	19622000
NC_053230.1	19622000	19623000
NC_053230.1	19624000	19625000
NC_053230.1	19625000	19626000
NC_053230.1	19626000	19627000
NC_053230.1	19628000	19629000
NC_053230.1	19629000	19630000
NC_053230.1	19632000	19633000
NC_053230.1	19633000	19634000
NC_053230.1	19634000	19635000
NC_053230.1	19635000	19636000
NC_053230.1	19636000	19637000
NC_053230.1	19637000	19638000
NC_053230.1	19638000	19639000
NC_053230.1	19639000	19640000
NC_053230.1	19640000	19641000
NC_053230.1	19641000	19642000
NC_053230.1	19644000	19645000
NC_053230.1	19645000	19646000
NC_053230.1	19646000	19647000
NC_053230.1	19649000	19650000
NC_053230.1	19651000	19652000
NC_053230.1	19652000	19653000
NC_053230.1	19654000	19655000
NC_053230.1	19655000	19656000
NC_053230.1	19658000	19659000
NC_053230.1	19660000	19661000
NC_053230.1	19665000	19666000
NC_053230.1	19666000	19667000
NC_053230.1	19667000	19668000
NC_053230.1	19669000	19670000
NC_053230.1	19670000	19671000
NC_053230.1	19671000	19672000
NC_053230.1	19676000	19677000
NC_053230.1	19678000	19679000
NC_053230.1	19680000	19681000
NC_053230.1	19683000	19684000
NC_053230.1	19684000	19685000
NC_053230.1	19685000	19686000
NC_053230.1	19686000	19687000
NC_053230.1	19687000	19688000
NC_053230.1	19688000	19689000
NC_053230.1	19693000	19694000
NC_053230.1	19694000	19695000
NC_053230.1	19695000	19696000
NC_053230.1	19698000	19699000
NC_053230.1	19701000	19702000
NC_053230.1	19703000	19704000
NC_053230.1	19707000	19708000
NC_053230.1	19708000	19709000
NC_053230.1	19710000	19711000
NC_053230.1	19711000	19712000
NC_053230.1	19713000	19714000
NC_053230.1	19714000	19715000
NC_053230.1	19715000	19716000
NC_053230.1	19717000	19718000
NC_053230.1	19718000	19719000
NC_053230.1	19719000	19720000
NC_053230.1	19721000	19722000
NC_053230.1	19722000	19723000
NC_053230.1	19723000	19724000
NC_053230.1	19724000	19725000
NC_053230.1	19725000	19726000
NC_053230.1	19726000	19727000
NC_053230.1	19727000	19728000
NC_053230.1	19729000	19730000
NC_053230.1	19732000	19733000
NC_053230.1	19734000	19735000
NC_053230.1	19736000	19737000
NC_053230.1	19737000	19738000
NC_053230.1	19738000	19739000
NC_053230.1	19739000	19740000
NC_053230.1	19740000	19741000
NC_053230.1	19741000	19742000
NC_053230.1	19742000	19743000
NC_053230.1	19743000	19744000
NC_053230.1	19745000	19746000
NC_053230.1	19748000	19749000
NC_053230.1	19750000	19751000
NC_053230.1	19751000	19752000
NC_053230.1	19753000	19754000
NC_053230.1	19754000	19755000
NC_053230.1	19755000	19756000
NC_053230.1	19758000	19759000
NC_053230.1	19759000	19760000
NC_053230.1	19760000	19761000
NC_053230.1	19763000	19764000
NC_053230.1	19765000	19766000
NC_053230.1	19767000	19768000
NC_053230.1	19768000	19769000
NC_053230.1	19771000	19772000
NC_053230.1	19772000	19773000
NC_053230.1	19773000	19774000
NC_053230.1	19774000	19775000
NC_053230.1	19775000	19776000
NC_053230.1	19776000	19777000
NC_053230.1	19778000	19779000
NC_053230.1	19779000	19780000
NC_053230.1	19781000	19782000
NC_053230.1	19782000	19783000
NC_053230.1	19783000	19784000
NC_053230.1	19784000	19785000
NC_053230.1	19785000	19786000
NC_053230.1	19786000	19787000
NC_053230.1	19787000	19788000
NC_053230.1	19788000	19789000
NC_053230.1	19792000	19793000
NC_053230.1	19793000	19794000
NC_053230.1	19795000	19796000
NC_053230.1	19797000	19798000
NC_053230.1	19798000	19799000
NC_053230.1	19799000	19800000
NC_053230.1	19800000	19801000
NC_053230.1	19801000	19802000
NC_053230.1	19802000	19803000
NC_053230.1	19804000	19805000
NC_053230.1	19807000	19808000
NC_053230.1	19808000	19809000
NC_053230.1	19811000	19812000
NC_053230.1	19815000	19816000
NC_053230.1	19816000	19817000
NC_053230.1	19821000	19822000
NC_053230.1	19825000	19826000
NC_053230.1	19826000	19827000
NC_053230.1	19829000	19830000
NC_053230.1	19830000	19831000
NC_053230.1	19831000	19832000
NC_053230.1	19832000	19833000
NC_053230.1	19835000	19836000
NC_053230.1	19836000	19837000
NC_053230.1	19837000	19838000
NC_053230.1	19838000	19839000
NC_053230.1	19839000	19840000
NC_053230.1	19841000	19842000
NC_053230.1	19842000	19843000
NC_053230.1	19843000	19844000
NC_053230.1	19845000	19846000
NC_053230.1	19846000	19847000
NC_053230.1	19847000	19848000
NC_053230.1	19848000	19849000
NC_053230.1	19849000	19850000
NC_053230.1	19850000	19851000
NC_053230.1	19855000	19856000
NC_053230.1	19856000	19857000
NC_053230.1	19857000	19858000
NC_053230.1	19858000	19859000
NC_053230.1	19859000	19860000
NC_053230.1	19860000	19861000
NC_053230.1	19861000	19862000
NC_053230.1	19862000	19863000
NC_053230.1	19863000	19864000
NC_053230.1	19864000	19865000
NC_053230.1	19865000	19866000
NC_053230.1	19866000	19867000
NC_053230.1	19868000	19869000
NC_053230.1	19869000	19870000
NC_053230.1	19870000	19871000
NC_053230.1	19871000	19872000
NC_053230.1	19876000	19877000
NC_053230.1	19877000	19878000
NC_053230.1	19878000	19879000
NC_053230.1	19879000	19880000
NC_053230.1	19880000	19881000
NC_053230.1	19881000	19882000
NC_053230.1	19882000	19883000
NC_053230.1	19883000	19884000
NC_053230.1	19884000	19885000
NC_053230.1	19885000	19886000
NC_053230.1	19887000	19888000
NC_053230.1	19889000	19890000
NC_053230.1	19890000	19891000
NC_053230.1	19892000	19893000
NC_053230.1	19893000	19894000
NC_053230.1	19894000	19895000
NC_053230.1	19895000	19896000
NC_053230.1	19897000	19898000
NC_053230.1	19899000	19900000
NC_053230.1	19902000	19903000
NC_053230.1	19903000	19904000
NC_053230.1	19904000	19905000
NC_053230.1	19907000	19908000
NC_053230.1	19910000	19911000
NC_053230.1	19911000	19912000
NC_053230.1	19912000	19913000
NC_053230.1	19913000	19914000
NC_053230.1	19914000	19915000
NC_053230.1	19916000	19917000
NC_053230.1	19917000	19918000
NC_053230.1	19918000	19919000
NC_053230.1	19919000	19920000
NC_053230.1	19922000	19923000
NC_053230.1	19923000	19924000
NC_053230.1	19925000	19926000
NC_053230.1	19926000	19927000
NC_053230.1	19929000	19930000
NC_053230.1	19930000	19931000
NC_053230.1	19934000	19935000
NC_053230.1	19935000	19936000
NC_053230.1	19936000	19937000
NC_053230.1	19938000	19939000
NC_053230.1	19939000	19940000
NC_053230.1	19940000	19941000
NC_053230.1	19941000	19942000
NC_053230.1	19942000	19943000
NC_053230.1	19943000	19944000
NC_053230.1	19944000	19945000
NC_053230.1	19947000	19948000
NC_053230.1	19948000	19949000
NC_053230.1	19949000	19950000
NC_053230.1	19952000	19953000
NC_053230.1	19953000	19954000
NC_053230.1	19955000	19956000
NC_053230.1	19956000	19957000
NC_053230.1	19958000	19959000
NC_053230.1	19959000	19960000
NC_053230.1	19961000	19962000
NC_053230.1	19963000	19964000
NC_053230.1	19964000	19965000
NC_053230.1	19965000	19966000
NC_053230.1	19966000	19967000
NC_053230.1	19967000	19968000
NC_053230.1	19968000	19969000
NC_053230.1	19969000	19970000
NC_053230.1	19970000	19971000
NC_053230.1	19972000	19973000
NC_053230.1	19974000	19975000
NC_053230.1	19976000	19977000
NC_053230.1	19978000	19979000
NC_053230.1	19981000	19982000
NC_053230.1	19983000	19984000
NC_053230.1	19984000	19985000
NC_053230.1	19985000	19986000
NC_053230.1	19986000	19987000
NC_053230.1	19987000	19988000
NC_053230.1	19988000	19989000
NC_053230.1	19989000	19990000
NC_053230.1	19990000	19991000
NC_053230.1	19993000	19994000
NC_053230.1	19994000	19995000
NC_053230.1	19995000	19996000
NC_053230.1	19996000	19997000
NC_053230.1	19997000	19998000
NC_053230.1	19998000	19999000
NC_053230.1	19999000	20000000
NC_053230.1	20000000	20001000
NC_053230.1	20001000	20002000
NC_053230.1	20002000	20003000
NC_053230.1	20003000	20004000
NC_053230.1	20004000	20005000
NC_053230.1	20006000	20007000
NC_053230.1	20008000	20009000
NC_053230.1	20009000	20010000
NC_053230.1	20010000	20011000
NC_053230.1	20012000	20013000
NC_053230.1	20013000	20014000
NC_053230.1	20014000	20015000
NC_053230.1	20015000	20016000
NC_053230.1	20017000	20018000
NC_053230.1	20018000	20019000
NC_053230.1	20020000	20021000
NC_053230.1	20021000	20022000
NC_053230.1	20022000	20023000
NC_053230.1	20024000	20025000
NC_053230.1	20025000	20026000
NC_053230.1	20027000	20028000
NC_053230.1	20029000	20030000
NC_053230.1	20034000	20035000
NC_053230.1	20037000	20038000
NC_053230.1	20038000	20039000
NC_053230.1	20040000	20041000
NC_053230.1	20041000	20042000
NC_053230.1	20042000	20043000
NC_053230.1	20045000	20046000
NC_053230.1	20046000	20047000
NC_053230.1	20049000	20050000
NC_053230.1	20052000	20053000
NC_053230.1	20053000	20054000
NC_053230.1	20055000	20056000
NC_053230.1	20058000	20059000
NC_053230.1	20060000	20061000
NC_053230.1	20062000	20063000
NC_053230.1	20068000	20069000
NC_053230.1	20069000	20070000
NC_053230.1	20070000	20071000
NC_053230.1	20072000	20073000
NC_053230.1	20073000	20074000
NC_053230.1	20075000	20076000
NC_053230.1	20076000	20077000
NC_053230.1	20077000	20078000
NC_053230.1	20078000	20079000
NC_053230.1	20079000	20080000
NC_053230.1	20081000	20082000
NC_053230.1	20082000	20083000
NC_053230.1	20083000	20084000
NC_053230.1	20086000	20087000
NC_053230.1	20088000	20089000
NC_053230.1	20090000	20091000
NC_053230.1	20091000	20092000
NC_053230.1	20092000	20093000
NC_053230.1	20093000	20094000
NC_053230.1	20094000	20095000
NC_053230.1	20095000	20096000
NC_053230.1	20096000	20097000
NC_053230.1	20097000	20098000
NC_053230.1	20098000	20099000
NC_053230.1	20099000	20100000
NC_053230.1	20100000	20101000
NC_053230.1	20101000	20102000
NC_053230.1	20103000	20104000
NC_053230.1	20104000	20105000
NC_053230.1	20109000	20110000
NC_053230.1	20111000	20112000
NC_053230.1	20113000	20114000
NC_053230.1	20115000	20116000
NC_053230.1	20118000	20119000
NC_053230.1	20119000	20120000
NC_053230.1	20120000	20121000
NC_053230.1	20122000	20123000
NC_053230.1	20123000	20124000
NC_053230.1	20124000	20125000
NC_053230.1	20125000	20126000
NC_053230.1	20126000	20127000
NC_053230.1	20127000	20128000
NC_053230.1	20128000	20129000
NC_053230.1	20129000	20130000
NC_053230.1	20131000	20132000
NC_053230.1	20133000	20134000
NC_053230.1	20135000	20136000
NC_053230.1	20136000	20137000
NC_053230.1	20137000	20138000
NC_053230.1	20141000	20142000
NC_053230.1	20142000	20143000
NC_053230.1	20145000	20146000
NC_053230.1	20150000	20151000
NC_053230.1	20151000	20152000
NC_053230.1	20152000	20153000
NC_053230.1	20153000	20154000
NC_053230.1	20154000	20155000
NC_053230.1	20155000	20156000
NC_053230.1	20158000	20159000
NC_053230.1	20161000	20162000
NC_053230.1	20163000	20164000
NC_053230.1	20165000	20166000
NC_053230.1	20166000	20167000
NC_053230.1	20167000	20168000
NC_053230.1	20168000	20169000
NC_053230.1	20170000	20171000
NC_053230.1	20171000	20172000
NC_053230.1	20172000	20173000
NC_053230.1	20173000	20174000
NC_053230.1	20174000	20175000
NC_053230.1	20176000	20177000
NC_053230.1	20177000	20178000
NC_053230.1	20178000	20179000
NC_053230.1	20179000	20180000
NC_053230.1	20180000	20181000
NC_053230.1	20181000	20182000
NC_053230.1	20183000	20184000
NC_053230.1	20184000	20185000
NC_053230.1	20185000	20186000
NC_053230.1	20186000	20187000
NC_053230.1	20188000	20189000
NC_053230.1	20190000	20191000
NC_053230.1	20191000	20192000
NC_053230.1	20192000	20193000
NC_053230.1	20194000	20195000
NC_053230.1	20195000	20196000
NC_053230.1	20198000	20199000
NC_053230.1	20199000	20200000
NC_053230.1	20200000	20201000
NC_053230.1	20201000	20202000
NC_053230.1	20202000	20203000
NC_053230.1	20209000	20210000
NC_053230.1	20210000	20211000
NC_053230.1	20211000	20212000
NC_053230.1	20212000	20213000
NC_053230.1	20213000	20214000
NC_053230.1	20215000	20216000
NC_053230.1	20217000	20218000
NC_053230.1	20219000	20220000
NC_053230.1	20221000	20222000
NC_053230.1	20225000	20226000
NC_053230.1	20226000	20227000
NC_053230.1	20227000	20228000
NC_053230.1	20230000	20231000
NC_053230.1	20231000	20232000
NC_053230.1	20232000	20233000
NC_053230.1	20233000	20234000
NC_053230.1	20234000	20235000
NC_053230.1	20235000	20236000
NC_053230.1	20236000	20237000
NC_053230.1	20238000	20239000
NC_053230.1	20240000	20241000
NC_053230.1	20242000	20243000
NC_053230.1	20245000	20246000
NC_053230.1	20247000	20248000
NC_053230.1	20248000	20249000
NC_053230.1	20250000	20251000
NC_053230.1	20253000	20254000
NC_053230.1	20255000	20256000
NC_053230.1	20258000	20259000
NC_053230.1	20259000	20260000
NC_053230.1	20262000	20263000
NC_053230.1	20266000	20267000
NC_053230.1	20271000	20272000
NC_053230.1	20272000	20273000
NC_053230.1	20275000	20276000
NC_053230.1	20276000	20277000
NC_053230.1	20277000	20278000
NC_053230.1	20280000	20281000
NC_053230.1	20281000	20282000
NC_053230.1	20283000	20284000
NC_053230.1	20284000	20285000
NC_053230.1	20288000	20289000
NC_053230.1	20291000	20292000
NC_053230.1	20293000	20294000
NC_053230.1	20295000	20296000
NC_053230.1	20301000	20302000
NC_053230.1	20302000	20303000
NC_053230.1	20303000	20304000
NC_053230.1	20304000	20305000
NC_053230.1	20306000	20307000
NC_053230.1	20307000	20308000
NC_053230.1	20308000	20309000
NC_053230.1	20309000	20310000
NC_053230.1	20310000	20311000
NC_053230.1	20311000	20312000
NC_053230.1	20314000	20315000
NC_053230.1	20315000	20316000
NC_053230.1	20316000	20317000
NC_053230.1	20317000	20318000
NC_053230.1	20318000	20319000
NC_053230.1	20319000	20320000
NC_053230.1	20320000	20321000
NC_053230.1	20321000	20322000
NC_053230.1	20323000	20324000
NC_053230.1	20324000	20325000
NC_053230.1	20325000	20326000
NC_053230.1	20327000	20328000
NC_053230.1	20328000	20329000
NC_053230.1	20330000	20331000
NC_053230.1	20331000	20332000
NC_053230.1	20332000	20333000
NC_053230.1	20333000	20334000
NC_053230.1	20336000	20337000
NC_053230.1	20337000	20338000
NC_053230.1	20338000	20339000
NC_053230.1	20340000	20341000
NC_053230.1	20341000	20342000
NC_053230.1	20342000	20343000
NC_053230.1	20344000	20345000
NC_053230.1	20345000	20346000
NC_053230.1	20347000	20348000
NC_053230.1	20348000	20349000
NC_053230.1	20349000	20350000
NC_053230.1	20350000	20351000
NC_053230.1	20351000	20352000
NC_053230.1	20352000	20353000
NC_053230.1	20353000	20354000
NC_053230.1	20354000	20355000
NC_053230.1	20356000	20357000
NC_053230.1	20357000	20358000
NC_053230.1	20358000	20359000
NC_053230.1	20359000	20360000
NC_053230.1	20360000	20361000
NC_053230.1	20361000	20362000
NC_053230.1	20362000	20363000
NC_053230.1	20363000	20364000
NC_053230.1	20365000	20366000
NC_053230.1	20366000	20367000
NC_053230.1	20367000	20368000
NC_053230.1	20371000	20372000
NC_053230.1	20372000	20373000
NC_053230.1	20373000	20374000
NC_053230.1	20374000	20375000
NC_053230.1	20375000	20376000
NC_053230.1	20377000	20378000
NC_053230.1	20378000	20379000
NC_053230.1	20380000	20381000
NC_053230.1	20381000	20382000
NC_053230.1	20382000	20383000
NC_053230.1	20386000	20387000
NC_053230.1	20387000	20388000
NC_053230.1	20388000	20389000
NC_053230.1	20390000	20391000
NC_053230.1	20391000	20392000
NC_053230.1	20392000	20393000
NC_053230.1	20393000	20394000
NC_053230.1	20394000	20395000
NC_053230.1	20395000	20396000
NC_053230.1	20396000	20397000
NC_053230.1	20397000	20398000
NC_053230.1	20399000	20400000
NC_053230.1	20400000	20401000
NC_053230.1	20403000	20404000
NC_053230.1	20406000	20407000
NC_053230.1	20407000	20408000
NC_053230.1	20409000	20410000
NC_053230.1	20413000	20414000
NC_053230.1	20414000	20415000
NC_053230.1	20415000	20416000
NC_053230.1	20416000	20417000
NC_053230.1	20417000	20418000
NC_053230.1	20418000	20419000
NC_053230.1	20420000	20421000
NC_053230.1	20421000	20422000
NC_053230.1	20426000	20427000
NC_053230.1	20427000	20428000
NC_053230.1	20429000	20430000
NC_053230.1	20430000	20431000
NC_053230.1	20431000	20432000
NC_053230.1	20432000	20433000
NC_053230.1	20433000	20434000
NC_053230.1	20434000	20435000
NC_053230.1	20435000	20436000
NC_053230.1	20436000	20437000
NC_053230.1	20438000	20439000
NC_053230.1	20439000	20440000
NC_053230.1	20440000	20441000
NC_053230.1	20441000	20442000
NC_053230.1	20450000	20451000
NC_053230.1	20451000	20452000
NC_053230.1	20452000	20453000
NC_053230.1	20453000	20454000
NC_053230.1	20454000	20455000
NC_053230.1	20455000	20456000
NC_053230.1	20458000	20459000
NC_053230.1	20459000	20460000
NC_053230.1	20460000	20461000
NC_053230.1	20463000	20464000
NC_053230.1	20465000	20466000
NC_053230.1	20466000	20467000
NC_053230.1	20467000	20468000
NC_053230.1	20468000	20469000
NC_053230.1	20470000	20471000
NC_053230.1	20471000	20472000
NC_053230.1	20474000	20475000
NC_053230.1	20475000	20476000
NC_053230.1	20477000	20478000
NC_053230.1	20478000	20479000
NC_053230.1	20482000	20483000
NC_053230.1	20483000	20484000
NC_053230.1	20486000	20487000
NC_053230.1	20487000	20488000
NC_053230.1	20489000	20490000
NC_053230.1	20494000	20495000
NC_053230.1	20495000	20496000
NC_053230.1	20496000	20497000
NC_053230.1	20497000	20498000
NC_053230.1	20499000	20500000
NC_053230.1	20502000	20503000
NC_053230.1	20503000	20504000
NC_053230.1	20504000	20505000
NC_053230.1	20506000	20507000
NC_053230.1	20507000	20508000
NC_053230.1	20508000	20509000
NC_053230.1	20509000	20510000
NC_053230.1	20510000	20511000
NC_053230.1	20512000	20513000
NC_053230.1	20513000	20514000
NC_053230.1	20514000	20515000
NC_053230.1	20515000	20516000
NC_053230.1	20518000	20519000
NC_053230.1	20519000	20520000
NC_053230.1	20520000	20521000
NC_053230.1	20521000	20522000
NC_053230.1	20522000	20523000
NC_053230.1	20527000	20528000
NC_053230.1	20529000	20530000
NC_053230.1	20530000	20531000
NC_053230.1	20534000	20535000
NC_053230.1	20535000	20536000
NC_053230.1	20538000	20539000
NC_053230.1	20539000	20540000
NC_053230.1	20540000	20541000
NC_053230.1	20544000	20545000
NC_053230.1	20545000	20546000
NC_053230.1	20546000	20547000
NC_053230.1	20547000	20548000
NC_053230.1	20548000	20549000
NC_053230.1	20550000	20551000
NC_053230.1	20551000	20552000
NC_053230.1	20552000	20553000
NC_053230.1	20553000	20554000
NC_053230.1	20554000	20555000
NC_053230.1	20555000	20556000
NC_053230.1	20556000	20557000
NC_053230.1	20559000	20560000
NC_053230.1	20560000	20561000
NC_053230.1	20561000	20562000
NC_053230.1	20562000	20563000
NC_053230.1	20564000	20565000
NC_053230.1	20567000	20568000
NC_053230.1	20568000	20569000
NC_053230.1	20569000	20570000
NC_053230.1	20570000	20571000
NC_053230.1	20577000	20578000
NC_053230.1	20578000	20579000
NC_053230.1	20579000	20580000
