NC_053230.1	22000	23000
NC_053230.1	434000	435000
NC_053230.1	815000	816000
NC_053230.1	1155000	1156000
NC_053230.1	1349000	1350000
NC_053230.1	1891000	1892000
NC_053230.1	1918000	1919000
NC_053230.1	2389000	2390000
NC_053230.1	2412000	2413000
NC_053230.1	2445000	2446000
NC_053230.1	2454000	2455000
NC_053230.1	2456000	2457000
NC_053230.1	2457000	2458000
NC_053230.1	2480000	2481000
NC_053230.1	2540000	2541000
NC_053230.1	2641000	2642000
NC_053230.1	2648000	2649000
NC_053230.1	2649000	2650000
NC_053230.1	2651000	2652000
NC_053230.1	2652000	2653000
NC_053230.1	2653000	2654000
NC_053230.1	2654000	2655000
NC_053230.1	2655000	2656000
NC_053230.1	2656000	2657000
NC_053230.1	2658000	2659000
NC_053230.1	2660000	2661000
NC_053230.1	2662000	2663000
NC_053230.1	2664000	2665000
NC_053230.1	2665000	2666000
NC_053230.1	2666000	2667000
NC_053230.1	2667000	2668000
NC_053230.1	2672000	2673000
NC_053230.1	2674000	2675000
NC_053230.1	2676000	2677000
NC_053230.1	2677000	2678000
NC_053230.1	2702000	2703000
NC_053230.1	2703000	2704000
NC_053230.1	2704000	2705000
NC_053230.1	2705000	2706000
NC_053230.1	2706000	2707000
NC_053230.1	2707000	2708000
NC_053230.1	2719000	2720000
NC_053230.1	2720000	2721000
NC_053230.1	2722000	2723000
NC_053230.1	2727000	2728000
NC_053230.1	2728000	2729000
NC_053230.1	2730000	2731000
NC_053230.1	2731000	2732000
NC_053230.1	2732000	2733000
NC_053230.1	2733000	2734000
NC_053230.1	2735000	2736000
NC_053230.1	2744000	2745000
NC_053230.1	2745000	2746000
NC_053230.1	2746000	2747000
NC_053230.1	2749000	2750000
NC_053230.1	2750000	2751000
NC_053230.1	2751000	2752000
NC_053230.1	2752000	2753000
NC_053230.1	2753000	2754000
NC_053230.1	2754000	2755000
NC_053230.1	2755000	2756000
NC_053230.1	2756000	2757000
NC_053230.1	2757000	2758000
NC_053230.1	2758000	2759000
NC_053230.1	2759000	2760000
NC_053230.1	2760000	2761000
NC_053230.1	2761000	2762000
NC_053230.1	2768000	2769000
NC_053230.1	2769000	2770000
NC_053230.1	2770000	2771000
NC_053230.1	2772000	2773000
NC_053230.1	2773000	2774000
NC_053230.1	2774000	2775000
NC_053230.1	2785000	2786000
NC_053230.1	2786000	2787000
NC_053230.1	2787000	2788000
NC_053230.1	2790000	2791000
NC_053230.1	2791000	2792000
NC_053230.1	2792000	2793000
NC_053230.1	2793000	2794000
NC_053230.1	2794000	2795000
NC_053230.1	2795000	2796000
NC_053230.1	2796000	2797000
NC_053230.1	2797000	2798000
NC_053230.1	2798000	2799000
NC_053230.1	2799000	2800000
NC_053230.1	2800000	2801000
NC_053230.1	2801000	2802000
NC_053230.1	2802000	2803000
NC_053230.1	2803000	2804000
NC_053230.1	2804000	2805000
NC_053230.1	2805000	2806000
NC_053230.1	2806000	2807000
NC_053230.1	2807000	2808000
NC_053230.1	2808000	2809000
NC_053230.1	2809000	2810000
NC_053230.1	2810000	2811000
NC_053230.1	2818000	2819000
NC_053230.1	2819000	2820000
NC_053230.1	2820000	2821000
NC_053230.1	2822000	2823000
NC_053230.1	2823000	2824000
NC_053230.1	2824000	2825000
NC_053230.1	2825000	2826000
NC_053230.1	2826000	2827000
NC_053230.1	2827000	2828000
NC_053230.1	2828000	2829000
NC_053230.1	2829000	2830000
NC_053230.1	2830000	2831000
NC_053230.1	2831000	2832000
NC_053230.1	2832000	2833000
NC_053230.1	2834000	2835000
NC_053230.1	2835000	2836000
NC_053230.1	2836000	2837000
NC_053230.1	2837000	2838000
NC_053230.1	2838000	2839000
NC_053230.1	2839000	2840000
NC_053230.1	2840000	2841000
NC_053230.1	2841000	2842000
NC_053230.1	2843000	2844000
NC_053230.1	2844000	2845000
NC_053230.1	2845000	2846000
NC_053230.1	2846000	2847000
NC_053230.1	2847000	2848000
NC_053230.1	2848000	2849000
NC_053230.1	2849000	2850000
NC_053230.1	2850000	2851000
NC_053230.1	2851000	2852000
NC_053230.1	2852000	2853000
NC_053230.1	2854000	2855000
NC_053230.1	2855000	2856000
NC_053230.1	2856000	2857000
NC_053230.1	2857000	2858000
NC_053230.1	2858000	2859000
NC_053230.1	2859000	2860000
NC_053230.1	2862000	2863000
NC_053230.1	2863000	2864000
NC_053230.1	2865000	2866000
NC_053230.1	2866000	2867000
NC_053230.1	2867000	2868000
NC_053230.1	2868000	2869000
NC_053230.1	2869000	2870000
NC_053230.1	2870000	2871000
NC_053230.1	2873000	2874000
NC_053230.1	2874000	2875000
NC_053230.1	2877000	2878000
NC_053230.1	2878000	2879000
NC_053230.1	2879000	2880000
NC_053230.1	2880000	2881000
NC_053230.1	2881000	2882000
NC_053230.1	2882000	2883000
NC_053230.1	2883000	2884000
NC_053230.1	2884000	2885000
NC_053230.1	2885000	2886000
NC_053230.1	2886000	2887000
NC_053230.1	2887000	2888000
NC_053230.1	2888000	2889000
NC_053230.1	2889000	2890000
NC_053230.1	2892000	2893000
NC_053230.1	2893000	2894000
NC_053230.1	2894000	2895000
NC_053230.1	2895000	2896000
NC_053230.1	2897000	2898000
NC_053230.1	2900000	2901000
NC_053230.1	2901000	2902000
NC_053230.1	2902000	2903000
NC_053230.1	2904000	2905000
NC_053230.1	2908000	2909000
NC_053230.1	2909000	2910000
NC_053230.1	2910000	2911000
NC_053230.1	2912000	2913000
NC_053230.1	2913000	2914000
NC_053230.1	2914000	2915000
NC_053230.1	2915000	2916000
NC_053230.1	2916000	2917000
NC_053230.1	2917000	2918000
NC_053230.1	2918000	2919000
NC_053230.1	2919000	2920000
NC_053230.1	2920000	2921000
NC_053230.1	2921000	2922000
NC_053230.1	2922000	2923000
NC_053230.1	2923000	2924000
NC_053230.1	2924000	2925000
NC_053230.1	2925000	2926000
NC_053230.1	2926000	2927000
NC_053230.1	2927000	2928000
NC_053230.1	2928000	2929000
NC_053230.1	2929000	2930000
NC_053230.1	2930000	2931000
NC_053230.1	2931000	2932000
NC_053230.1	2932000	2933000
NC_053230.1	2933000	2934000
NC_053230.1	2934000	2935000
NC_053230.1	2935000	2936000
NC_053230.1	2938000	2939000
NC_053230.1	2939000	2940000
NC_053230.1	2940000	2941000
NC_053230.1	2941000	2942000
NC_053230.1	2950000	2951000
NC_053230.1	2954000	2955000
NC_053230.1	2955000	2956000
NC_053230.1	2956000	2957000
NC_053230.1	2957000	2958000
NC_053230.1	2958000	2959000
NC_053230.1	2962000	2963000
NC_053230.1	2963000	2964000
NC_053230.1	2964000	2965000
NC_053230.1	2965000	2966000
NC_053230.1	2966000	2967000
NC_053230.1	2967000	2968000
NC_053230.1	2969000	2970000
NC_053230.1	2970000	2971000
NC_053230.1	2972000	2973000
NC_053230.1	2973000	2974000
NC_053230.1	2976000	2977000
NC_053230.1	2977000	2978000
NC_053230.1	2978000	2979000
NC_053230.1	2979000	2980000
NC_053230.1	2980000	2981000
NC_053230.1	2981000	2982000
NC_053230.1	2982000	2983000
NC_053230.1	2983000	2984000
NC_053230.1	2984000	2985000
NC_053230.1	2985000	2986000
NC_053230.1	2986000	2987000
NC_053230.1	2987000	2988000
NC_053230.1	2988000	2989000
NC_053230.1	2990000	2991000
NC_053230.1	2991000	2992000
NC_053230.1	2992000	2993000
NC_053230.1	2993000	2994000
NC_053230.1	2995000	2996000
NC_053230.1	2996000	2997000
NC_053230.1	2997000	2998000
NC_053230.1	2998000	2999000
NC_053230.1	2999000	3000000
NC_053230.1	3000000	3001000
NC_053230.1	3001000	3002000
NC_053230.1	3003000	3004000
NC_053230.1	3004000	3005000
NC_053230.1	3005000	3006000
NC_053230.1	3007000	3008000
NC_053230.1	3008000	3009000
NC_053230.1	3009000	3010000
NC_053230.1	3010000	3011000
NC_053230.1	3011000	3012000
NC_053230.1	3012000	3013000
NC_053230.1	3013000	3014000
NC_053230.1	3014000	3015000
NC_053230.1	3015000	3016000
NC_053230.1	3016000	3017000
NC_053230.1	3017000	3018000
NC_053230.1	3018000	3019000
NC_053230.1	3019000	3020000
NC_053230.1	3020000	3021000
NC_053230.1	3021000	3022000
NC_053230.1	3023000	3024000
NC_053230.1	3024000	3025000
NC_053230.1	3025000	3026000
NC_053230.1	3026000	3027000
NC_053230.1	3027000	3028000
NC_053230.1	3028000	3029000
NC_053230.1	3029000	3030000
NC_053230.1	3030000	3031000
NC_053230.1	3031000	3032000
NC_053230.1	3033000	3034000
NC_053230.1	3034000	3035000
NC_053230.1	3035000	3036000
NC_053230.1	3036000	3037000
NC_053230.1	3037000	3038000
NC_053230.1	3038000	3039000
NC_053230.1	3039000	3040000
NC_053230.1	3040000	3041000
NC_053230.1	3051000	3052000
NC_053230.1	3057000	3058000
NC_053230.1	3058000	3059000
NC_053230.1	3059000	3060000
NC_053230.1	3060000	3061000
NC_053230.1	3061000	3062000
NC_053230.1	3062000	3063000
NC_053230.1	3063000	3064000
NC_053230.1	3064000	3065000
NC_053230.1	3065000	3066000
NC_053230.1	3066000	3067000
NC_053230.1	3067000	3068000
NC_053230.1	3068000	3069000
NC_053230.1	3070000	3071000
NC_053230.1	3071000	3072000
NC_053230.1	3073000	3074000
NC_053230.1	3074000	3075000
NC_053230.1	3075000	3076000
NC_053230.1	3076000	3077000
NC_053230.1	3077000	3078000
NC_053230.1	3078000	3079000
NC_053230.1	3079000	3080000
NC_053230.1	3080000	3081000
NC_053230.1	3081000	3082000
NC_053230.1	3082000	3083000
NC_053230.1	3083000	3084000
NC_053230.1	3084000	3085000
NC_053230.1	3085000	3086000
NC_053230.1	3086000	3087000
NC_053230.1	3087000	3088000
NC_053230.1	3088000	3089000
NC_053230.1	3089000	3090000
NC_053230.1	3091000	3092000
NC_053230.1	3092000	3093000
NC_053230.1	3093000	3094000
NC_053230.1	3094000	3095000
NC_053230.1	3095000	3096000
NC_053230.1	3097000	3098000
NC_053230.1	3098000	3099000
NC_053230.1	3099000	3100000
NC_053230.1	3100000	3101000
NC_053230.1	3101000	3102000
NC_053230.1	3102000	3103000
NC_053230.1	3103000	3104000
NC_053230.1	3104000	3105000
NC_053230.1	3106000	3107000
NC_053230.1	3107000	3108000
NC_053230.1	3108000	3109000
NC_053230.1	3109000	3110000
NC_053230.1	3110000	3111000
NC_053230.1	3111000	3112000
NC_053230.1	3114000	3115000
NC_053230.1	3115000	3116000
NC_053230.1	3116000	3117000
NC_053230.1	3117000	3118000
NC_053230.1	3118000	3119000
NC_053230.1	3119000	3120000
NC_053230.1	3120000	3121000
NC_053230.1	3123000	3124000
NC_053230.1	3124000	3125000
NC_053230.1	3125000	3126000
NC_053230.1	3126000	3127000
NC_053230.1	3127000	3128000
NC_053230.1	3128000	3129000
NC_053230.1	3129000	3130000
NC_053230.1	3130000	3131000
NC_053230.1	3131000	3132000
NC_053230.1	3132000	3133000
NC_053230.1	3133000	3134000
NC_053230.1	3134000	3135000
NC_053230.1	3135000	3136000
NC_053230.1	3136000	3137000
NC_053230.1	3137000	3138000
NC_053230.1	3138000	3139000
NC_053230.1	3139000	3140000
NC_053230.1	3140000	3141000
NC_053230.1	3141000	3142000
NC_053230.1	3142000	3143000
NC_053230.1	3143000	3144000
NC_053230.1	3144000	3145000
NC_053230.1	3145000	3146000
NC_053230.1	3146000	3147000
NC_053230.1	3147000	3148000
NC_053230.1	3148000	3149000
NC_053230.1	3149000	3150000
NC_053230.1	3150000	3151000
NC_053230.1	3151000	3152000
NC_053230.1	3152000	3153000
NC_053230.1	3153000	3154000
NC_053230.1	3154000	3155000
NC_053230.1	3155000	3156000
NC_053230.1	3156000	3157000
NC_053230.1	3158000	3159000
NC_053230.1	3159000	3160000
NC_053230.1	3160000	3161000
NC_053230.1	3161000	3162000
NC_053230.1	3162000	3163000
NC_053230.1	3163000	3164000
NC_053230.1	3164000	3165000
NC_053230.1	3165000	3166000
NC_053230.1	3166000	3167000
NC_053230.1	3167000	3168000
NC_053230.1	3168000	3169000
NC_053230.1	3169000	3170000
NC_053230.1	3170000	3171000
NC_053230.1	3171000	3172000
NC_053230.1	3172000	3173000
NC_053230.1	3173000	3174000
NC_053230.1	3174000	3175000
NC_053230.1	3175000	3176000
NC_053230.1	3176000	3177000
NC_053230.1	3177000	3178000
NC_053230.1	3178000	3179000
NC_053230.1	3180000	3181000
NC_053230.1	3181000	3182000
NC_053230.1	3182000	3183000
NC_053230.1	3183000	3184000
NC_053230.1	3184000	3185000
NC_053230.1	3185000	3186000
NC_053230.1	3186000	3187000
NC_053230.1	3187000	3188000
NC_053230.1	3188000	3189000
NC_053230.1	3189000	3190000
NC_053230.1	3190000	3191000
NC_053230.1	3191000	3192000
NC_053230.1	3192000	3193000
NC_053230.1	3193000	3194000
NC_053230.1	3194000	3195000
NC_053230.1	3195000	3196000
NC_053230.1	3196000	3197000
NC_053230.1	3197000	3198000
NC_053230.1	3198000	3199000
NC_053230.1	3199000	3200000
NC_053230.1	3200000	3201000
NC_053230.1	3202000	3203000
NC_053230.1	3203000	3204000
NC_053230.1	3204000	3205000
NC_053230.1	3207000	3208000
NC_053230.1	3210000	3211000
NC_053230.1	3211000	3212000
NC_053230.1	3212000	3213000
NC_053230.1	3213000	3214000
NC_053230.1	3214000	3215000
NC_053230.1	3215000	3216000
NC_053230.1	3216000	3217000
NC_053230.1	3219000	3220000
NC_053230.1	3220000	3221000
NC_053230.1	3221000	3222000
NC_053230.1	3222000	3223000
NC_053230.1	3223000	3224000
NC_053230.1	3224000	3225000
NC_053230.1	3225000	3226000
NC_053230.1	3226000	3227000
NC_053230.1	3227000	3228000
NC_053230.1	3228000	3229000
NC_053230.1	3229000	3230000
NC_053230.1	3230000	3231000
NC_053230.1	3231000	3232000
NC_053230.1	3232000	3233000
NC_053230.1	3233000	3234000
NC_053230.1	3234000	3235000
NC_053230.1	3235000	3236000
NC_053230.1	3237000	3238000
NC_053230.1	3239000	3240000
NC_053230.1	3240000	3241000
NC_053230.1	3241000	3242000
NC_053230.1	3242000	3243000
NC_053230.1	3243000	3244000
NC_053230.1	3244000	3245000
NC_053230.1	3245000	3246000
NC_053230.1	3246000	3247000
NC_053230.1	3247000	3248000
NC_053230.1	3248000	3249000
NC_053230.1	3249000	3250000
NC_053230.1	3250000	3251000
NC_053230.1	3251000	3252000
NC_053230.1	3252000	3253000
NC_053230.1	3253000	3254000
NC_053230.1	3254000	3255000
NC_053230.1	3255000	3256000
NC_053230.1	3256000	3257000
NC_053230.1	3257000	3258000
NC_053230.1	3258000	3259000
NC_053230.1	3259000	3260000
NC_053230.1	3260000	3261000
NC_053230.1	3261000	3262000
NC_053230.1	3262000	3263000
NC_053230.1	3263000	3264000
NC_053230.1	3264000	3265000
NC_053230.1	3265000	3266000
NC_053230.1	3266000	3267000
NC_053230.1	3267000	3268000
NC_053230.1	3268000	3269000
NC_053230.1	3269000	3270000
NC_053230.1	3270000	3271000
NC_053230.1	3271000	3272000
NC_053230.1	3272000	3273000
NC_053230.1	3273000	3274000
NC_053230.1	3274000	3275000
NC_053230.1	3275000	3276000
NC_053230.1	3276000	3277000
NC_053230.1	3277000	3278000
NC_053230.1	3278000	3279000
NC_053230.1	3285000	3286000
NC_053230.1	3286000	3287000
NC_053230.1	3287000	3288000
NC_053230.1	3288000	3289000
NC_053230.1	3289000	3290000
NC_053230.1	3290000	3291000
NC_053230.1	3291000	3292000
NC_053230.1	3292000	3293000
NC_053230.1	3293000	3294000
NC_053230.1	3294000	3295000
NC_053230.1	3295000	3296000
NC_053230.1	3296000	3297000
NC_053230.1	3297000	3298000
NC_053230.1	3298000	3299000
NC_053230.1	3299000	3300000
NC_053230.1	3300000	3301000
NC_053230.1	3301000	3302000
NC_053230.1	3302000	3303000
NC_053230.1	3303000	3304000
NC_053230.1	3304000	3305000
NC_053230.1	3305000	3306000
NC_053230.1	3307000	3308000
NC_053230.1	3308000	3309000
NC_053230.1	3309000	3310000
NC_053230.1	3310000	3311000
NC_053230.1	3311000	3312000
NC_053230.1	3312000	3313000
NC_053230.1	3313000	3314000
NC_053230.1	3314000	3315000
NC_053230.1	3315000	3316000
NC_053230.1	3316000	3317000
NC_053230.1	3317000	3318000
NC_053230.1	3318000	3319000
NC_053230.1	3319000	3320000
NC_053230.1	3320000	3321000
NC_053230.1	3321000	3322000
NC_053230.1	3322000	3323000
NC_053230.1	3323000	3324000
NC_053230.1	3324000	3325000
NC_053230.1	3325000	3326000
NC_053230.1	3326000	3327000
NC_053230.1	3334000	3335000
NC_053230.1	3337000	3338000
NC_053230.1	3341000	3342000
NC_053230.1	3342000	3343000
NC_053230.1	3343000	3344000
NC_053230.1	3344000	3345000
NC_053230.1	3345000	3346000
NC_053230.1	3346000	3347000
NC_053230.1	3347000	3348000
NC_053230.1	3348000	3349000
NC_053230.1	3349000	3350000
NC_053230.1	3351000	3352000
NC_053230.1	3352000	3353000
NC_053230.1	3361000	3362000
NC_053230.1	3362000	3363000
NC_053230.1	3364000	3365000
NC_053230.1	3365000	3366000
NC_053230.1	3366000	3367000
NC_053230.1	3367000	3368000
NC_053230.1	3368000	3369000
NC_053230.1	3369000	3370000
NC_053230.1	3370000	3371000
NC_053230.1	3371000	3372000
NC_053230.1	3373000	3374000
NC_053230.1	3374000	3375000
NC_053230.1	3375000	3376000
NC_053230.1	3376000	3377000
NC_053230.1	3377000	3378000
NC_053230.1	3378000	3379000
NC_053230.1	3379000	3380000
NC_053230.1	3380000	3381000
NC_053230.1	3381000	3382000
NC_053230.1	3382000	3383000
NC_053230.1	3383000	3384000
NC_053230.1	3384000	3385000
NC_053230.1	3385000	3386000
NC_053230.1	3386000	3387000
NC_053230.1	3387000	3388000
NC_053230.1	3388000	3389000
NC_053230.1	3389000	3390000
NC_053230.1	3390000	3391000
NC_053230.1	3391000	3392000
NC_053230.1	3392000	3393000
NC_053230.1	3393000	3394000
NC_053230.1	3394000	3395000
NC_053230.1	3395000	3396000
NC_053230.1	3396000	3397000
NC_053230.1	3397000	3398000
NC_053230.1	3398000	3399000
NC_053230.1	3399000	3400000
NC_053230.1	3400000	3401000
NC_053230.1	3401000	3402000
NC_053230.1	3402000	3403000
NC_053230.1	3403000	3404000
NC_053230.1	3404000	3405000
NC_053230.1	3405000	3406000
NC_053230.1	3406000	3407000
NC_053230.1	3407000	3408000
NC_053230.1	3408000	3409000
NC_053230.1	3409000	3410000
NC_053230.1	3410000	3411000
NC_053230.1	3411000	3412000
NC_053230.1	3412000	3413000
NC_053230.1	3413000	3414000
NC_053230.1	3414000	3415000
NC_053230.1	3415000	3416000
NC_053230.1	3416000	3417000
NC_053230.1	3417000	3418000
NC_053230.1	3418000	3419000
NC_053230.1	3419000	3420000
NC_053230.1	3420000	3421000
NC_053230.1	3421000	3422000
NC_053230.1	3422000	3423000
NC_053230.1	3423000	3424000
NC_053230.1	3424000	3425000
NC_053230.1	3425000	3426000
NC_053230.1	3426000	3427000
NC_053230.1	3427000	3428000
NC_053230.1	3428000	3429000
NC_053230.1	3429000	3430000
NC_053230.1	3430000	3431000
NC_053230.1	3431000	3432000
NC_053230.1	3432000	3433000
NC_053230.1	3433000	3434000
NC_053230.1	3434000	3435000
NC_053230.1	3435000	3436000
NC_053230.1	3437000	3438000
NC_053230.1	3438000	3439000
NC_053230.1	3439000	3440000
NC_053230.1	3440000	3441000
NC_053230.1	3442000	3443000
NC_053230.1	3443000	3444000
NC_053230.1	3444000	3445000
NC_053230.1	3445000	3446000
NC_053230.1	3446000	3447000
NC_053230.1	3447000	3448000
NC_053230.1	3449000	3450000
NC_053230.1	3450000	3451000
NC_053230.1	3451000	3452000
NC_053230.1	3452000	3453000
NC_053230.1	3453000	3454000
NC_053230.1	3454000	3455000
NC_053230.1	3455000	3456000
NC_053230.1	3456000	3457000
NC_053230.1	3457000	3458000
NC_053230.1	3458000	3459000
NC_053230.1	3459000	3460000
NC_053230.1	3461000	3462000
NC_053230.1	3462000	3463000
NC_053230.1	3463000	3464000
NC_053230.1	3464000	3465000
NC_053230.1	3465000	3466000
NC_053230.1	3466000	3467000
NC_053230.1	3472000	3473000
NC_053230.1	3473000	3474000
NC_053230.1	3474000	3475000
NC_053230.1	3475000	3476000
NC_053230.1	3476000	3477000
NC_053230.1	3477000	3478000
NC_053230.1	3478000	3479000
NC_053230.1	3479000	3480000
NC_053230.1	3480000	3481000
NC_053230.1	3481000	3482000
NC_053230.1	3482000	3483000
NC_053230.1	3483000	3484000
NC_053230.1	3484000	3485000
NC_053230.1	3485000	3486000
NC_053230.1	3486000	3487000
NC_053230.1	3487000	3488000
NC_053230.1	3488000	3489000
NC_053230.1	3489000	3490000
NC_053230.1	3490000	3491000
NC_053230.1	3491000	3492000
NC_053230.1	3492000	3493000
NC_053230.1	3493000	3494000
NC_053230.1	3494000	3495000
NC_053230.1	3495000	3496000
NC_053230.1	3496000	3497000
NC_053230.1	3497000	3498000
NC_053230.1	3498000	3499000
NC_053230.1	3499000	3500000
NC_053230.1	3500000	3501000
NC_053230.1	3502000	3503000
NC_053230.1	3503000	3504000
NC_053230.1	3504000	3505000
NC_053230.1	3505000	3506000
NC_053230.1	3506000	3507000
NC_053230.1	3508000	3509000
NC_053230.1	3509000	3510000
NC_053230.1	3510000	3511000
NC_053230.1	3511000	3512000
NC_053230.1	3512000	3513000
NC_053230.1	3513000	3514000
NC_053230.1	3514000	3515000
NC_053230.1	3515000	3516000
NC_053230.1	3516000	3517000
NC_053230.1	3517000	3518000
NC_053230.1	3518000	3519000
NC_053230.1	3519000	3520000
NC_053230.1	3520000	3521000
NC_053230.1	3521000	3522000
NC_053230.1	3522000	3523000
NC_053230.1	3524000	3525000
NC_053230.1	3525000	3526000
NC_053230.1	3526000	3527000
NC_053230.1	3528000	3529000
NC_053230.1	3529000	3530000
NC_053230.1	3530000	3531000
NC_053230.1	3532000	3533000
NC_053230.1	3533000	3534000
NC_053230.1	3534000	3535000
NC_053230.1	3535000	3536000
NC_053230.1	3536000	3537000
NC_053230.1	3537000	3538000
NC_053230.1	3538000	3539000
NC_053230.1	3539000	3540000
NC_053230.1	3540000	3541000
NC_053230.1	3541000	3542000
NC_053230.1	3543000	3544000
NC_053230.1	3544000	3545000
NC_053230.1	3545000	3546000
NC_053230.1	3546000	3547000
NC_053230.1	3573000	3574000
NC_053230.1	3574000	3575000
NC_053230.1	3575000	3576000
NC_053230.1	3576000	3577000
NC_053230.1	3579000	3580000
NC_053230.1	3580000	3581000
NC_053230.1	3581000	3582000
NC_053230.1	3582000	3583000
NC_053230.1	3586000	3587000
NC_053230.1	3587000	3588000
NC_053230.1	3588000	3589000
NC_053230.1	3591000	3592000
NC_053230.1	3593000	3594000
NC_053230.1	3594000	3595000
NC_053230.1	3595000	3596000
NC_053230.1	3599000	3600000
NC_053230.1	3600000	3601000
NC_053230.1	3601000	3602000
NC_053230.1	3602000	3603000
NC_053230.1	3603000	3604000
NC_053230.1	3605000	3606000
NC_053230.1	3606000	3607000
NC_053230.1	3607000	3608000
NC_053230.1	3609000	3610000
NC_053230.1	3610000	3611000
NC_053230.1	3612000	3613000
NC_053230.1	3618000	3619000
NC_053230.1	3619000	3620000
NC_053230.1	3620000	3621000
NC_053230.1	3621000	3622000
NC_053230.1	3622000	3623000
NC_053230.1	3623000	3624000
NC_053230.1	3624000	3625000
NC_053230.1	3625000	3626000
NC_053230.1	3628000	3629000
NC_053230.1	3629000	3630000
NC_053230.1	3632000	3633000
NC_053230.1	3633000	3634000
NC_053230.1	3634000	3635000
NC_053230.1	3635000	3636000
NC_053230.1	3636000	3637000
NC_053230.1	3637000	3638000
NC_053230.1	3638000	3639000
NC_053230.1	3639000	3640000
NC_053230.1	3640000	3641000
NC_053230.1	3641000	3642000
NC_053230.1	3642000	3643000
NC_053230.1	3643000	3644000
NC_053230.1	3644000	3645000
NC_053230.1	3645000	3646000
NC_053230.1	3646000	3647000
NC_053230.1	3647000	3648000
NC_053230.1	3648000	3649000
NC_053230.1	3649000	3650000
NC_053230.1	3650000	3651000
NC_053230.1	3656000	3657000
NC_053230.1	3658000	3659000
NC_053230.1	3659000	3660000
NC_053230.1	3660000	3661000
NC_053230.1	3661000	3662000
NC_053230.1	3662000	3663000
NC_053230.1	3666000	3667000
NC_053230.1	3667000	3668000
NC_053230.1	3668000	3669000
NC_053230.1	3670000	3671000
NC_053230.1	3671000	3672000
NC_053230.1	3672000	3673000
NC_053230.1	3673000	3674000
NC_053230.1	3674000	3675000
NC_053230.1	3675000	3676000
NC_053230.1	3676000	3677000
NC_053230.1	3677000	3678000
NC_053230.1	3678000	3679000
NC_053230.1	3679000	3680000
NC_053230.1	3680000	3681000
NC_053230.1	3681000	3682000
NC_053230.1	3685000	3686000
NC_053230.1	3686000	3687000
NC_053230.1	3687000	3688000
NC_053230.1	3688000	3689000
NC_053230.1	3689000	3690000
NC_053230.1	3690000	3691000
NC_053230.1	3691000	3692000
NC_053230.1	3692000	3693000
NC_053230.1	3693000	3694000
NC_053230.1	3694000	3695000
NC_053230.1	3695000	3696000
NC_053230.1	3696000	3697000
NC_053230.1	3697000	3698000
NC_053230.1	3698000	3699000
NC_053230.1	3701000	3702000
NC_053230.1	3703000	3704000
NC_053230.1	3704000	3705000
NC_053230.1	3706000	3707000
NC_053230.1	3707000	3708000
NC_053230.1	3708000	3709000
NC_053230.1	3709000	3710000
NC_053230.1	3710000	3711000
NC_053230.1	3711000	3712000
NC_053230.1	3719000	3720000
NC_053230.1	3720000	3721000
NC_053230.1	3721000	3722000
NC_053230.1	3723000	3724000
NC_053230.1	3724000	3725000
NC_053230.1	3728000	3729000
NC_053230.1	3729000	3730000
NC_053230.1	3730000	3731000
NC_053230.1	3731000	3732000
NC_053230.1	3732000	3733000
NC_053230.1	3733000	3734000
NC_053230.1	3734000	3735000
NC_053230.1	3735000	3736000
NC_053230.1	3736000	3737000
NC_053230.1	3737000	3738000
NC_053230.1	3738000	3739000
NC_053230.1	3740000	3741000
NC_053230.1	3741000	3742000
NC_053230.1	3742000	3743000
NC_053230.1	3743000	3744000
NC_053230.1	3745000	3746000
NC_053230.1	3746000	3747000
NC_053230.1	3748000	3749000
NC_053230.1	3749000	3750000
NC_053230.1	3751000	3752000
NC_053230.1	3752000	3753000
NC_053230.1	3753000	3754000
NC_053230.1	3754000	3755000
NC_053230.1	3755000	3756000
NC_053230.1	3756000	3757000
NC_053230.1	3757000	3758000
NC_053230.1	3758000	3759000
NC_053230.1	3788000	3789000
NC_053230.1	3789000	3790000
NC_053230.1	3790000	3791000
NC_053230.1	3791000	3792000
NC_053230.1	3794000	3795000
NC_053230.1	3812000	3813000
NC_053230.1	3813000	3814000
NC_053230.1	3814000	3815000
NC_053230.1	3815000	3816000
NC_053230.1	3816000	3817000
NC_053230.1	3817000	3818000
NC_053230.1	3818000	3819000
NC_053230.1	3819000	3820000
NC_053230.1	3820000	3821000
NC_053230.1	3821000	3822000
NC_053230.1	3823000	3824000
NC_053230.1	3824000	3825000
NC_053230.1	3825000	3826000
NC_053230.1	3826000	3827000
NC_053230.1	3827000	3828000
NC_053230.1	3828000	3829000
NC_053230.1	3829000	3830000
NC_053230.1	3830000	3831000
NC_053230.1	3831000	3832000
NC_053230.1	3832000	3833000
NC_053230.1	3833000	3834000
NC_053230.1	3834000	3835000
NC_053230.1	3835000	3836000
NC_053230.1	3836000	3837000
NC_053230.1	3837000	3838000
NC_053230.1	3838000	3839000
NC_053230.1	3839000	3840000
NC_053230.1	3840000	3841000
NC_053230.1	3842000	3843000
NC_053230.1	3843000	3844000
NC_053230.1	3845000	3846000
NC_053230.1	3846000	3847000
NC_053230.1	3847000	3848000
NC_053230.1	3848000	3849000
NC_053230.1	3849000	3850000
NC_053230.1	3851000	3852000
NC_053230.1	3852000	3853000
NC_053230.1	3853000	3854000
NC_053230.1	3854000	3855000
NC_053230.1	3855000	3856000
NC_053230.1	3856000	3857000
NC_053230.1	3858000	3859000
NC_053230.1	3859000	3860000
NC_053230.1	3860000	3861000
NC_053230.1	3861000	3862000
NC_053230.1	3862000	3863000
NC_053230.1	3863000	3864000
NC_053230.1	3864000	3865000
NC_053230.1	3865000	3866000
NC_053230.1	3866000	3867000
NC_053230.1	3869000	3870000
NC_053230.1	3870000	3871000
NC_053230.1	3876000	3877000
NC_053230.1	3877000	3878000
NC_053230.1	3878000	3879000
NC_053230.1	3879000	3880000
NC_053230.1	3881000	3882000
NC_053230.1	3882000	3883000
NC_053230.1	3883000	3884000
NC_053230.1	3884000	3885000
NC_053230.1	3886000	3887000
NC_053230.1	3887000	3888000
NC_053230.1	3888000	3889000
NC_053230.1	3889000	3890000
NC_053230.1	3890000	3891000
NC_053230.1	3891000	3892000
NC_053230.1	3892000	3893000
NC_053230.1	3894000	3895000
NC_053230.1	3895000	3896000
NC_053230.1	3896000	3897000
NC_053230.1	3897000	3898000
NC_053230.1	3898000	3899000
NC_053230.1	3899000	3900000
NC_053230.1	3900000	3901000
NC_053230.1	3901000	3902000
NC_053230.1	3902000	3903000
NC_053230.1	3904000	3905000
NC_053230.1	3905000	3906000
NC_053230.1	3939000	3940000
NC_053230.1	3940000	3941000
NC_053230.1	3952000	3953000
NC_053230.1	3961000	3962000
NC_053230.1	3972000	3973000
NC_053230.1	3983000	3984000
NC_053230.1	3993000	3994000
NC_053230.1	4194000	4195000
NC_053230.1	4195000	4196000
NC_053230.1	4196000	4197000
NC_053230.1	4197000	4198000
NC_053230.1	4198000	4199000
NC_053230.1	4199000	4200000
NC_053230.1	4200000	4201000
NC_053230.1	4201000	4202000
NC_053230.1	4202000	4203000
NC_053230.1	4203000	4204000
NC_053230.1	4204000	4205000
NC_053230.1	4205000	4206000
NC_053230.1	4206000	4207000
NC_053230.1	4207000	4208000
NC_053230.1	4208000	4209000
NC_053230.1	4213000	4214000
NC_053230.1	4214000	4215000
NC_053230.1	4215000	4216000
NC_053230.1	4218000	4219000
NC_053230.1	4224000	4225000
NC_053230.1	4225000	4226000
NC_053230.1	4226000	4227000
NC_053230.1	4227000	4228000
NC_053230.1	4228000	4229000
NC_053230.1	4230000	4231000
NC_053230.1	4231000	4232000
NC_053230.1	4232000	4233000
NC_053230.1	4233000	4234000
NC_053230.1	4234000	4235000
NC_053230.1	4235000	4236000
NC_053230.1	4236000	4237000
NC_053230.1	4237000	4238000
NC_053230.1	4239000	4240000
NC_053230.1	4240000	4241000
NC_053230.1	4241000	4242000
NC_053230.1	4242000	4243000
NC_053230.1	4243000	4244000
NC_053230.1	4244000	4245000
NC_053230.1	4246000	4247000
NC_053230.1	4253000	4254000
NC_053230.1	4254000	4255000
NC_053230.1	4255000	4256000
NC_053230.1	4257000	4258000
NC_053230.1	4263000	4264000
NC_053230.1	4270000	4271000
NC_053230.1	4271000	4272000
NC_053230.1	4272000	4273000
NC_053230.1	4273000	4274000
NC_053230.1	4274000	4275000
NC_053230.1	4275000	4276000
NC_053230.1	4276000	4277000
NC_053230.1	4277000	4278000
NC_053230.1	4278000	4279000
NC_053230.1	4279000	4280000
NC_053230.1	4280000	4281000
NC_053230.1	4281000	4282000
NC_053230.1	4282000	4283000
NC_053230.1	4283000	4284000
NC_053230.1	4284000	4285000
NC_053230.1	4285000	4286000
NC_053230.1	4287000	4288000
NC_053230.1	4288000	4289000
NC_053230.1	4289000	4290000
NC_053230.1	4290000	4291000
NC_053230.1	4292000	4293000
NC_053230.1	4293000	4294000
NC_053230.1	4294000	4295000
NC_053230.1	4295000	4296000
NC_053230.1	4296000	4297000
NC_053230.1	4297000	4298000
NC_053230.1	4298000	4299000
NC_053230.1	4299000	4300000
NC_053230.1	4300000	4301000
NC_053230.1	4301000	4302000
NC_053230.1	4303000	4304000
NC_053230.1	4304000	4305000
NC_053230.1	4305000	4306000
NC_053230.1	4306000	4307000
NC_053230.1	4308000	4309000
NC_053230.1	4309000	4310000
NC_053230.1	4310000	4311000
NC_053230.1	4311000	4312000
NC_053230.1	4312000	4313000
NC_053230.1	4314000	4315000
NC_053230.1	4315000	4316000
NC_053230.1	4320000	4321000
NC_053230.1	4321000	4322000
NC_053230.1	4322000	4323000
NC_053230.1	4323000	4324000
NC_053230.1	4324000	4325000
NC_053230.1	4325000	4326000
NC_053230.1	4326000	4327000
NC_053230.1	4327000	4328000
NC_053230.1	4329000	4330000
NC_053230.1	4331000	4332000
NC_053230.1	4332000	4333000
NC_053230.1	4333000	4334000
NC_053230.1	4334000	4335000
NC_053230.1	4335000	4336000
NC_053230.1	4336000	4337000
NC_053230.1	4341000	4342000
NC_053230.1	4342000	4343000
NC_053230.1	4343000	4344000
NC_053230.1	4344000	4345000
NC_053230.1	4345000	4346000
NC_053230.1	4346000	4347000
NC_053230.1	4347000	4348000
NC_053230.1	4348000	4349000
NC_053230.1	4349000	4350000
NC_053230.1	4350000	4351000
NC_053230.1	4351000	4352000
NC_053230.1	4352000	4353000
NC_053230.1	4353000	4354000
NC_053230.1	4354000	4355000
NC_053230.1	4355000	4356000
NC_053230.1	4356000	4357000
NC_053230.1	4357000	4358000
NC_053230.1	4358000	4359000
NC_053230.1	4367000	4368000
NC_053230.1	4369000	4370000
NC_053230.1	4370000	4371000
NC_053230.1	4371000	4372000
NC_053230.1	4372000	4373000
NC_053230.1	4373000	4374000
NC_053230.1	4374000	4375000
NC_053230.1	4375000	4376000
NC_053230.1	4376000	4377000
NC_053230.1	4377000	4378000
NC_053230.1	4378000	4379000
NC_053230.1	4379000	4380000
NC_053230.1	4380000	4381000
NC_053230.1	4381000	4382000
NC_053230.1	4382000	4383000
NC_053230.1	4383000	4384000
NC_053230.1	4384000	4385000
NC_053230.1	4385000	4386000
NC_053230.1	4386000	4387000
NC_053230.1	4387000	4388000
NC_053230.1	4388000	4389000
NC_053230.1	4389000	4390000
NC_053230.1	4390000	4391000
NC_053230.1	4391000	4392000
NC_053230.1	4394000	4395000
NC_053230.1	4395000	4396000
NC_053230.1	4397000	4398000
NC_053230.1	4398000	4399000
NC_053230.1	4399000	4400000
NC_053230.1	4406000	4407000
NC_053230.1	4407000	4408000
NC_053230.1	4408000	4409000
NC_053230.1	4409000	4410000
NC_053230.1	4410000	4411000
NC_053230.1	4411000	4412000
NC_053230.1	4412000	4413000
NC_053230.1	4413000	4414000
NC_053230.1	4414000	4415000
NC_053230.1	4415000	4416000
NC_053230.1	4421000	4422000
NC_053230.1	4422000	4423000
NC_053230.1	4423000	4424000
NC_053230.1	4424000	4425000
NC_053230.1	4425000	4426000
NC_053230.1	4426000	4427000
NC_053230.1	4427000	4428000
NC_053230.1	4428000	4429000
NC_053230.1	4429000	4430000
NC_053230.1	4430000	4431000
NC_053230.1	4431000	4432000
NC_053230.1	4432000	4433000
NC_053230.1	4433000	4434000
NC_053230.1	4434000	4435000
NC_053230.1	4435000	4436000
NC_053230.1	4436000	4437000
NC_053230.1	4437000	4438000
NC_053230.1	4439000	4440000
NC_053230.1	4440000	4441000
NC_053230.1	4441000	4442000
NC_053230.1	4442000	4443000
NC_053230.1	4443000	4444000
NC_053230.1	4444000	4445000
NC_053230.1	4445000	4446000
NC_053230.1	4446000	4447000
NC_053230.1	4447000	4448000
NC_053230.1	4450000	4451000
NC_053230.1	4451000	4452000
NC_053230.1	4457000	4458000
NC_053230.1	4460000	4461000
NC_053230.1	4461000	4462000
NC_053230.1	4462000	4463000
NC_053230.1	4472000	4473000
NC_053230.1	4489000	4490000
NC_053230.1	4490000	4491000
NC_053230.1	4493000	4494000
NC_053230.1	4494000	4495000
NC_053230.1	4498000	4499000
NC_053230.1	4499000	4500000
NC_053230.1	4500000	4501000
NC_053230.1	4501000	4502000
NC_053230.1	4502000	4503000
NC_053230.1	4503000	4504000
NC_053230.1	4504000	4505000
NC_053230.1	4505000	4506000
NC_053230.1	4506000	4507000
NC_053230.1	4507000	4508000
NC_053230.1	4508000	4509000
NC_053230.1	4509000	4510000
NC_053230.1	4510000	4511000
NC_053230.1	4511000	4512000
NC_053230.1	4512000	4513000
NC_053230.1	4513000	4514000
NC_053230.1	4514000	4515000
NC_053230.1	4515000	4516000
NC_053230.1	4516000	4517000
NC_053230.1	4518000	4519000
NC_053230.1	4519000	4520000
NC_053230.1	4520000	4521000
NC_053230.1	4521000	4522000
NC_053230.1	4522000	4523000
NC_053230.1	4523000	4524000
NC_053230.1	4528000	4529000
NC_053230.1	4529000	4530000
NC_053230.1	4530000	4531000
NC_053230.1	4531000	4532000
NC_053230.1	4532000	4533000
NC_053230.1	4533000	4534000
NC_053230.1	4534000	4535000
NC_053230.1	4535000	4536000
NC_053230.1	4536000	4537000
NC_053230.1	4537000	4538000
NC_053230.1	4538000	4539000
NC_053230.1	4539000	4540000
NC_053230.1	4540000	4541000
NC_053230.1	4541000	4542000
NC_053230.1	4542000	4543000
NC_053230.1	4543000	4544000
NC_053230.1	4544000	4545000
NC_053230.1	4545000	4546000
NC_053230.1	4546000	4547000
NC_053230.1	4547000	4548000
NC_053230.1	4548000	4549000
NC_053230.1	4549000	4550000
NC_053230.1	4550000	4551000
NC_053230.1	4551000	4552000
NC_053230.1	4552000	4553000
NC_053230.1	4554000	4555000
NC_053230.1	4555000	4556000
NC_053230.1	4556000	4557000
NC_053230.1	4559000	4560000
NC_053230.1	4560000	4561000
NC_053230.1	4561000	4562000
NC_053230.1	4562000	4563000
NC_053230.1	4563000	4564000
NC_053230.1	4564000	4565000
NC_053230.1	4565000	4566000
NC_053230.1	4566000	4567000
NC_053230.1	4567000	4568000
NC_053230.1	4568000	4569000
NC_053230.1	4569000	4570000
NC_053230.1	4571000	4572000
NC_053230.1	4575000	4576000
NC_053230.1	4576000	4577000
NC_053230.1	4577000	4578000
NC_053230.1	4578000	4579000
NC_053230.1	4580000	4581000
NC_053230.1	4581000	4582000
NC_053230.1	4582000	4583000
NC_053230.1	4583000	4584000
NC_053230.1	4584000	4585000
NC_053230.1	4585000	4586000
NC_053230.1	4586000	4587000
NC_053230.1	4587000	4588000
NC_053230.1	4588000	4589000
NC_053230.1	4589000	4590000
NC_053230.1	4590000	4591000
NC_053230.1	4591000	4592000
NC_053230.1	4592000	4593000
NC_053230.1	4593000	4594000
NC_053230.1	4594000	4595000
NC_053230.1	4595000	4596000
NC_053230.1	4596000	4597000
NC_053230.1	4597000	4598000
NC_053230.1	4598000	4599000
NC_053230.1	4599000	4600000
NC_053230.1	4600000	4601000
NC_053230.1	4601000	4602000
NC_053230.1	4602000	4603000
NC_053230.1	4603000	4604000
NC_053230.1	4604000	4605000
NC_053230.1	4605000	4606000
NC_053230.1	4610000	4611000
NC_053230.1	4613000	4614000
NC_053230.1	4614000	4615000
NC_053230.1	4618000	4619000
NC_053230.1	4619000	4620000
NC_053230.1	4620000	4621000
NC_053230.1	4621000	4622000
NC_053230.1	4622000	4623000
NC_053230.1	4623000	4624000
NC_053230.1	4624000	4625000
NC_053230.1	4625000	4626000
NC_053230.1	4626000	4627000
NC_053230.1	4627000	4628000
NC_053230.1	4630000	4631000
NC_053230.1	4631000	4632000
NC_053230.1	4632000	4633000
NC_053230.1	4633000	4634000
NC_053230.1	4634000	4635000
NC_053230.1	4635000	4636000
NC_053230.1	4637000	4638000
NC_053230.1	4638000	4639000
NC_053230.1	4639000	4640000
NC_053230.1	4640000	4641000
NC_053230.1	4641000	4642000
NC_053230.1	4642000	4643000
NC_053230.1	4644000	4645000
NC_053230.1	4645000	4646000
NC_053230.1	4646000	4647000
NC_053230.1	4647000	4648000
NC_053230.1	4648000	4649000
NC_053230.1	4649000	4650000
NC_053230.1	4650000	4651000
NC_053230.1	4651000	4652000
NC_053230.1	4652000	4653000
NC_053230.1	4653000	4654000
NC_053230.1	4654000	4655000
NC_053230.1	4655000	4656000
NC_053230.1	4656000	4657000
NC_053230.1	4657000	4658000
NC_053230.1	4658000	4659000
NC_053230.1	4659000	4660000
NC_053230.1	4665000	4666000
NC_053230.1	4666000	4667000
NC_053230.1	4667000	4668000
NC_053230.1	4668000	4669000
NC_053230.1	4669000	4670000
NC_053230.1	4670000	4671000
NC_053230.1	4671000	4672000
NC_053230.1	4672000	4673000
NC_053230.1	4673000	4674000
NC_053230.1	4676000	4677000
NC_053230.1	4736000	4737000
NC_053230.1	4741000	4742000
NC_053230.1	4744000	4745000
NC_053230.1	4745000	4746000
NC_053230.1	4746000	4747000
NC_053230.1	4747000	4748000
NC_053230.1	4748000	4749000
NC_053230.1	4749000	4750000
NC_053230.1	4750000	4751000
NC_053230.1	4751000	4752000
NC_053230.1	4754000	4755000
NC_053230.1	4758000	4759000
NC_053230.1	4762000	4763000
NC_053230.1	4763000	4764000
NC_053230.1	4764000	4765000
NC_053230.1	4765000	4766000
NC_053230.1	4766000	4767000
NC_053230.1	4767000	4768000
NC_053230.1	4768000	4769000
NC_053230.1	4769000	4770000
NC_053230.1	4772000	4773000
NC_053230.1	4773000	4774000
NC_053230.1	4774000	4775000
NC_053230.1	4780000	4781000
NC_053230.1	4785000	4786000
NC_053230.1	4786000	4787000
NC_053230.1	4787000	4788000
NC_053230.1	4788000	4789000
NC_053230.1	4789000	4790000
NC_053230.1	4790000	4791000
NC_053230.1	4791000	4792000
NC_053230.1	4792000	4793000
NC_053230.1	4793000	4794000
NC_053230.1	4794000	4795000
NC_053230.1	4795000	4796000
NC_053230.1	4796000	4797000
NC_053230.1	4797000	4798000
NC_053230.1	4798000	4799000
NC_053230.1	4799000	4800000
NC_053230.1	4802000	4803000
NC_053230.1	4803000	4804000
NC_053230.1	4804000	4805000
NC_053230.1	4805000	4806000
NC_053230.1	4806000	4807000
NC_053230.1	4807000	4808000
NC_053230.1	4808000	4809000
NC_053230.1	4809000	4810000
NC_053230.1	4810000	4811000
NC_053230.1	4811000	4812000
NC_053230.1	4812000	4813000
NC_053230.1	4813000	4814000
NC_053230.1	4814000	4815000
NC_053230.1	4815000	4816000
NC_053230.1	4818000	4819000
NC_053230.1	4819000	4820000
NC_053230.1	4820000	4821000
NC_053230.1	4821000	4822000
NC_053230.1	4822000	4823000
NC_053230.1	4823000	4824000
NC_053230.1	4824000	4825000
NC_053230.1	4825000	4826000
NC_053230.1	4826000	4827000
NC_053230.1	4827000	4828000
NC_053230.1	4828000	4829000
NC_053230.1	4829000	4830000
NC_053230.1	4830000	4831000
NC_053230.1	4831000	4832000
NC_053230.1	4832000	4833000
NC_053230.1	4833000	4834000
NC_053230.1	4834000	4835000
NC_053230.1	4835000	4836000
NC_053230.1	4836000	4837000
NC_053230.1	4837000	4838000
NC_053230.1	4838000	4839000
NC_053230.1	4839000	4840000
NC_053230.1	4840000	4841000
NC_053230.1	4841000	4842000
NC_053230.1	4842000	4843000
NC_053230.1	4846000	4847000
NC_053230.1	4847000	4848000
NC_053230.1	4848000	4849000
NC_053230.1	4849000	4850000
NC_053230.1	4850000	4851000
NC_053230.1	4851000	4852000
NC_053230.1	4852000	4853000
NC_053230.1	4853000	4854000
NC_053230.1	4854000	4855000
NC_053230.1	4855000	4856000
NC_053230.1	4856000	4857000
NC_053230.1	4857000	4858000
NC_053230.1	4858000	4859000
NC_053230.1	4859000	4860000
NC_053230.1	4862000	4863000
NC_053230.1	4863000	4864000
NC_053230.1	4864000	4865000
NC_053230.1	4865000	4866000
NC_053230.1	4866000	4867000
NC_053230.1	4868000	4869000
NC_053230.1	4869000	4870000
NC_053230.1	4870000	4871000
NC_053230.1	4871000	4872000
NC_053230.1	4872000	4873000
NC_053230.1	4873000	4874000
NC_053230.1	4874000	4875000
NC_053230.1	4878000	4879000
NC_053230.1	4879000	4880000
NC_053230.1	4880000	4881000
NC_053230.1	4881000	4882000
NC_053230.1	4882000	4883000
NC_053230.1	4883000	4884000
NC_053230.1	4884000	4885000
NC_053230.1	4885000	4886000
NC_053230.1	4886000	4887000
NC_053230.1	4887000	4888000
NC_053230.1	4888000	4889000
NC_053230.1	4889000	4890000
NC_053230.1	4890000	4891000
NC_053230.1	4891000	4892000
NC_053230.1	4892000	4893000
NC_053230.1	4893000	4894000
NC_053230.1	4894000	4895000
NC_053230.1	4895000	4896000
NC_053230.1	4896000	4897000
NC_053230.1	4897000	4898000
NC_053230.1	4898000	4899000
NC_053230.1	4899000	4900000
NC_053230.1	4900000	4901000
NC_053230.1	4903000	4904000
NC_053230.1	4904000	4905000
NC_053230.1	4905000	4906000
NC_053230.1	4906000	4907000
NC_053230.1	4907000	4908000
NC_053230.1	4908000	4909000
NC_053230.1	4909000	4910000
NC_053230.1	4911000	4912000
NC_053230.1	4912000	4913000
NC_053230.1	4913000	4914000
NC_053230.1	4915000	4916000
NC_053230.1	4916000	4917000
NC_053230.1	4917000	4918000
NC_053230.1	4918000	4919000
NC_053230.1	4919000	4920000
NC_053230.1	4920000	4921000
NC_053230.1	4921000	4922000
NC_053230.1	4922000	4923000
NC_053230.1	4923000	4924000
NC_053230.1	4925000	4926000
NC_053230.1	4926000	4927000
NC_053230.1	4927000	4928000
NC_053230.1	4928000	4929000
NC_053230.1	4929000	4930000
NC_053230.1	4930000	4931000
NC_053230.1	4931000	4932000
NC_053230.1	4932000	4933000
NC_053230.1	4934000	4935000
NC_053230.1	4935000	4936000
NC_053230.1	4936000	4937000
NC_053230.1	4937000	4938000
NC_053230.1	4938000	4939000
NC_053230.1	4939000	4940000
NC_053230.1	4940000	4941000
NC_053230.1	4941000	4942000
NC_053230.1	4942000	4943000
NC_053230.1	4943000	4944000
NC_053230.1	4944000	4945000
NC_053230.1	4945000	4946000
NC_053230.1	4946000	4947000
NC_053230.1	4947000	4948000
NC_053230.1	4949000	4950000
NC_053230.1	4950000	4951000
NC_053230.1	4951000	4952000
NC_053230.1	4955000	4956000
NC_053230.1	4956000	4957000
NC_053230.1	4957000	4958000
NC_053230.1	4958000	4959000
NC_053230.1	4959000	4960000
NC_053230.1	4960000	4961000
NC_053230.1	4961000	4962000
NC_053230.1	4962000	4963000
NC_053230.1	4963000	4964000
NC_053230.1	4966000	4967000
NC_053230.1	4967000	4968000
NC_053230.1	4968000	4969000
NC_053230.1	4969000	4970000
NC_053230.1	4970000	4971000
NC_053230.1	4971000	4972000
NC_053230.1	4972000	4973000
NC_053230.1	4973000	4974000
NC_053230.1	4974000	4975000
NC_053230.1	4975000	4976000
NC_053230.1	4976000	4977000
NC_053230.1	4977000	4978000
NC_053230.1	4978000	4979000
NC_053230.1	4979000	4980000
NC_053230.1	4980000	4981000
NC_053230.1	4981000	4982000
NC_053230.1	4983000	4984000
NC_053230.1	4984000	4985000
NC_053230.1	4985000	4986000
NC_053230.1	4986000	4987000
NC_053230.1	4987000	4988000
NC_053230.1	4988000	4989000
NC_053230.1	4989000	4990000
NC_053230.1	4990000	4991000
NC_053230.1	4991000	4992000
NC_053230.1	4992000	4993000
NC_053230.1	4993000	4994000
NC_053230.1	4994000	4995000
NC_053230.1	4995000	4996000
NC_053230.1	4996000	4997000
NC_053230.1	4997000	4998000
NC_053230.1	4998000	4999000
NC_053230.1	4999000	5000000
NC_053230.1	5000000	5001000
NC_053230.1	5001000	5002000
NC_053230.1	5002000	5003000
NC_053230.1	5003000	5004000
NC_053230.1	5004000	5005000
NC_053230.1	5005000	5006000
NC_053230.1	5006000	5007000
NC_053230.1	5009000	5010000
NC_053230.1	5010000	5011000
NC_053230.1	5011000	5012000
NC_053230.1	5012000	5013000
NC_053230.1	5013000	5014000
NC_053230.1	5014000	5015000
NC_053230.1	5015000	5016000
NC_053230.1	5016000	5017000
NC_053230.1	5017000	5018000
NC_053230.1	5019000	5020000
NC_053230.1	5020000	5021000
NC_053230.1	5021000	5022000
NC_053230.1	5022000	5023000
NC_053230.1	5023000	5024000
NC_053230.1	5025000	5026000
NC_053230.1	5026000	5027000
NC_053230.1	5027000	5028000
NC_053230.1	5028000	5029000
NC_053230.1	5029000	5030000
NC_053230.1	5030000	5031000
NC_053230.1	5031000	5032000
NC_053230.1	5032000	5033000
NC_053230.1	5033000	5034000
NC_053230.1	5035000	5036000
NC_053230.1	5036000	5037000
NC_053230.1	5037000	5038000
NC_053230.1	5038000	5039000
NC_053230.1	5039000	5040000
NC_053230.1	5040000	5041000
NC_053230.1	5041000	5042000
NC_053230.1	5042000	5043000
NC_053230.1	5043000	5044000
NC_053230.1	5044000	5045000
NC_053230.1	5046000	5047000
NC_053230.1	5047000	5048000
NC_053230.1	5048000	5049000
NC_053230.1	5049000	5050000
NC_053230.1	5050000	5051000
NC_053230.1	5051000	5052000
NC_053230.1	5052000	5053000
NC_053230.1	5053000	5054000
NC_053230.1	5054000	5055000
NC_053230.1	5055000	5056000
NC_053230.1	5056000	5057000
NC_053230.1	5057000	5058000
NC_053230.1	5058000	5059000
NC_053230.1	5059000	5060000
NC_053230.1	5060000	5061000
NC_053230.1	5061000	5062000
NC_053230.1	5063000	5064000
NC_053230.1	5064000	5065000
NC_053230.1	5065000	5066000
NC_053230.1	5066000	5067000
NC_053230.1	5068000	5069000
NC_053230.1	5069000	5070000
NC_053230.1	5072000	5073000
NC_053230.1	5073000	5074000
NC_053230.1	5076000	5077000
NC_053230.1	5079000	5080000
NC_053230.1	5081000	5082000
NC_053230.1	5082000	5083000
NC_053230.1	5083000	5084000
NC_053230.1	5087000	5088000
NC_053230.1	5088000	5089000
NC_053230.1	5089000	5090000
NC_053230.1	5091000	5092000
NC_053230.1	5092000	5093000
NC_053230.1	5093000	5094000
NC_053230.1	5094000	5095000
NC_053230.1	5095000	5096000
NC_053230.1	5097000	5098000
NC_053230.1	5098000	5099000
NC_053230.1	5099000	5100000
NC_053230.1	5100000	5101000
NC_053230.1	5102000	5103000
NC_053230.1	5104000	5105000
NC_053230.1	5105000	5106000
NC_053230.1	5106000	5107000
NC_053230.1	5107000	5108000
NC_053230.1	5108000	5109000
NC_053230.1	5109000	5110000
NC_053230.1	5122000	5123000
NC_053230.1	5123000	5124000
NC_053230.1	5124000	5125000
NC_053230.1	5129000	5130000
NC_053230.1	5131000	5132000
NC_053230.1	5132000	5133000
NC_053230.1	5145000	5146000
NC_053230.1	5146000	5147000
NC_053230.1	5147000	5148000
NC_053230.1	5148000	5149000
NC_053230.1	5149000	5150000
NC_053230.1	5150000	5151000
NC_053230.1	5151000	5152000
NC_053230.1	5152000	5153000
NC_053230.1	5153000	5154000
NC_053230.1	5154000	5155000
NC_053230.1	5155000	5156000
NC_053230.1	5156000	5157000
NC_053230.1	5157000	5158000
NC_053230.1	5159000	5160000
NC_053230.1	5160000	5161000
NC_053230.1	5161000	5162000
NC_053230.1	5162000	5163000
NC_053230.1	5163000	5164000
NC_053230.1	5168000	5169000
NC_053230.1	5169000	5170000
NC_053230.1	5170000	5171000
NC_053230.1	5171000	5172000
NC_053230.1	5173000	5174000
NC_053230.1	5174000	5175000
NC_053230.1	5175000	5176000
NC_053230.1	5176000	5177000
NC_053230.1	5177000	5178000
NC_053230.1	5178000	5179000
NC_053230.1	5179000	5180000
NC_053230.1	5180000	5181000
NC_053230.1	5181000	5182000
NC_053230.1	5182000	5183000
NC_053230.1	5183000	5184000
NC_053230.1	5184000	5185000
NC_053230.1	5185000	5186000
NC_053230.1	5186000	5187000
NC_053230.1	5187000	5188000
NC_053230.1	5188000	5189000
NC_053230.1	5189000	5190000
NC_053230.1	5190000	5191000
NC_053230.1	5191000	5192000
NC_053230.1	5192000	5193000
NC_053230.1	5195000	5196000
NC_053230.1	5196000	5197000
NC_053230.1	5197000	5198000
NC_053230.1	5198000	5199000
NC_053230.1	5199000	5200000
NC_053230.1	5201000	5202000
NC_053230.1	5202000	5203000
NC_053230.1	5203000	5204000
NC_053230.1	5204000	5205000
NC_053230.1	5205000	5206000
NC_053230.1	5207000	5208000
NC_053230.1	5211000	5212000
NC_053230.1	5212000	5213000
NC_053230.1	5213000	5214000
NC_053230.1	5214000	5215000
NC_053230.1	5215000	5216000
NC_053230.1	5216000	5217000
NC_053230.1	5217000	5218000
NC_053230.1	5218000	5219000
NC_053230.1	5219000	5220000
NC_053230.1	5223000	5224000
NC_053230.1	5225000	5226000
NC_053230.1	5226000	5227000
NC_053230.1	5227000	5228000
NC_053230.1	5228000	5229000
NC_053230.1	5229000	5230000
NC_053230.1	5230000	5231000
NC_053230.1	5231000	5232000
NC_053230.1	5232000	5233000
NC_053230.1	5233000	5234000
NC_053230.1	5234000	5235000
NC_053230.1	5235000	5236000
NC_053230.1	5236000	5237000
NC_053230.1	5237000	5238000
NC_053230.1	5238000	5239000
NC_053230.1	5239000	5240000
NC_053230.1	5240000	5241000
NC_053230.1	5241000	5242000
NC_053230.1	5242000	5243000
NC_053230.1	5243000	5244000
NC_053230.1	5244000	5245000
NC_053230.1	5245000	5246000
NC_053230.1	5246000	5247000
NC_053230.1	5247000	5248000
NC_053230.1	5251000	5252000
NC_053230.1	5252000	5253000
NC_053230.1	5253000	5254000
NC_053230.1	5254000	5255000
NC_053230.1	5255000	5256000
NC_053230.1	5256000	5257000
NC_053230.1	5257000	5258000
NC_053230.1	5258000	5259000
NC_053230.1	5259000	5260000
NC_053230.1	5261000	5262000
NC_053230.1	5262000	5263000
NC_053230.1	5263000	5264000
NC_053230.1	5264000	5265000
NC_053230.1	5265000	5266000
NC_053230.1	5266000	5267000
NC_053230.1	5267000	5268000
NC_053230.1	5268000	5269000
NC_053230.1	5269000	5270000
NC_053230.1	5270000	5271000
NC_053230.1	5271000	5272000
NC_053230.1	5272000	5273000
NC_053230.1	5273000	5274000
NC_053230.1	5274000	5275000
NC_053230.1	5275000	5276000
NC_053230.1	5276000	5277000
NC_053230.1	5277000	5278000
NC_053230.1	5278000	5279000
NC_053230.1	5280000	5281000
NC_053230.1	5282000	5283000
NC_053230.1	5283000	5284000
NC_053230.1	5284000	5285000
NC_053230.1	5285000	5286000
NC_053230.1	5286000	5287000
NC_053230.1	5287000	5288000
NC_053230.1	5288000	5289000
NC_053230.1	5289000	5290000
NC_053230.1	5293000	5294000
NC_053230.1	5294000	5295000
NC_053230.1	5295000	5296000
NC_053230.1	5296000	5297000
NC_053230.1	5297000	5298000
NC_053230.1	5298000	5299000
NC_053230.1	5299000	5300000
NC_053230.1	5301000	5302000
NC_053230.1	5302000	5303000
NC_053230.1	5303000	5304000
NC_053230.1	5304000	5305000
NC_053230.1	5305000	5306000
NC_053230.1	5306000	5307000
NC_053230.1	5307000	5308000
NC_053230.1	5308000	5309000
NC_053230.1	5309000	5310000
NC_053230.1	5310000	5311000
NC_053230.1	5315000	5316000
NC_053230.1	5316000	5317000
NC_053230.1	5318000	5319000
NC_053230.1	5319000	5320000
NC_053230.1	5320000	5321000
NC_053230.1	5321000	5322000
NC_053230.1	5322000	5323000
NC_053230.1	5323000	5324000
NC_053230.1	5326000	5327000
NC_053230.1	5329000	5330000
NC_053230.1	5330000	5331000
NC_053230.1	5331000	5332000
NC_053230.1	5332000	5333000
NC_053230.1	5333000	5334000
NC_053230.1	5334000	5335000
NC_053230.1	5335000	5336000
NC_053230.1	5336000	5337000
NC_053230.1	5337000	5338000
NC_053230.1	5338000	5339000
NC_053230.1	5339000	5340000
NC_053230.1	5340000	5341000
NC_053230.1	5341000	5342000
NC_053230.1	5342000	5343000
NC_053230.1	5343000	5344000
NC_053230.1	5344000	5345000
NC_053230.1	5345000	5346000
NC_053230.1	5346000	5347000
NC_053230.1	5347000	5348000
NC_053230.1	5348000	5349000
NC_053230.1	5349000	5350000
NC_053230.1	5350000	5351000
NC_053230.1	5351000	5352000
NC_053230.1	5352000	5353000
NC_053230.1	5353000	5354000
NC_053230.1	5356000	5357000
NC_053230.1	5357000	5358000
NC_053230.1	5358000	5359000
NC_053230.1	5359000	5360000
NC_053230.1	5362000	5363000
NC_053230.1	5363000	5364000
NC_053230.1	5364000	5365000
NC_053230.1	5365000	5366000
NC_053230.1	5366000	5367000
NC_053230.1	5367000	5368000
NC_053230.1	5368000	5369000
NC_053230.1	5369000	5370000
NC_053230.1	5370000	5371000
NC_053230.1	5371000	5372000
NC_053230.1	5372000	5373000
NC_053230.1	5373000	5374000
NC_053230.1	5374000	5375000
NC_053230.1	5375000	5376000
NC_053230.1	5376000	5377000
NC_053230.1	5381000	5382000
NC_053230.1	5382000	5383000
NC_053230.1	5383000	5384000
NC_053230.1	5384000	5385000
NC_053230.1	5385000	5386000
NC_053230.1	5386000	5387000
NC_053230.1	5387000	5388000
NC_053230.1	5388000	5389000
NC_053230.1	5389000	5390000
NC_053230.1	5390000	5391000
NC_053230.1	5391000	5392000
NC_053230.1	5392000	5393000
NC_053230.1	5393000	5394000
NC_053230.1	5394000	5395000
NC_053230.1	5395000	5396000
NC_053230.1	5396000	5397000
NC_053230.1	5397000	5398000
NC_053230.1	5398000	5399000
NC_053230.1	5399000	5400000
NC_053230.1	5400000	5401000
NC_053230.1	5401000	5402000
NC_053230.1	5402000	5403000
NC_053230.1	5403000	5404000
NC_053230.1	5405000	5406000
NC_053230.1	5406000	5407000
NC_053230.1	5407000	5408000
NC_053230.1	5408000	5409000
NC_053230.1	5409000	5410000
NC_053230.1	5410000	5411000
NC_053230.1	5411000	5412000
NC_053230.1	5413000	5414000
NC_053230.1	5414000	5415000
NC_053230.1	5415000	5416000
NC_053230.1	5416000	5417000
NC_053230.1	5417000	5418000
NC_053230.1	5418000	5419000
NC_053230.1	5419000	5420000
NC_053230.1	5420000	5421000
NC_053230.1	5421000	5422000
NC_053230.1	5422000	5423000
NC_053230.1	5423000	5424000
NC_053230.1	5424000	5425000
NC_053230.1	5425000	5426000
NC_053230.1	5426000	5427000
NC_053230.1	5427000	5428000
NC_053230.1	5428000	5429000
NC_053230.1	5429000	5430000
NC_053230.1	5431000	5432000
NC_053230.1	5432000	5433000
NC_053230.1	5433000	5434000
NC_053230.1	5434000	5435000
NC_053230.1	5435000	5436000
NC_053230.1	5436000	5437000
NC_053230.1	5437000	5438000
NC_053230.1	5438000	5439000
NC_053230.1	5440000	5441000
NC_053230.1	5441000	5442000
NC_053230.1	5442000	5443000
NC_053230.1	5443000	5444000
NC_053230.1	5444000	5445000
NC_053230.1	5445000	5446000
NC_053230.1	5446000	5447000
NC_053230.1	5453000	5454000
NC_053230.1	5454000	5455000
NC_053230.1	5455000	5456000
NC_053230.1	5456000	5457000
NC_053230.1	5457000	5458000
NC_053230.1	5458000	5459000
NC_053230.1	5459000	5460000
NC_053230.1	5460000	5461000
NC_053230.1	5461000	5462000
NC_053230.1	5462000	5463000
NC_053230.1	5463000	5464000
NC_053230.1	5464000	5465000
NC_053230.1	5465000	5466000
NC_053230.1	5466000	5467000
NC_053230.1	5467000	5468000
NC_053230.1	5469000	5470000
NC_053230.1	5470000	5471000
NC_053230.1	5471000	5472000
NC_053230.1	5472000	5473000
NC_053230.1	5473000	5474000
NC_053230.1	5474000	5475000
NC_053230.1	5475000	5476000
NC_053230.1	5476000	5477000
NC_053230.1	5477000	5478000
NC_053230.1	5478000	5479000
NC_053230.1	5479000	5480000
NC_053230.1	5481000	5482000
NC_053230.1	5482000	5483000
NC_053230.1	5483000	5484000
NC_053230.1	5484000	5485000
NC_053230.1	5485000	5486000
NC_053230.1	5486000	5487000
NC_053230.1	5487000	5488000
NC_053230.1	5488000	5489000
NC_053230.1	5489000	5490000
NC_053230.1	5490000	5491000
NC_053230.1	5491000	5492000
NC_053230.1	5492000	5493000
NC_053230.1	5493000	5494000
NC_053230.1	5494000	5495000
NC_053230.1	5495000	5496000
NC_053230.1	5496000	5497000
NC_053230.1	5497000	5498000
NC_053230.1	5498000	5499000
NC_053230.1	5499000	5500000
NC_053230.1	5500000	5501000
NC_053230.1	5501000	5502000
NC_053230.1	5502000	5503000
NC_053230.1	5503000	5504000
NC_053230.1	5504000	5505000
NC_053230.1	5505000	5506000
NC_053230.1	5506000	5507000
NC_053230.1	5507000	5508000
NC_053230.1	5508000	5509000
NC_053230.1	5509000	5510000
NC_053230.1	5510000	5511000
NC_053230.1	5511000	5512000
NC_053230.1	5512000	5513000
NC_053230.1	5513000	5514000
NC_053230.1	5514000	5515000
NC_053230.1	5515000	5516000
NC_053230.1	5517000	5518000
NC_053230.1	5518000	5519000
NC_053230.1	5519000	5520000
NC_053230.1	5520000	5521000
NC_053230.1	5523000	5524000
NC_053230.1	5524000	5525000
NC_053230.1	5531000	5532000
NC_053230.1	5532000	5533000
NC_053230.1	5533000	5534000
NC_053230.1	5534000	5535000
NC_053230.1	5535000	5536000
NC_053230.1	5536000	5537000
NC_053230.1	5537000	5538000
NC_053230.1	5538000	5539000
NC_053230.1	5540000	5541000
NC_053230.1	5541000	5542000
NC_053230.1	5542000	5543000
NC_053230.1	5543000	5544000
NC_053230.1	5547000	5548000
NC_053230.1	5548000	5549000
NC_053230.1	5549000	5550000
NC_053230.1	5550000	5551000
NC_053230.1	5551000	5552000
NC_053230.1	5552000	5553000
NC_053230.1	5553000	5554000
NC_053230.1	5554000	5555000
NC_053230.1	5556000	5557000
NC_053230.1	5557000	5558000
NC_053230.1	5561000	5562000
NC_053230.1	5563000	5564000
NC_053230.1	5567000	5568000
NC_053230.1	5568000	5569000
NC_053230.1	5569000	5570000
NC_053230.1	5570000	5571000
NC_053230.1	5571000	5572000
NC_053230.1	5572000	5573000
NC_053230.1	5573000	5574000
NC_053230.1	5574000	5575000
NC_053230.1	5575000	5576000
NC_053230.1	5576000	5577000
NC_053230.1	5577000	5578000
NC_053230.1	5578000	5579000
NC_053230.1	5579000	5580000
NC_053230.1	5580000	5581000
NC_053230.1	5581000	5582000
NC_053230.1	5582000	5583000
NC_053230.1	5583000	5584000
NC_053230.1	5584000	5585000
NC_053230.1	5586000	5587000
NC_053230.1	5593000	5594000
NC_053230.1	5594000	5595000
NC_053230.1	5595000	5596000
NC_053230.1	5597000	5598000
NC_053230.1	5601000	5602000
NC_053230.1	5602000	5603000
NC_053230.1	5603000	5604000
NC_053230.1	5604000	5605000
NC_053230.1	5605000	5606000
NC_053230.1	5609000	5610000
NC_053230.1	5610000	5611000
NC_053230.1	5611000	5612000
NC_053230.1	5612000	5613000
NC_053230.1	5613000	5614000
NC_053230.1	5614000	5615000
NC_053230.1	5615000	5616000
NC_053230.1	5616000	5617000
NC_053230.1	5617000	5618000
NC_053230.1	5618000	5619000
NC_053230.1	5619000	5620000
NC_053230.1	5620000	5621000
NC_053230.1	5621000	5622000
NC_053230.1	5622000	5623000
NC_053230.1	5623000	5624000
NC_053230.1	5624000	5625000
NC_053230.1	5625000	5626000
NC_053230.1	5626000	5627000
NC_053230.1	5627000	5628000
NC_053230.1	5628000	5629000
NC_053230.1	5629000	5630000
NC_053230.1	5630000	5631000
NC_053230.1	5632000	5633000
NC_053230.1	5633000	5634000
NC_053230.1	5635000	5636000
NC_053230.1	5636000	5637000
NC_053230.1	5637000	5638000
NC_053230.1	5638000	5639000
NC_053230.1	5639000	5640000
NC_053230.1	5640000	5641000
NC_053230.1	5641000	5642000
NC_053230.1	5642000	5643000
NC_053230.1	5643000	5644000
NC_053230.1	5644000	5645000
NC_053230.1	5645000	5646000
NC_053230.1	5646000	5647000
NC_053230.1	5647000	5648000
NC_053230.1	5648000	5649000
NC_053230.1	5649000	5650000
NC_053230.1	5650000	5651000
NC_053230.1	5653000	5654000
NC_053230.1	5654000	5655000
NC_053230.1	5655000	5656000
NC_053230.1	5656000	5657000
NC_053230.1	5657000	5658000
NC_053230.1	5658000	5659000
NC_053230.1	5659000	5660000
NC_053230.1	5660000	5661000
NC_053230.1	5661000	5662000
NC_053230.1	5663000	5664000
NC_053230.1	5666000	5667000
NC_053230.1	5667000	5668000
NC_053230.1	5668000	5669000
NC_053230.1	5669000	5670000
NC_053230.1	5670000	5671000
NC_053230.1	5671000	5672000
NC_053230.1	5672000	5673000
NC_053230.1	5673000	5674000
NC_053230.1	5674000	5675000
NC_053230.1	5675000	5676000
NC_053230.1	5676000	5677000
NC_053230.1	5677000	5678000
NC_053230.1	5678000	5679000
NC_053230.1	5679000	5680000
NC_053230.1	5680000	5681000
NC_053230.1	5681000	5682000
NC_053230.1	5682000	5683000
NC_053230.1	5684000	5685000
NC_053230.1	5685000	5686000
NC_053230.1	5686000	5687000
NC_053230.1	5687000	5688000
NC_053230.1	5688000	5689000
NC_053230.1	5689000	5690000
NC_053230.1	5691000	5692000
NC_053230.1	5692000	5693000
NC_053230.1	5693000	5694000
NC_053230.1	5694000	5695000
NC_053230.1	5695000	5696000
NC_053230.1	5696000	5697000
NC_053230.1	5697000	5698000
NC_053230.1	5698000	5699000
NC_053230.1	5699000	5700000
NC_053230.1	5701000	5702000
NC_053230.1	5703000	5704000
NC_053230.1	5704000	5705000
NC_053230.1	5705000	5706000
NC_053230.1	5706000	5707000
NC_053230.1	5707000	5708000
NC_053230.1	5708000	5709000
NC_053230.1	5709000	5710000
NC_053230.1	5710000	5711000
NC_053230.1	5711000	5712000
NC_053230.1	5712000	5713000
NC_053230.1	5713000	5714000
NC_053230.1	5714000	5715000
NC_053230.1	5715000	5716000
NC_053230.1	5716000	5717000
NC_053230.1	5718000	5719000
NC_053230.1	5719000	5720000
NC_053230.1	5720000	5721000
NC_053230.1	5721000	5722000
NC_053230.1	5725000	5726000
NC_053230.1	5728000	5729000
NC_053230.1	5729000	5730000
NC_053230.1	5730000	5731000
NC_053230.1	5731000	5732000
NC_053230.1	5732000	5733000
NC_053230.1	5733000	5734000
NC_053230.1	5734000	5735000
NC_053230.1	5735000	5736000
NC_053230.1	5737000	5738000
NC_053230.1	5738000	5739000
NC_053230.1	5740000	5741000
NC_053230.1	5741000	5742000
NC_053230.1	5742000	5743000
NC_053230.1	5743000	5744000
NC_053230.1	5744000	5745000
NC_053230.1	5745000	5746000
NC_053230.1	5746000	5747000
NC_053230.1	5749000	5750000
NC_053230.1	5750000	5751000
NC_053230.1	5751000	5752000
NC_053230.1	5752000	5753000
NC_053230.1	5753000	5754000
NC_053230.1	5754000	5755000
NC_053230.1	5770000	5771000
NC_053230.1	5771000	5772000
NC_053230.1	5772000	5773000
NC_053230.1	5773000	5774000
NC_053230.1	5774000	5775000
NC_053230.1	5775000	5776000
NC_053230.1	5776000	5777000
NC_053230.1	5777000	5778000
NC_053230.1	5778000	5779000
NC_053230.1	5779000	5780000
NC_053230.1	5780000	5781000
NC_053230.1	5782000	5783000
NC_053230.1	5783000	5784000
NC_053230.1	5784000	5785000
NC_053230.1	5785000	5786000
NC_053230.1	5786000	5787000
NC_053230.1	5787000	5788000
NC_053230.1	5788000	5789000
NC_053230.1	5789000	5790000
NC_053230.1	5790000	5791000
NC_053230.1	5791000	5792000
NC_053230.1	5792000	5793000
NC_053230.1	5794000	5795000
NC_053230.1	5795000	5796000
NC_053230.1	5796000	5797000
NC_053230.1	5797000	5798000
NC_053230.1	5799000	5800000
NC_053230.1	5800000	5801000
NC_053230.1	5801000	5802000
NC_053230.1	5802000	5803000
NC_053230.1	5803000	5804000
NC_053230.1	5804000	5805000
NC_053230.1	5805000	5806000
NC_053230.1	5806000	5807000
NC_053230.1	5809000	5810000
NC_053230.1	5810000	5811000
NC_053230.1	5811000	5812000
NC_053230.1	5813000	5814000
NC_053230.1	5814000	5815000
NC_053230.1	5815000	5816000
NC_053230.1	5818000	5819000
NC_053230.1	5819000	5820000
NC_053230.1	5820000	5821000
NC_053230.1	5821000	5822000
NC_053230.1	5822000	5823000
NC_053230.1	5823000	5824000
NC_053230.1	5824000	5825000
NC_053230.1	5825000	5826000
NC_053230.1	5826000	5827000
NC_053230.1	5827000	5828000
NC_053230.1	5828000	5829000
NC_053230.1	5829000	5830000
NC_053230.1	5830000	5831000
NC_053230.1	5831000	5832000
NC_053230.1	5832000	5833000
NC_053230.1	5833000	5834000
NC_053230.1	5834000	5835000
NC_053230.1	5835000	5836000
NC_053230.1	5836000	5837000
NC_053230.1	5837000	5838000
NC_053230.1	5838000	5839000
NC_053230.1	5839000	5840000
NC_053230.1	5840000	5841000
NC_053230.1	5841000	5842000
NC_053230.1	5842000	5843000
NC_053230.1	5843000	5844000
NC_053230.1	5844000	5845000
NC_053230.1	5845000	5846000
NC_053230.1	5846000	5847000
NC_053230.1	5847000	5848000
NC_053230.1	5848000	5849000
NC_053230.1	5849000	5850000
NC_053230.1	5850000	5851000
NC_053230.1	5855000	5856000
NC_053230.1	5856000	5857000
NC_053230.1	5858000	5859000
NC_053230.1	5860000	5861000
NC_053230.1	5861000	5862000
NC_053230.1	5862000	5863000
NC_053230.1	5863000	5864000
NC_053230.1	5864000	5865000
NC_053230.1	5865000	5866000
NC_053230.1	5866000	5867000
NC_053230.1	5869000	5870000
NC_053230.1	5877000	5878000
NC_053230.1	5878000	5879000
NC_053230.1	5879000	5880000
NC_053230.1	5880000	5881000
NC_053230.1	5881000	5882000
NC_053230.1	5882000	5883000
NC_053230.1	5883000	5884000
NC_053230.1	5884000	5885000
NC_053230.1	5887000	5888000
NC_053230.1	5917000	5918000
NC_053230.1	5918000	5919000
NC_053230.1	5919000	5920000
NC_053230.1	5920000	5921000
NC_053230.1	5921000	5922000
NC_053230.1	5922000	5923000
NC_053230.1	5923000	5924000
NC_053230.1	5925000	5926000
NC_053230.1	5926000	5927000
NC_053230.1	5927000	5928000
NC_053230.1	5928000	5929000
NC_053230.1	5932000	5933000
NC_053230.1	5933000	5934000
NC_053230.1	5934000	5935000
NC_053230.1	5935000	5936000
NC_053230.1	5936000	5937000
NC_053230.1	5937000	5938000
NC_053230.1	5995000	5996000
NC_053230.1	5996000	5997000
NC_053230.1	5997000	5998000
NC_053230.1	5998000	5999000
NC_053230.1	5999000	6000000
NC_053230.1	6001000	6002000
NC_053230.1	6011000	6012000
NC_053230.1	6012000	6013000
NC_053230.1	6013000	6014000
NC_053230.1	6014000	6015000
NC_053230.1	6018000	6019000
NC_053230.1	6019000	6020000
NC_053230.1	6020000	6021000
NC_053230.1	6021000	6022000
NC_053230.1	6023000	6024000
NC_053230.1	6024000	6025000
NC_053230.1	6026000	6027000
NC_053230.1	6027000	6028000
NC_053230.1	6028000	6029000
NC_053230.1	6029000	6030000
NC_053230.1	6030000	6031000
NC_053230.1	6031000	6032000
NC_053230.1	6033000	6034000
NC_053230.1	6034000	6035000
NC_053230.1	6036000	6037000
NC_053230.1	6037000	6038000
NC_053230.1	6038000	6039000
NC_053230.1	6039000	6040000
NC_053230.1	6040000	6041000
NC_053230.1	6042000	6043000
NC_053230.1	6043000	6044000
NC_053230.1	6044000	6045000
NC_053230.1	6045000	6046000
NC_053230.1	6047000	6048000
NC_053230.1	6051000	6052000
NC_053230.1	6054000	6055000
NC_053230.1	6055000	6056000
NC_053230.1	6056000	6057000
NC_053230.1	6057000	6058000
NC_053230.1	6058000	6059000
NC_053230.1	6059000	6060000
NC_053230.1	6064000	6065000
NC_053230.1	6065000	6066000
NC_053230.1	6066000	6067000
NC_053230.1	6067000	6068000
NC_053230.1	6068000	6069000
NC_053230.1	6069000	6070000
NC_053230.1	6070000	6071000
NC_053230.1	6071000	6072000
NC_053230.1	6072000	6073000
NC_053230.1	6073000	6074000
NC_053230.1	6074000	6075000
NC_053230.1	6075000	6076000
NC_053230.1	6076000	6077000
NC_053230.1	6077000	6078000
NC_053230.1	6078000	6079000
NC_053230.1	6079000	6080000
NC_053230.1	6080000	6081000
NC_053230.1	6081000	6082000
NC_053230.1	6084000	6085000
NC_053230.1	6085000	6086000
NC_053230.1	6086000	6087000
NC_053230.1	6087000	6088000
NC_053230.1	6088000	6089000
NC_053230.1	6089000	6090000
NC_053230.1	6090000	6091000
NC_053230.1	6091000	6092000
NC_053230.1	6093000	6094000
NC_053230.1	6096000	6097000
NC_053230.1	6098000	6099000
NC_053230.1	6099000	6100000
NC_053230.1	6101000	6102000
NC_053230.1	6102000	6103000
NC_053230.1	6103000	6104000
NC_053230.1	6104000	6105000
NC_053230.1	6105000	6106000
NC_053230.1	6106000	6107000
NC_053230.1	6107000	6108000
NC_053230.1	6108000	6109000
NC_053230.1	6109000	6110000
NC_053230.1	6115000	6116000
NC_053230.1	6116000	6117000
NC_053230.1	6117000	6118000
NC_053230.1	6122000	6123000
NC_053230.1	6123000	6124000
NC_053230.1	6125000	6126000
NC_053230.1	6126000	6127000
NC_053230.1	6127000	6128000
NC_053230.1	6128000	6129000
NC_053230.1	6130000	6131000
NC_053230.1	6131000	6132000
NC_053230.1	6132000	6133000
NC_053230.1	6133000	6134000
NC_053230.1	6136000	6137000
NC_053230.1	6137000	6138000
NC_053230.1	6139000	6140000
NC_053230.1	6140000	6141000
NC_053230.1	6141000	6142000
NC_053230.1	6142000	6143000
NC_053230.1	6143000	6144000
NC_053230.1	6147000	6148000
NC_053230.1	6148000	6149000
NC_053230.1	6149000	6150000
NC_053230.1	6150000	6151000
NC_053230.1	6151000	6152000
NC_053230.1	6152000	6153000
NC_053230.1	6153000	6154000
NC_053230.1	6154000	6155000
NC_053230.1	6155000	6156000
NC_053230.1	6156000	6157000
NC_053230.1	6157000	6158000
NC_053230.1	6159000	6160000
NC_053230.1	6160000	6161000
NC_053230.1	6161000	6162000
NC_053230.1	6162000	6163000
NC_053230.1	6163000	6164000
NC_053230.1	6164000	6165000
NC_053230.1	6165000	6166000
NC_053230.1	6167000	6168000
NC_053230.1	6170000	6171000
NC_053230.1	6171000	6172000
NC_053230.1	6197000	6198000
NC_053230.1	6198000	6199000
NC_053230.1	6199000	6200000
NC_053230.1	6200000	6201000
NC_053230.1	6201000	6202000
NC_053230.1	6202000	6203000
NC_053230.1	6203000	6204000
NC_053230.1	6204000	6205000
NC_053230.1	6205000	6206000
NC_053230.1	6212000	6213000
NC_053230.1	6213000	6214000
NC_053230.1	6214000	6215000
NC_053230.1	6216000	6217000
NC_053230.1	6217000	6218000
NC_053230.1	6219000	6220000
NC_053230.1	6221000	6222000
NC_053230.1	6222000	6223000
NC_053230.1	6223000	6224000
NC_053230.1	6224000	6225000
NC_053230.1	6225000	6226000
NC_053230.1	6226000	6227000
NC_053230.1	6227000	6228000
NC_053230.1	6228000	6229000
NC_053230.1	6229000	6230000
NC_053230.1	6230000	6231000
NC_053230.1	6231000	6232000
NC_053230.1	6232000	6233000
NC_053230.1	6233000	6234000
NC_053230.1	6234000	6235000
NC_053230.1	6235000	6236000
NC_053230.1	6236000	6237000
NC_053230.1	6237000	6238000
NC_053230.1	6238000	6239000
NC_053230.1	6239000	6240000
NC_053230.1	6240000	6241000
NC_053230.1	6241000	6242000
NC_053230.1	6242000	6243000
NC_053230.1	6243000	6244000
NC_053230.1	6244000	6245000
NC_053230.1	6245000	6246000
NC_053230.1	6246000	6247000
NC_053230.1	6247000	6248000
NC_053230.1	6248000	6249000
NC_053230.1	6249000	6250000
NC_053230.1	6253000	6254000
NC_053230.1	6255000	6256000
NC_053230.1	6256000	6257000
NC_053230.1	6258000	6259000
NC_053230.1	6259000	6260000
NC_053230.1	6262000	6263000
NC_053230.1	6263000	6264000
NC_053230.1	6265000	6266000
NC_053230.1	6266000	6267000
NC_053230.1	6267000	6268000
NC_053230.1	6268000	6269000
NC_053230.1	6271000	6272000
NC_053230.1	6272000	6273000
NC_053230.1	6273000	6274000
NC_053230.1	6275000	6276000
NC_053230.1	6278000	6279000
NC_053230.1	6279000	6280000
NC_053230.1	6282000	6283000
NC_053230.1	6285000	6286000
NC_053230.1	6286000	6287000
NC_053230.1	6287000	6288000
NC_053230.1	6291000	6292000
NC_053230.1	6292000	6293000
NC_053230.1	6293000	6294000
NC_053230.1	6294000	6295000
NC_053230.1	6296000	6297000
NC_053230.1	6297000	6298000
NC_053230.1	6298000	6299000
NC_053230.1	6299000	6300000
NC_053230.1	6300000	6301000
NC_053230.1	6301000	6302000
NC_053230.1	6302000	6303000
NC_053230.1	6308000	6309000
NC_053230.1	6309000	6310000
NC_053230.1	6310000	6311000
NC_053230.1	6311000	6312000
NC_053230.1	6312000	6313000
NC_053230.1	6313000	6314000
NC_053230.1	6319000	6320000
NC_053230.1	6323000	6324000
NC_053230.1	6324000	6325000
NC_053230.1	6325000	6326000
NC_053230.1	6326000	6327000
NC_053230.1	6329000	6330000
NC_053230.1	6330000	6331000
NC_053230.1	6331000	6332000
NC_053230.1	6332000	6333000
NC_053230.1	6334000	6335000
NC_053230.1	6335000	6336000
NC_053230.1	6336000	6337000
NC_053230.1	6337000	6338000
NC_053230.1	6339000	6340000
NC_053230.1	6340000	6341000
NC_053230.1	6341000	6342000
NC_053230.1	6342000	6343000
NC_053230.1	6343000	6344000
NC_053230.1	6348000	6349000
NC_053230.1	6349000	6350000
NC_053230.1	6350000	6351000
NC_053230.1	6351000	6352000
NC_053230.1	6352000	6353000
NC_053230.1	6353000	6354000
NC_053230.1	6354000	6355000
NC_053230.1	6355000	6356000
NC_053230.1	6356000	6357000
NC_053230.1	6357000	6358000
NC_053230.1	6358000	6359000
NC_053230.1	6360000	6361000
NC_053230.1	6361000	6362000
NC_053230.1	6362000	6363000
NC_053230.1	6363000	6364000
NC_053230.1	6364000	6365000
NC_053230.1	6365000	6366000
NC_053230.1	6366000	6367000
NC_053230.1	6368000	6369000
NC_053230.1	6369000	6370000
NC_053230.1	6370000	6371000
NC_053230.1	6371000	6372000
NC_053230.1	6372000	6373000
NC_053230.1	6373000	6374000
NC_053230.1	6374000	6375000
NC_053230.1	6377000	6378000
NC_053230.1	6378000	6379000
NC_053230.1	6379000	6380000
NC_053230.1	6380000	6381000
NC_053230.1	6382000	6383000
NC_053230.1	6383000	6384000
NC_053230.1	6384000	6385000
NC_053230.1	6385000	6386000
NC_053230.1	6386000	6387000
NC_053230.1	6387000	6388000
NC_053230.1	6388000	6389000
NC_053230.1	6389000	6390000
NC_053230.1	6390000	6391000
NC_053230.1	6391000	6392000
NC_053230.1	6392000	6393000
NC_053230.1	6393000	6394000
NC_053230.1	6394000	6395000
NC_053230.1	6395000	6396000
NC_053230.1	6396000	6397000
NC_053230.1	6397000	6398000
NC_053230.1	6398000	6399000
NC_053230.1	6399000	6400000
NC_053230.1	6402000	6403000
NC_053230.1	6417000	6418000
NC_053230.1	6427000	6428000
NC_053230.1	6431000	6432000
NC_053230.1	6435000	6436000
NC_053230.1	6436000	6437000
NC_053230.1	6437000	6438000
NC_053230.1	6438000	6439000
NC_053230.1	6439000	6440000
NC_053230.1	6440000	6441000
NC_053230.1	6457000	6458000
NC_053230.1	6458000	6459000
NC_053230.1	6459000	6460000
NC_053230.1	6460000	6461000
NC_053230.1	6461000	6462000
NC_053230.1	6462000	6463000
NC_053230.1	6463000	6464000
NC_053230.1	6464000	6465000
NC_053230.1	6465000	6466000
NC_053230.1	6467000	6468000
NC_053230.1	6468000	6469000
NC_053230.1	6469000	6470000
NC_053230.1	6470000	6471000
NC_053230.1	6471000	6472000
NC_053230.1	6473000	6474000
NC_053230.1	6474000	6475000
NC_053230.1	6475000	6476000
NC_053230.1	6476000	6477000
NC_053230.1	6477000	6478000
NC_053230.1	6478000	6479000
NC_053230.1	6479000	6480000
NC_053230.1	6480000	6481000
NC_053230.1	6481000	6482000
NC_053230.1	6482000	6483000
NC_053230.1	6483000	6484000
NC_053230.1	6485000	6486000
NC_053230.1	6486000	6487000
NC_053230.1	6492000	6493000
NC_053230.1	6494000	6495000
NC_053230.1	6495000	6496000
NC_053230.1	6496000	6497000
NC_053230.1	6497000	6498000
NC_053230.1	6498000	6499000
NC_053230.1	6499000	6500000
NC_053230.1	6501000	6502000
NC_053230.1	6502000	6503000
NC_053230.1	6503000	6504000
NC_053230.1	6504000	6505000
NC_053230.1	6505000	6506000
NC_053230.1	6506000	6507000
NC_053230.1	6507000	6508000
NC_053230.1	6508000	6509000
NC_053230.1	6511000	6512000
NC_053230.1	6512000	6513000
NC_053230.1	6513000	6514000
NC_053230.1	6514000	6515000
NC_053230.1	6517000	6518000
NC_053230.1	6518000	6519000
NC_053230.1	6519000	6520000
NC_053230.1	6520000	6521000
NC_053230.1	6521000	6522000
NC_053230.1	6522000	6523000
NC_053230.1	6523000	6524000
NC_053230.1	6524000	6525000
NC_053230.1	6535000	6536000
NC_053230.1	6536000	6537000
NC_053230.1	6537000	6538000
NC_053230.1	6538000	6539000
NC_053230.1	6539000	6540000
NC_053230.1	6542000	6543000
NC_053230.1	6543000	6544000
NC_053230.1	6544000	6545000
NC_053230.1	6545000	6546000
NC_053230.1	6546000	6547000
NC_053230.1	6547000	6548000
NC_053230.1	6548000	6549000
NC_053230.1	6549000	6550000
NC_053230.1	6550000	6551000
NC_053230.1	6551000	6552000
NC_053230.1	6552000	6553000
NC_053230.1	6553000	6554000
NC_053230.1	6554000	6555000
NC_053230.1	6555000	6556000
NC_053230.1	6556000	6557000
NC_053230.1	6557000	6558000
NC_053230.1	6558000	6559000
NC_053230.1	6559000	6560000
NC_053230.1	6560000	6561000
NC_053230.1	6561000	6562000
NC_053230.1	6563000	6564000
NC_053230.1	6564000	6565000
NC_053230.1	6565000	6566000
NC_053230.1	6566000	6567000
NC_053230.1	6567000	6568000
NC_053230.1	6568000	6569000
NC_053230.1	6569000	6570000
NC_053230.1	6570000	6571000
NC_053230.1	6571000	6572000
NC_053230.1	6572000	6573000
NC_053230.1	6573000	6574000
NC_053230.1	6574000	6575000
NC_053230.1	6575000	6576000
NC_053230.1	6576000	6577000
NC_053230.1	6577000	6578000
NC_053230.1	6578000	6579000
NC_053230.1	6579000	6580000
NC_053230.1	6580000	6581000
NC_053230.1	6581000	6582000
NC_053230.1	6582000	6583000
NC_053230.1	6583000	6584000
NC_053230.1	6584000	6585000
NC_053230.1	6585000	6586000
NC_053230.1	6586000	6587000
NC_053230.1	6587000	6588000
NC_053230.1	6588000	6589000
NC_053230.1	6589000	6590000
NC_053230.1	6590000	6591000
NC_053230.1	6591000	6592000
NC_053230.1	6592000	6593000
NC_053230.1	6593000	6594000
NC_053230.1	6594000	6595000
NC_053230.1	6595000	6596000
NC_053230.1	6596000	6597000
NC_053230.1	6597000	6598000
NC_053230.1	6598000	6599000
NC_053230.1	6600000	6601000
NC_053230.1	6601000	6602000
NC_053230.1	6602000	6603000
NC_053230.1	6603000	6604000
NC_053230.1	6604000	6605000
NC_053230.1	6606000	6607000
NC_053230.1	6607000	6608000
NC_053230.1	6611000	6612000
NC_053230.1	6612000	6613000
NC_053230.1	6613000	6614000
NC_053230.1	6614000	6615000
NC_053230.1	6615000	6616000
NC_053230.1	6616000	6617000
NC_053230.1	6617000	6618000
NC_053230.1	6618000	6619000
NC_053230.1	6620000	6621000
NC_053230.1	6621000	6622000
NC_053230.1	6622000	6623000
NC_053230.1	6623000	6624000
NC_053230.1	6624000	6625000
NC_053230.1	6625000	6626000
NC_053230.1	6626000	6627000
NC_053230.1	6627000	6628000
NC_053230.1	6628000	6629000
NC_053230.1	6630000	6631000
NC_053230.1	6631000	6632000
NC_053230.1	6632000	6633000
NC_053230.1	6633000	6634000
NC_053230.1	6635000	6636000
NC_053230.1	6636000	6637000
NC_053230.1	6637000	6638000
NC_053230.1	6638000	6639000
NC_053230.1	6639000	6640000
NC_053230.1	6640000	6641000
NC_053230.1	6642000	6643000
NC_053230.1	6644000	6645000
NC_053230.1	6646000	6647000
NC_053230.1	6647000	6648000
NC_053230.1	6648000	6649000
NC_053230.1	6649000	6650000
NC_053230.1	6650000	6651000
NC_053230.1	6651000	6652000
NC_053230.1	6652000	6653000
NC_053230.1	6653000	6654000
NC_053230.1	6654000	6655000
NC_053230.1	6655000	6656000
NC_053230.1	6656000	6657000
NC_053230.1	6657000	6658000
NC_053230.1	6658000	6659000
NC_053230.1	6659000	6660000
NC_053230.1	6660000	6661000
NC_053230.1	6661000	6662000
NC_053230.1	6662000	6663000
NC_053230.1	6663000	6664000
NC_053230.1	6664000	6665000
NC_053230.1	6665000	6666000
NC_053230.1	6666000	6667000
NC_053230.1	6667000	6668000
NC_053230.1	6668000	6669000
NC_053230.1	6669000	6670000
NC_053230.1	6670000	6671000
NC_053230.1	6671000	6672000
NC_053230.1	6672000	6673000
NC_053230.1	6673000	6674000
NC_053230.1	6674000	6675000
NC_053230.1	6675000	6676000
NC_053230.1	6676000	6677000
NC_053230.1	6677000	6678000
NC_053230.1	6678000	6679000
NC_053230.1	6679000	6680000
NC_053230.1	6680000	6681000
NC_053230.1	6681000	6682000
NC_053230.1	6682000	6683000
NC_053230.1	6683000	6684000
NC_053230.1	6684000	6685000
NC_053230.1	6685000	6686000
NC_053230.1	6686000	6687000
NC_053230.1	6687000	6688000
NC_053230.1	6688000	6689000
NC_053230.1	6689000	6690000
NC_053230.1	6690000	6691000
NC_053230.1	6691000	6692000
NC_053230.1	6692000	6693000
NC_053230.1	6693000	6694000
NC_053230.1	6694000	6695000
NC_053230.1	6695000	6696000
NC_053230.1	6696000	6697000
NC_053230.1	6697000	6698000
NC_053230.1	6698000	6699000
NC_053230.1	6699000	6700000
NC_053230.1	6700000	6701000
NC_053230.1	6701000	6702000
NC_053230.1	6702000	6703000
NC_053230.1	6703000	6704000
NC_053230.1	6704000	6705000
NC_053230.1	6705000	6706000
NC_053230.1	6706000	6707000
NC_053230.1	6707000	6708000
NC_053230.1	6708000	6709000
NC_053230.1	6709000	6710000
NC_053230.1	6710000	6711000
NC_053230.1	6711000	6712000
NC_053230.1	6712000	6713000
NC_053230.1	6713000	6714000
NC_053230.1	6714000	6715000
NC_053230.1	6715000	6716000
NC_053230.1	6716000	6717000
NC_053230.1	6717000	6718000
NC_053230.1	6718000	6719000
NC_053230.1	6719000	6720000
NC_053230.1	6720000	6721000
NC_053230.1	6721000	6722000
NC_053230.1	6722000	6723000
NC_053230.1	6723000	6724000
NC_053230.1	6725000	6726000
NC_053230.1	6726000	6727000
NC_053230.1	6727000	6728000
NC_053230.1	6728000	6729000
NC_053230.1	6729000	6730000
NC_053230.1	6730000	6731000
NC_053230.1	6732000	6733000
NC_053230.1	6733000	6734000
NC_053230.1	6734000	6735000
NC_053230.1	6735000	6736000
NC_053230.1	6736000	6737000
NC_053230.1	6737000	6738000
NC_053230.1	6738000	6739000
NC_053230.1	6739000	6740000
NC_053230.1	6740000	6741000
NC_053230.1	6741000	6742000
NC_053230.1	6742000	6743000
NC_053230.1	6743000	6744000
NC_053230.1	6745000	6746000
NC_053230.1	6746000	6747000
NC_053230.1	6747000	6748000
NC_053230.1	6748000	6749000
NC_053230.1	6749000	6750000
NC_053230.1	6750000	6751000
NC_053230.1	6751000	6752000
NC_053230.1	6752000	6753000
NC_053230.1	6753000	6754000
NC_053230.1	6754000	6755000
NC_053230.1	6755000	6756000
NC_053230.1	6756000	6757000
NC_053230.1	6757000	6758000
NC_053230.1	6758000	6759000
NC_053230.1	6759000	6760000
NC_053230.1	6760000	6761000
NC_053230.1	6761000	6762000
NC_053230.1	6762000	6763000
NC_053230.1	6763000	6764000
NC_053230.1	6764000	6765000
NC_053230.1	6765000	6766000
NC_053230.1	6766000	6767000
NC_053230.1	6768000	6769000
NC_053230.1	6770000	6771000
NC_053230.1	6771000	6772000
NC_053230.1	6772000	6773000
NC_053230.1	6773000	6774000
NC_053230.1	6774000	6775000
NC_053230.1	6775000	6776000
NC_053230.1	6776000	6777000
NC_053230.1	6778000	6779000
NC_053230.1	6779000	6780000
NC_053230.1	6780000	6781000
NC_053230.1	6781000	6782000
NC_053230.1	6782000	6783000
NC_053230.1	6783000	6784000
NC_053230.1	6784000	6785000
NC_053230.1	6785000	6786000
NC_053230.1	6786000	6787000
NC_053230.1	6787000	6788000
NC_053230.1	6788000	6789000
NC_053230.1	6789000	6790000
NC_053230.1	6790000	6791000
NC_053230.1	6791000	6792000
NC_053230.1	6792000	6793000
NC_053230.1	6793000	6794000
NC_053230.1	6794000	6795000
NC_053230.1	6795000	6796000
NC_053230.1	6796000	6797000
NC_053230.1	6797000	6798000
NC_053230.1	6798000	6799000
NC_053230.1	6799000	6800000
NC_053230.1	6800000	6801000
NC_053230.1	6801000	6802000
NC_053230.1	6802000	6803000
NC_053230.1	6803000	6804000
NC_053230.1	6804000	6805000
NC_053230.1	6805000	6806000
NC_053230.1	6806000	6807000
NC_053230.1	6807000	6808000
NC_053230.1	6808000	6809000
NC_053230.1	6809000	6810000
NC_053230.1	6810000	6811000
NC_053230.1	6811000	6812000
NC_053230.1	6812000	6813000
NC_053230.1	6814000	6815000
NC_053230.1	6815000	6816000
NC_053230.1	6816000	6817000
NC_053230.1	6817000	6818000
NC_053230.1	6818000	6819000
NC_053230.1	6819000	6820000
NC_053230.1	6820000	6821000
NC_053230.1	6821000	6822000
NC_053230.1	6824000	6825000
NC_053230.1	6825000	6826000
NC_053230.1	6826000	6827000
NC_053230.1	6827000	6828000
NC_053230.1	6828000	6829000
NC_053230.1	6829000	6830000
NC_053230.1	6830000	6831000
NC_053230.1	6831000	6832000
NC_053230.1	6832000	6833000
NC_053230.1	6833000	6834000
NC_053230.1	6834000	6835000
NC_053230.1	6835000	6836000
NC_053230.1	6836000	6837000
NC_053230.1	6837000	6838000
NC_053230.1	6838000	6839000
NC_053230.1	6839000	6840000
NC_053230.1	6840000	6841000
NC_053230.1	6841000	6842000
NC_053230.1	6842000	6843000
NC_053230.1	6843000	6844000
NC_053230.1	6844000	6845000
NC_053230.1	6845000	6846000
NC_053230.1	6846000	6847000
NC_053230.1	6847000	6848000
NC_053230.1	6848000	6849000
NC_053230.1	6850000	6851000
NC_053230.1	6851000	6852000
NC_053230.1	6852000	6853000
NC_053230.1	6853000	6854000
NC_053230.1	6854000	6855000
NC_053230.1	6855000	6856000
NC_053230.1	6856000	6857000
NC_053230.1	6857000	6858000
NC_053230.1	6858000	6859000
NC_053230.1	6859000	6860000
NC_053230.1	6860000	6861000
NC_053230.1	6861000	6862000
NC_053230.1	6862000	6863000
NC_053230.1	6864000	6865000
NC_053230.1	6865000	6866000
NC_053230.1	6866000	6867000
NC_053230.1	6867000	6868000
NC_053230.1	6868000	6869000
NC_053230.1	6869000	6870000
NC_053230.1	6870000	6871000
NC_053230.1	6871000	6872000
NC_053230.1	6874000	6875000
NC_053230.1	6878000	6879000
NC_053230.1	6879000	6880000
NC_053230.1	6880000	6881000
NC_053230.1	6881000	6882000
NC_053230.1	6882000	6883000
NC_053230.1	6883000	6884000
NC_053230.1	6884000	6885000
NC_053230.1	6885000	6886000
NC_053230.1	6892000	6893000
NC_053230.1	6895000	6896000
NC_053230.1	6896000	6897000
NC_053230.1	6897000	6898000
NC_053230.1	6898000	6899000
NC_053230.1	6899000	6900000
NC_053230.1	6900000	6901000
NC_053230.1	6901000	6902000
NC_053230.1	6902000	6903000
NC_053230.1	6903000	6904000
NC_053230.1	6904000	6905000
NC_053230.1	6905000	6906000
NC_053230.1	6906000	6907000
NC_053230.1	6907000	6908000
NC_053230.1	6908000	6909000
NC_053230.1	6909000	6910000
NC_053230.1	6910000	6911000
NC_053230.1	6911000	6912000
NC_053230.1	6912000	6913000
NC_053230.1	6913000	6914000
NC_053230.1	6914000	6915000
NC_053230.1	6915000	6916000
NC_053230.1	6916000	6917000
NC_053230.1	6917000	6918000
NC_053230.1	6918000	6919000
NC_053230.1	6919000	6920000
NC_053230.1	6920000	6921000
NC_053230.1	6921000	6922000
NC_053230.1	6922000	6923000
NC_053230.1	6923000	6924000
NC_053230.1	6925000	6926000
NC_053230.1	6926000	6927000
NC_053230.1	6927000	6928000
NC_053230.1	6928000	6929000
NC_053230.1	6930000	6931000
NC_053230.1	6931000	6932000
NC_053230.1	6932000	6933000
NC_053230.1	6933000	6934000
NC_053230.1	6934000	6935000
NC_053230.1	6935000	6936000
NC_053230.1	6936000	6937000
NC_053230.1	6937000	6938000
NC_053230.1	6938000	6939000
NC_053230.1	6939000	6940000
NC_053230.1	6940000	6941000
NC_053230.1	6941000	6942000
NC_053230.1	6942000	6943000
NC_053230.1	6943000	6944000
NC_053230.1	6944000	6945000
NC_053230.1	6974000	6975000
NC_053230.1	6976000	6977000
NC_053230.1	6977000	6978000
NC_053230.1	6978000	6979000
NC_053230.1	6979000	6980000
NC_053230.1	6980000	6981000
NC_053230.1	6981000	6982000
NC_053230.1	6982000	6983000
NC_053230.1	6983000	6984000
NC_053230.1	6984000	6985000
NC_053230.1	6986000	6987000
NC_053230.1	6987000	6988000
NC_053230.1	6988000	6989000
NC_053230.1	6989000	6990000
NC_053230.1	6990000	6991000
NC_053230.1	6991000	6992000
NC_053230.1	6992000	6993000
NC_053230.1	6993000	6994000
NC_053230.1	6994000	6995000
NC_053230.1	6995000	6996000
NC_053230.1	6996000	6997000
NC_053230.1	6997000	6998000
NC_053230.1	6998000	6999000
NC_053230.1	6999000	7000000
NC_053230.1	7000000	7001000
NC_053230.1	7001000	7002000
NC_053230.1	7002000	7003000
NC_053230.1	7003000	7004000
NC_053230.1	7004000	7005000
NC_053230.1	7005000	7006000
NC_053230.1	7006000	7007000
NC_053230.1	7007000	7008000
NC_053230.1	7008000	7009000
NC_053230.1	7009000	7010000
NC_053230.1	7010000	7011000
NC_053230.1	7011000	7012000
NC_053230.1	7012000	7013000
NC_053230.1	7013000	7014000
NC_053230.1	7014000	7015000
NC_053230.1	7015000	7016000
NC_053230.1	7016000	7017000
NC_053230.1	7017000	7018000
NC_053230.1	7020000	7021000
NC_053230.1	7021000	7022000
NC_053230.1	7022000	7023000
NC_053230.1	7023000	7024000
NC_053230.1	7024000	7025000
NC_053230.1	7026000	7027000
NC_053230.1	7027000	7028000
NC_053230.1	7028000	7029000
NC_053230.1	7029000	7030000
NC_053230.1	7030000	7031000
NC_053230.1	7031000	7032000
NC_053230.1	7032000	7033000
NC_053230.1	7033000	7034000
NC_053230.1	7034000	7035000
NC_053230.1	7035000	7036000
NC_053230.1	7036000	7037000
NC_053230.1	7037000	7038000
NC_053230.1	7038000	7039000
NC_053230.1	7039000	7040000
NC_053230.1	7040000	7041000
NC_053230.1	7041000	7042000
NC_053230.1	7042000	7043000
NC_053230.1	7043000	7044000
NC_053230.1	7044000	7045000
NC_053230.1	7045000	7046000
NC_053230.1	7046000	7047000
NC_053230.1	7047000	7048000
NC_053230.1	7048000	7049000
NC_053230.1	7049000	7050000
NC_053230.1	7050000	7051000
NC_053230.1	7051000	7052000
NC_053230.1	7052000	7053000
NC_053230.1	7053000	7054000
NC_053230.1	7054000	7055000
NC_053230.1	7055000	7056000
NC_053230.1	7056000	7057000
NC_053230.1	7057000	7058000
NC_053230.1	7058000	7059000
NC_053230.1	7059000	7060000
NC_053230.1	7060000	7061000
NC_053230.1	7061000	7062000
NC_053230.1	7062000	7063000
NC_053230.1	7063000	7064000
NC_053230.1	7064000	7065000
NC_053230.1	7065000	7066000
NC_053230.1	7066000	7067000
NC_053230.1	7067000	7068000
NC_053230.1	7068000	7069000
NC_053230.1	7069000	7070000
NC_053230.1	7070000	7071000
NC_053230.1	7071000	7072000
NC_053230.1	7072000	7073000
NC_053230.1	7073000	7074000
NC_053230.1	7075000	7076000
NC_053230.1	7076000	7077000
NC_053230.1	7077000	7078000
NC_053230.1	7078000	7079000
NC_053230.1	7084000	7085000
NC_053230.1	7085000	7086000
NC_053230.1	7086000	7087000
NC_053230.1	7087000	7088000
NC_053230.1	7088000	7089000
NC_053230.1	7089000	7090000
NC_053230.1	7090000	7091000
NC_053230.1	7091000	7092000
NC_053230.1	7092000	7093000
NC_053230.1	7093000	7094000
NC_053230.1	7095000	7096000
NC_053230.1	7096000	7097000
NC_053230.1	7097000	7098000
NC_053230.1	7098000	7099000
NC_053230.1	7099000	7100000
NC_053230.1	7100000	7101000
NC_053230.1	7101000	7102000
NC_053230.1	7102000	7103000
NC_053230.1	7103000	7104000
NC_053230.1	7104000	7105000
NC_053230.1	7105000	7106000
NC_053230.1	7106000	7107000
NC_053230.1	7107000	7108000
NC_053230.1	7108000	7109000
NC_053230.1	7109000	7110000
NC_053230.1	7110000	7111000
NC_053230.1	7111000	7112000
NC_053230.1	7112000	7113000
NC_053230.1	7113000	7114000
NC_053230.1	7114000	7115000
NC_053230.1	7115000	7116000
NC_053230.1	7116000	7117000
NC_053230.1	7118000	7119000
NC_053230.1	7119000	7120000
NC_053230.1	7120000	7121000
NC_053230.1	7121000	7122000
NC_053230.1	7122000	7123000
NC_053230.1	7123000	7124000
NC_053230.1	7124000	7125000
NC_053230.1	7125000	7126000
NC_053230.1	7126000	7127000
NC_053230.1	7127000	7128000
NC_053230.1	7128000	7129000
NC_053230.1	7129000	7130000
NC_053230.1	7130000	7131000
NC_053230.1	7131000	7132000
NC_053230.1	7132000	7133000
NC_053230.1	7133000	7134000
NC_053230.1	7134000	7135000
NC_053230.1	7135000	7136000
NC_053230.1	7136000	7137000
NC_053230.1	7137000	7138000
NC_053230.1	7138000	7139000
NC_053230.1	7139000	7140000
NC_053230.1	7140000	7141000
NC_053230.1	7141000	7142000
NC_053230.1	7142000	7143000
NC_053230.1	7143000	7144000
NC_053230.1	7144000	7145000
NC_053230.1	7145000	7146000
NC_053230.1	7146000	7147000
NC_053230.1	7147000	7148000
NC_053230.1	7148000	7149000
NC_053230.1	7149000	7150000
NC_053230.1	7150000	7151000
NC_053230.1	7151000	7152000
NC_053230.1	7152000	7153000
NC_053230.1	7153000	7154000
NC_053230.1	7154000	7155000
NC_053230.1	7155000	7156000
NC_053230.1	7156000	7157000
NC_053230.1	7157000	7158000
NC_053230.1	7158000	7159000
NC_053230.1	7159000	7160000
NC_053230.1	7160000	7161000
NC_053230.1	7161000	7162000
NC_053230.1	7162000	7163000
NC_053230.1	7163000	7164000
NC_053230.1	7164000	7165000
NC_053230.1	7165000	7166000
NC_053230.1	7166000	7167000
NC_053230.1	7168000	7169000
NC_053230.1	7169000	7170000
NC_053230.1	7170000	7171000
NC_053230.1	7171000	7172000
NC_053230.1	7172000	7173000
NC_053230.1	7173000	7174000
NC_053230.1	7174000	7175000
NC_053230.1	7175000	7176000
NC_053230.1	7176000	7177000
NC_053230.1	7177000	7178000
NC_053230.1	7178000	7179000
NC_053230.1	7179000	7180000
NC_053230.1	7180000	7181000
NC_053230.1	7181000	7182000
NC_053230.1	7182000	7183000
NC_053230.1	7183000	7184000
NC_053230.1	7184000	7185000
NC_053230.1	7185000	7186000
NC_053230.1	7186000	7187000
NC_053230.1	7187000	7188000
NC_053230.1	7188000	7189000
NC_053230.1	7189000	7190000
NC_053230.1	7190000	7191000
NC_053230.1	7191000	7192000
NC_053230.1	7192000	7193000
NC_053230.1	7193000	7194000
NC_053230.1	7194000	7195000
NC_053230.1	7195000	7196000
NC_053230.1	7196000	7197000
NC_053230.1	7197000	7198000
NC_053230.1	7198000	7199000
NC_053230.1	7199000	7200000
NC_053230.1	7200000	7201000
NC_053230.1	7201000	7202000
NC_053230.1	7202000	7203000
NC_053230.1	7203000	7204000
NC_053230.1	7204000	7205000
NC_053230.1	7205000	7206000
NC_053230.1	7206000	7207000
NC_053230.1	7207000	7208000
NC_053230.1	7208000	7209000
NC_053230.1	7209000	7210000
NC_053230.1	7210000	7211000
NC_053230.1	7211000	7212000
NC_053230.1	7212000	7213000
NC_053230.1	7214000	7215000
NC_053230.1	7215000	7216000
NC_053230.1	7216000	7217000
NC_053230.1	7217000	7218000
NC_053230.1	7218000	7219000
NC_053230.1	7219000	7220000
NC_053230.1	7220000	7221000
NC_053230.1	7221000	7222000
NC_053230.1	7222000	7223000
NC_053230.1	7223000	7224000
NC_053230.1	7224000	7225000
NC_053230.1	7225000	7226000
NC_053230.1	7226000	7227000
NC_053230.1	7227000	7228000
NC_053230.1	7228000	7229000
NC_053230.1	7229000	7230000
NC_053230.1	7230000	7231000
NC_053230.1	7231000	7232000
NC_053230.1	7232000	7233000
NC_053230.1	7233000	7234000
NC_053230.1	7234000	7235000
NC_053230.1	7235000	7236000
NC_053230.1	7236000	7237000
NC_053230.1	7237000	7238000
NC_053230.1	7238000	7239000
NC_053230.1	7239000	7240000
NC_053230.1	7240000	7241000
NC_053230.1	7241000	7242000
NC_053230.1	7242000	7243000
NC_053230.1	7243000	7244000
NC_053230.1	7244000	7245000
NC_053230.1	7245000	7246000
NC_053230.1	7246000	7247000
NC_053230.1	7247000	7248000
NC_053230.1	7248000	7249000
NC_053230.1	7249000	7250000
NC_053230.1	7250000	7251000
NC_053230.1	7251000	7252000
NC_053230.1	7252000	7253000
NC_053230.1	7253000	7254000
NC_053230.1	7254000	7255000
NC_053230.1	7255000	7256000
NC_053230.1	7256000	7257000
NC_053230.1	7257000	7258000
NC_053230.1	7258000	7259000
NC_053230.1	7259000	7260000
NC_053230.1	7260000	7261000
NC_053230.1	7261000	7262000
NC_053230.1	7262000	7263000
NC_053230.1	7263000	7264000
NC_053230.1	7264000	7265000
NC_053230.1	7265000	7266000
NC_053230.1	7266000	7267000
NC_053230.1	7267000	7268000
NC_053230.1	7268000	7269000
NC_053230.1	7269000	7270000
NC_053230.1	7270000	7271000
NC_053230.1	7271000	7272000
NC_053230.1	7272000	7273000
NC_053230.1	7273000	7274000
NC_053230.1	7274000	7275000
NC_053230.1	7275000	7276000
NC_053230.1	7276000	7277000
NC_053230.1	7277000	7278000
NC_053230.1	7278000	7279000
NC_053230.1	7279000	7280000
NC_053230.1	7280000	7281000
NC_053230.1	7281000	7282000
NC_053230.1	7282000	7283000
NC_053230.1	7283000	7284000
NC_053230.1	7284000	7285000
NC_053230.1	7285000	7286000
NC_053230.1	7286000	7287000
NC_053230.1	7287000	7288000
NC_053230.1	7288000	7289000
NC_053230.1	7289000	7290000
NC_053230.1	7290000	7291000
NC_053230.1	7291000	7292000
NC_053230.1	7292000	7293000
NC_053230.1	7293000	7294000
NC_053230.1	7295000	7296000
NC_053230.1	7296000	7297000
NC_053230.1	7297000	7298000
NC_053230.1	7298000	7299000
NC_053230.1	7299000	7300000
NC_053230.1	7300000	7301000
NC_053230.1	7301000	7302000
NC_053230.1	7302000	7303000
NC_053230.1	7303000	7304000
NC_053230.1	7304000	7305000
NC_053230.1	7305000	7306000
NC_053230.1	7306000	7307000
NC_053230.1	7307000	7308000
NC_053230.1	7308000	7309000
NC_053230.1	7309000	7310000
NC_053230.1	7310000	7311000
NC_053230.1	7311000	7312000
NC_053230.1	7312000	7313000
NC_053230.1	7313000	7314000
NC_053230.1	7314000	7315000
NC_053230.1	7315000	7316000
NC_053230.1	7316000	7317000
NC_053230.1	7317000	7318000
NC_053230.1	7318000	7319000
NC_053230.1	7319000	7320000
NC_053230.1	7320000	7321000
NC_053230.1	7321000	7322000
NC_053230.1	7322000	7323000
NC_053230.1	7324000	7325000
NC_053230.1	7325000	7326000
NC_053230.1	7326000	7327000
NC_053230.1	7327000	7328000
NC_053230.1	7328000	7329000
NC_053230.1	7329000	7330000
NC_053230.1	7330000	7331000
NC_053230.1	7331000	7332000
NC_053230.1	7332000	7333000
NC_053230.1	7333000	7334000
NC_053230.1	7334000	7335000
NC_053230.1	7335000	7336000
NC_053230.1	7336000	7337000
NC_053230.1	7337000	7338000
NC_053230.1	7338000	7339000
NC_053230.1	7339000	7340000
NC_053230.1	7340000	7341000
NC_053230.1	7341000	7342000
NC_053230.1	7342000	7343000
NC_053230.1	7343000	7344000
NC_053230.1	7344000	7345000
NC_053230.1	7345000	7346000
NC_053230.1	7346000	7347000
NC_053230.1	7347000	7348000
NC_053230.1	7348000	7349000
NC_053230.1	7349000	7350000
NC_053230.1	7350000	7351000
NC_053230.1	7351000	7352000
NC_053230.1	7352000	7353000
NC_053230.1	7353000	7354000
NC_053230.1	7354000	7355000
NC_053230.1	7355000	7356000
NC_053230.1	7356000	7357000
NC_053230.1	7357000	7358000
NC_053230.1	7358000	7359000
NC_053230.1	7359000	7360000
NC_053230.1	7360000	7361000
NC_053230.1	7361000	7362000
NC_053230.1	7363000	7364000
NC_053230.1	7364000	7365000
NC_053230.1	7365000	7366000
NC_053230.1	7366000	7367000
NC_053230.1	7367000	7368000
NC_053230.1	7368000	7369000
NC_053230.1	7369000	7370000
NC_053230.1	7370000	7371000
NC_053230.1	7371000	7372000
NC_053230.1	7372000	7373000
NC_053230.1	7373000	7374000
NC_053230.1	7374000	7375000
NC_053230.1	7375000	7376000
NC_053230.1	7376000	7377000
NC_053230.1	7377000	7378000
NC_053230.1	7378000	7379000
NC_053230.1	7379000	7380000
NC_053230.1	7380000	7381000
NC_053230.1	7381000	7382000
NC_053230.1	7382000	7383000
NC_053230.1	7383000	7384000
NC_053230.1	7384000	7385000
NC_053230.1	7385000	7386000
NC_053230.1	7386000	7387000
NC_053230.1	7387000	7388000
NC_053230.1	7389000	7390000
NC_053230.1	7390000	7391000
NC_053230.1	7391000	7392000
NC_053230.1	7392000	7393000
NC_053230.1	7393000	7394000
NC_053230.1	7394000	7395000
NC_053230.1	7395000	7396000
NC_053230.1	7396000	7397000
NC_053230.1	7398000	7399000
NC_053230.1	7399000	7400000
NC_053230.1	7400000	7401000
NC_053230.1	7401000	7402000
NC_053230.1	7402000	7403000
NC_053230.1	7403000	7404000
NC_053230.1	7404000	7405000
NC_053230.1	7405000	7406000
NC_053230.1	7406000	7407000
NC_053230.1	7407000	7408000
NC_053230.1	7408000	7409000
NC_053230.1	7409000	7410000
NC_053230.1	7410000	7411000
NC_053230.1	7411000	7412000
NC_053230.1	7412000	7413000
NC_053230.1	7413000	7414000
NC_053230.1	7414000	7415000
NC_053230.1	7417000	7418000
NC_053230.1	7418000	7419000
NC_053230.1	7419000	7420000
NC_053230.1	7420000	7421000
NC_053230.1	7421000	7422000
NC_053230.1	7422000	7423000
NC_053230.1	7423000	7424000
NC_053230.1	7424000	7425000
NC_053230.1	7425000	7426000
NC_053230.1	7426000	7427000
NC_053230.1	7427000	7428000
NC_053230.1	7428000	7429000
NC_053230.1	7429000	7430000
NC_053230.1	7430000	7431000
NC_053230.1	7431000	7432000
NC_053230.1	7432000	7433000
NC_053230.1	7433000	7434000
NC_053230.1	7434000	7435000
NC_053230.1	7435000	7436000
NC_053230.1	7436000	7437000
NC_053230.1	7437000	7438000
NC_053230.1	7438000	7439000
NC_053230.1	7439000	7440000
NC_053230.1	7440000	7441000
NC_053230.1	7441000	7442000
NC_053230.1	7443000	7444000
NC_053230.1	7444000	7445000
NC_053230.1	7445000	7446000
NC_053230.1	7446000	7447000
NC_053230.1	7447000	7448000
NC_053230.1	7448000	7449000
NC_053230.1	7449000	7450000
NC_053230.1	7451000	7452000
NC_053230.1	7453000	7454000
NC_053230.1	7454000	7455000
NC_053230.1	7455000	7456000
NC_053230.1	7456000	7457000
NC_053230.1	7457000	7458000
NC_053230.1	7458000	7459000
NC_053230.1	7459000	7460000
NC_053230.1	7460000	7461000
NC_053230.1	7461000	7462000
NC_053230.1	7462000	7463000
NC_053230.1	7463000	7464000
NC_053230.1	7464000	7465000
NC_053230.1	7465000	7466000
NC_053230.1	7466000	7467000
NC_053230.1	7467000	7468000
NC_053230.1	7468000	7469000
NC_053230.1	7469000	7470000
NC_053230.1	7470000	7471000
NC_053230.1	7471000	7472000
NC_053230.1	7472000	7473000
NC_053230.1	7473000	7474000
NC_053230.1	7474000	7475000
NC_053230.1	7475000	7476000
NC_053230.1	7476000	7477000
NC_053230.1	7477000	7478000
NC_053230.1	7478000	7479000
NC_053230.1	7479000	7480000
NC_053230.1	7480000	7481000
NC_053230.1	7481000	7482000
NC_053230.1	7482000	7483000
NC_053230.1	7483000	7484000
NC_053230.1	7486000	7487000
NC_053230.1	7487000	7488000
NC_053230.1	7488000	7489000
NC_053230.1	7489000	7490000
NC_053230.1	7490000	7491000
NC_053230.1	7491000	7492000
NC_053230.1	7492000	7493000
NC_053230.1	7493000	7494000
NC_053230.1	7494000	7495000
NC_053230.1	7495000	7496000
NC_053230.1	7496000	7497000
NC_053230.1	7497000	7498000
NC_053230.1	7498000	7499000
NC_053230.1	7499000	7500000
NC_053230.1	7500000	7501000
NC_053230.1	7501000	7502000
NC_053230.1	7502000	7503000
NC_053230.1	7503000	7504000
NC_053230.1	7504000	7505000
NC_053230.1	7505000	7506000
NC_053230.1	7506000	7507000
NC_053230.1	7507000	7508000
NC_053230.1	7508000	7509000
NC_053230.1	7514000	7515000
NC_053230.1	7515000	7516000
NC_053230.1	7518000	7519000
NC_053230.1	7519000	7520000
NC_053230.1	7520000	7521000
NC_053230.1	7521000	7522000
NC_053230.1	7522000	7523000
NC_053230.1	7523000	7524000
NC_053230.1	7524000	7525000
NC_053230.1	7525000	7526000
NC_053230.1	7526000	7527000
NC_053230.1	7527000	7528000
NC_053230.1	7528000	7529000
NC_053230.1	7529000	7530000
NC_053230.1	7530000	7531000
NC_053230.1	7531000	7532000
NC_053230.1	7532000	7533000
NC_053230.1	7533000	7534000
NC_053230.1	7534000	7535000
NC_053230.1	7535000	7536000
NC_053230.1	7536000	7537000
NC_053230.1	7537000	7538000
NC_053230.1	7538000	7539000
NC_053230.1	7597000	7598000
NC_053230.1	7599000	7600000
NC_053230.1	7600000	7601000
NC_053230.1	7601000	7602000
NC_053230.1	7602000	7603000
NC_053230.1	7605000	7606000
NC_053230.1	7606000	7607000
NC_053230.1	7607000	7608000
NC_053230.1	7608000	7609000
NC_053230.1	7609000	7610000
NC_053230.1	7610000	7611000
NC_053230.1	7611000	7612000
NC_053230.1	7614000	7615000
NC_053230.1	7615000	7616000
NC_053230.1	7616000	7617000
NC_053230.1	7617000	7618000
NC_053230.1	7618000	7619000
NC_053230.1	7619000	7620000
NC_053230.1	7620000	7621000
NC_053230.1	7621000	7622000
NC_053230.1	7622000	7623000
NC_053230.1	7623000	7624000
NC_053230.1	7626000	7627000
NC_053230.1	7627000	7628000
NC_053230.1	7628000	7629000
NC_053230.1	7629000	7630000
NC_053230.1	7630000	7631000
NC_053230.1	7631000	7632000
NC_053230.1	7632000	7633000
NC_053230.1	7633000	7634000
NC_053230.1	7634000	7635000
NC_053230.1	7635000	7636000
NC_053230.1	7637000	7638000
NC_053230.1	7638000	7639000
NC_053230.1	7639000	7640000
NC_053230.1	7641000	7642000
NC_053230.1	7642000	7643000
NC_053230.1	7643000	7644000
NC_053230.1	7644000	7645000
NC_053230.1	7645000	7646000
NC_053230.1	7646000	7647000
NC_053230.1	7647000	7648000
NC_053230.1	7648000	7649000
NC_053230.1	7649000	7650000
NC_053230.1	7650000	7651000
NC_053230.1	7651000	7652000
NC_053230.1	7652000	7653000
NC_053230.1	7653000	7654000
NC_053230.1	7654000	7655000
NC_053230.1	7655000	7656000
NC_053230.1	7657000	7658000
NC_053230.1	7658000	7659000
NC_053230.1	7659000	7660000
NC_053230.1	7660000	7661000
NC_053230.1	7661000	7662000
NC_053230.1	7662000	7663000
NC_053230.1	7663000	7664000
NC_053230.1	7664000	7665000
NC_053230.1	7665000	7666000
NC_053230.1	7666000	7667000
NC_053230.1	7667000	7668000
NC_053230.1	7668000	7669000
NC_053230.1	7669000	7670000
NC_053230.1	7670000	7671000
NC_053230.1	7671000	7672000
NC_053230.1	7672000	7673000
NC_053230.1	7673000	7674000
NC_053230.1	7674000	7675000
NC_053230.1	7675000	7676000
NC_053230.1	7676000	7677000
NC_053230.1	7677000	7678000
NC_053230.1	7678000	7679000
NC_053230.1	7679000	7680000
NC_053230.1	7680000	7681000
NC_053230.1	7681000	7682000
NC_053230.1	7682000	7683000
NC_053230.1	7683000	7684000
NC_053230.1	7684000	7685000
NC_053230.1	7685000	7686000
NC_053230.1	7686000	7687000
NC_053230.1	7687000	7688000
NC_053230.1	7688000	7689000
NC_053230.1	7689000	7690000
NC_053230.1	7690000	7691000
NC_053230.1	7691000	7692000
NC_053230.1	7692000	7693000
NC_053230.1	7693000	7694000
NC_053230.1	7694000	7695000
NC_053230.1	7699000	7700000
NC_053230.1	7700000	7701000
NC_053230.1	7706000	7707000
NC_053230.1	7707000	7708000
NC_053230.1	7708000	7709000
NC_053230.1	7709000	7710000
NC_053230.1	7710000	7711000
NC_053230.1	7711000	7712000
NC_053230.1	7712000	7713000
NC_053230.1	7713000	7714000
NC_053230.1	7714000	7715000
NC_053230.1	7715000	7716000
NC_053230.1	7717000	7718000
NC_053230.1	7718000	7719000
NC_053230.1	7719000	7720000
NC_053230.1	7720000	7721000
NC_053230.1	7721000	7722000
NC_053230.1	7722000	7723000
NC_053230.1	7723000	7724000
NC_053230.1	7724000	7725000
NC_053230.1	7725000	7726000
NC_053230.1	7726000	7727000
NC_053230.1	7728000	7729000
NC_053230.1	7729000	7730000
NC_053230.1	7730000	7731000
NC_053230.1	7731000	7732000
NC_053230.1	7732000	7733000
NC_053230.1	7733000	7734000
NC_053230.1	7734000	7735000
NC_053230.1	7735000	7736000
NC_053230.1	7736000	7737000
NC_053230.1	7737000	7738000
NC_053230.1	7738000	7739000
NC_053230.1	7739000	7740000
NC_053230.1	7754000	7755000
NC_053230.1	7755000	7756000
NC_053230.1	7756000	7757000
NC_053230.1	7757000	7758000
NC_053230.1	7758000	7759000
NC_053230.1	7759000	7760000
NC_053230.1	7760000	7761000
NC_053230.1	7761000	7762000
NC_053230.1	7762000	7763000
NC_053230.1	7763000	7764000
NC_053230.1	7764000	7765000
NC_053230.1	7765000	7766000
NC_053230.1	7766000	7767000
NC_053230.1	7767000	7768000
NC_053230.1	7768000	7769000
NC_053230.1	7769000	7770000
NC_053230.1	7770000	7771000
NC_053230.1	7771000	7772000
NC_053230.1	7773000	7774000
NC_053230.1	7774000	7775000
NC_053230.1	7775000	7776000
NC_053230.1	7776000	7777000
NC_053230.1	7777000	7778000
NC_053230.1	7778000	7779000
NC_053230.1	7779000	7780000
NC_053230.1	7780000	7781000
NC_053230.1	7781000	7782000
NC_053230.1	7782000	7783000
NC_053230.1	7783000	7784000
NC_053230.1	7791000	7792000
NC_053230.1	7797000	7798000
NC_053230.1	7798000	7799000
NC_053230.1	7799000	7800000
NC_053230.1	7800000	7801000
NC_053230.1	7803000	7804000
NC_053230.1	7804000	7805000
NC_053230.1	7805000	7806000
NC_053230.1	7806000	7807000
NC_053230.1	7807000	7808000
NC_053230.1	7808000	7809000
NC_053230.1	7809000	7810000
NC_053230.1	7810000	7811000
NC_053230.1	7812000	7813000
NC_053230.1	7813000	7814000
NC_053230.1	7814000	7815000
NC_053230.1	7815000	7816000
NC_053230.1	7816000	7817000
NC_053230.1	7817000	7818000
NC_053230.1	7818000	7819000
NC_053230.1	7819000	7820000
NC_053230.1	7821000	7822000
NC_053230.1	7822000	7823000
NC_053230.1	7823000	7824000
NC_053230.1	7824000	7825000
NC_053230.1	7825000	7826000
NC_053230.1	7826000	7827000
NC_053230.1	7827000	7828000
NC_053230.1	7828000	7829000
NC_053230.1	7829000	7830000
NC_053230.1	7830000	7831000
NC_053230.1	7831000	7832000
NC_053230.1	7832000	7833000
NC_053230.1	7833000	7834000
NC_053230.1	7834000	7835000
NC_053230.1	7835000	7836000
NC_053230.1	7836000	7837000
NC_053230.1	7837000	7838000
NC_053230.1	7838000	7839000
NC_053230.1	7839000	7840000
NC_053230.1	7840000	7841000
NC_053230.1	7841000	7842000
NC_053230.1	7842000	7843000
NC_053230.1	7843000	7844000
NC_053230.1	7844000	7845000
NC_053230.1	7845000	7846000
NC_053230.1	7846000	7847000
NC_053230.1	7847000	7848000
NC_053230.1	7848000	7849000
NC_053230.1	7849000	7850000
NC_053230.1	7850000	7851000
NC_053230.1	7851000	7852000
NC_053230.1	7852000	7853000
NC_053230.1	7854000	7855000
NC_053230.1	7855000	7856000
NC_053230.1	7856000	7857000
NC_053230.1	7857000	7858000
NC_053230.1	7858000	7859000
NC_053230.1	7859000	7860000
NC_053230.1	7860000	7861000
NC_053230.1	7861000	7862000
NC_053230.1	7862000	7863000
NC_053230.1	7863000	7864000
NC_053230.1	7864000	7865000
NC_053230.1	7865000	7866000
NC_053230.1	7866000	7867000
NC_053230.1	7867000	7868000
NC_053230.1	7868000	7869000
NC_053230.1	7869000	7870000
NC_053230.1	7870000	7871000
NC_053230.1	7871000	7872000
NC_053230.1	7873000	7874000
NC_053230.1	7874000	7875000
NC_053230.1	7875000	7876000
NC_053230.1	7876000	7877000
NC_053230.1	7877000	7878000
NC_053230.1	7880000	7881000
NC_053230.1	7881000	7882000
NC_053230.1	7882000	7883000
NC_053230.1	7883000	7884000
NC_053230.1	7884000	7885000
NC_053230.1	7885000	7886000
NC_053230.1	7886000	7887000
NC_053230.1	7887000	7888000
NC_053230.1	7889000	7890000
NC_053230.1	7890000	7891000
NC_053230.1	7891000	7892000
NC_053230.1	7892000	7893000
NC_053230.1	7893000	7894000
NC_053230.1	7894000	7895000
NC_053230.1	7895000	7896000
NC_053230.1	7896000	7897000
NC_053230.1	7897000	7898000
NC_053230.1	7898000	7899000
NC_053230.1	7899000	7900000
NC_053230.1	7900000	7901000
NC_053230.1	7901000	7902000
NC_053230.1	7902000	7903000
NC_053230.1	7903000	7904000
NC_053230.1	7904000	7905000
NC_053230.1	7905000	7906000
NC_053230.1	7906000	7907000
NC_053230.1	7907000	7908000
NC_053230.1	7908000	7909000
NC_053230.1	7911000	7912000
NC_053230.1	7912000	7913000
NC_053230.1	7913000	7914000
NC_053230.1	7914000	7915000
NC_053230.1	7915000	7916000
NC_053230.1	7916000	7917000
NC_053230.1	7917000	7918000
NC_053230.1	7920000	7921000
NC_053230.1	7921000	7922000
NC_053230.1	7922000	7923000
NC_053230.1	7923000	7924000
NC_053230.1	7926000	7927000
NC_053230.1	7928000	7929000
NC_053230.1	7930000	7931000
NC_053230.1	7931000	7932000
NC_053230.1	7936000	7937000
NC_053230.1	7937000	7938000
NC_053230.1	7938000	7939000
NC_053230.1	7939000	7940000
NC_053230.1	7940000	7941000
NC_053230.1	7941000	7942000
NC_053230.1	7942000	7943000
NC_053230.1	7943000	7944000
NC_053230.1	7944000	7945000
NC_053230.1	7945000	7946000
NC_053230.1	7946000	7947000
NC_053230.1	7947000	7948000
NC_053230.1	7948000	7949000
NC_053230.1	7949000	7950000
NC_053230.1	7950000	7951000
NC_053230.1	7951000	7952000
NC_053230.1	7952000	7953000
NC_053230.1	7953000	7954000
NC_053230.1	7954000	7955000
NC_053230.1	7955000	7956000
NC_053230.1	7956000	7957000
NC_053230.1	7957000	7958000
NC_053230.1	7958000	7959000
NC_053230.1	7969000	7970000
NC_053230.1	7970000	7971000
NC_053230.1	7971000	7972000
NC_053230.1	7972000	7973000
NC_053230.1	7973000	7974000
NC_053230.1	7974000	7975000
NC_053230.1	7975000	7976000
NC_053230.1	7976000	7977000
NC_053230.1	7977000	7978000
NC_053230.1	7978000	7979000
NC_053230.1	7979000	7980000
NC_053230.1	7982000	7983000
NC_053230.1	7983000	7984000
NC_053230.1	7984000	7985000
NC_053230.1	7985000	7986000
NC_053230.1	7986000	7987000
NC_053230.1	7987000	7988000
NC_053230.1	7989000	7990000
NC_053230.1	7990000	7991000
NC_053230.1	7991000	7992000
NC_053230.1	7992000	7993000
NC_053230.1	7993000	7994000
NC_053230.1	7994000	7995000
NC_053230.1	7995000	7996000
NC_053230.1	7996000	7997000
NC_053230.1	7997000	7998000
NC_053230.1	7998000	7999000
NC_053230.1	7999000	8000000
NC_053230.1	8000000	8001000
NC_053230.1	8001000	8002000
NC_053230.1	8002000	8003000
NC_053230.1	8003000	8004000
NC_053230.1	8004000	8005000
NC_053230.1	8005000	8006000
NC_053230.1	8006000	8007000
NC_053230.1	8007000	8008000
NC_053230.1	8008000	8009000
NC_053230.1	8009000	8010000
NC_053230.1	8012000	8013000
NC_053230.1	8013000	8014000
NC_053230.1	8014000	8015000
NC_053230.1	8015000	8016000
NC_053230.1	8016000	8017000
NC_053230.1	8017000	8018000
NC_053230.1	8019000	8020000
NC_053230.1	8020000	8021000
NC_053230.1	8021000	8022000
NC_053230.1	8022000	8023000
NC_053230.1	8023000	8024000
NC_053230.1	8024000	8025000
NC_053230.1	8025000	8026000
NC_053230.1	8026000	8027000
NC_053230.1	8027000	8028000
NC_053230.1	8028000	8029000
NC_053230.1	8029000	8030000
NC_053230.1	8030000	8031000
NC_053230.1	8031000	8032000
NC_053230.1	8032000	8033000
NC_053230.1	8033000	8034000
NC_053230.1	8034000	8035000
NC_053230.1	8035000	8036000
NC_053230.1	8036000	8037000
NC_053230.1	8037000	8038000
NC_053230.1	8038000	8039000
NC_053230.1	8039000	8040000
NC_053230.1	8040000	8041000
NC_053230.1	8041000	8042000
NC_053230.1	8042000	8043000
NC_053230.1	8043000	8044000
NC_053230.1	8044000	8045000
NC_053230.1	8046000	8047000
NC_053230.1	8047000	8048000
NC_053230.1	8048000	8049000
NC_053230.1	8049000	8050000
NC_053230.1	8050000	8051000
NC_053230.1	8051000	8052000
NC_053230.1	8052000	8053000
NC_053230.1	8053000	8054000
NC_053230.1	8054000	8055000
NC_053230.1	8055000	8056000
NC_053230.1	8056000	8057000
NC_053230.1	8057000	8058000
NC_053230.1	8059000	8060000
NC_053230.1	8060000	8061000
NC_053230.1	8061000	8062000
NC_053230.1	8062000	8063000
NC_053230.1	8063000	8064000
NC_053230.1	8064000	8065000
NC_053230.1	8065000	8066000
NC_053230.1	8066000	8067000
NC_053230.1	8067000	8068000
NC_053230.1	8068000	8069000
NC_053230.1	8070000	8071000
NC_053230.1	8071000	8072000
NC_053230.1	8072000	8073000
NC_053230.1	8073000	8074000
NC_053230.1	8074000	8075000
NC_053230.1	8075000	8076000
NC_053230.1	8076000	8077000
NC_053230.1	8077000	8078000
NC_053230.1	8078000	8079000
NC_053230.1	8079000	8080000
NC_053230.1	8080000	8081000
NC_053230.1	8081000	8082000
NC_053230.1	8082000	8083000
NC_053230.1	8083000	8084000
NC_053230.1	8084000	8085000
NC_053230.1	8085000	8086000
NC_053230.1	8086000	8087000
NC_053230.1	8087000	8088000
NC_053230.1	8088000	8089000
NC_053230.1	8089000	8090000
NC_053230.1	8090000	8091000
NC_053230.1	8091000	8092000
NC_053230.1	8093000	8094000
NC_053230.1	8094000	8095000
NC_053230.1	8095000	8096000
NC_053230.1	8096000	8097000
NC_053230.1	8097000	8098000
NC_053230.1	8098000	8099000
NC_053230.1	8099000	8100000
NC_053230.1	8100000	8101000
NC_053230.1	8101000	8102000
NC_053230.1	8102000	8103000
NC_053230.1	8103000	8104000
NC_053230.1	8104000	8105000
NC_053230.1	8105000	8106000
NC_053230.1	8106000	8107000
NC_053230.1	8107000	8108000
NC_053230.1	8108000	8109000
NC_053230.1	8109000	8110000
NC_053230.1	8110000	8111000
NC_053230.1	8111000	8112000
NC_053230.1	8112000	8113000
NC_053230.1	8113000	8114000
NC_053230.1	8114000	8115000
NC_053230.1	8115000	8116000
NC_053230.1	8116000	8117000
NC_053230.1	8117000	8118000
NC_053230.1	8118000	8119000
NC_053230.1	8119000	8120000
NC_053230.1	8120000	8121000
NC_053230.1	8121000	8122000
NC_053230.1	8122000	8123000
NC_053230.1	8123000	8124000
NC_053230.1	8124000	8125000
NC_053230.1	8125000	8126000
NC_053230.1	8126000	8127000
NC_053230.1	8127000	8128000
NC_053230.1	8128000	8129000
NC_053230.1	8129000	8130000
NC_053230.1	8130000	8131000
NC_053230.1	8131000	8132000
NC_053230.1	8132000	8133000
NC_053230.1	8133000	8134000
NC_053230.1	8134000	8135000
NC_053230.1	8135000	8136000
NC_053230.1	8137000	8138000
NC_053230.1	8138000	8139000
NC_053230.1	8139000	8140000
NC_053230.1	8142000	8143000
NC_053230.1	8143000	8144000
NC_053230.1	8145000	8146000
NC_053230.1	8146000	8147000
NC_053230.1	8147000	8148000
NC_053230.1	8148000	8149000
NC_053230.1	8149000	8150000
NC_053230.1	8150000	8151000
NC_053230.1	8151000	8152000
NC_053230.1	8152000	8153000
NC_053230.1	8153000	8154000
NC_053230.1	8154000	8155000
NC_053230.1	8155000	8156000
NC_053230.1	8156000	8157000
NC_053230.1	8157000	8158000
NC_053230.1	8158000	8159000
NC_053230.1	8159000	8160000
NC_053230.1	8160000	8161000
NC_053230.1	8162000	8163000
NC_053230.1	8163000	8164000
NC_053230.1	8164000	8165000
NC_053230.1	8165000	8166000
NC_053230.1	8166000	8167000
NC_053230.1	8167000	8168000
NC_053230.1	8168000	8169000
NC_053230.1	8169000	8170000
NC_053230.1	8170000	8171000
NC_053230.1	8171000	8172000
NC_053230.1	8172000	8173000
NC_053230.1	8173000	8174000
NC_053230.1	8175000	8176000
NC_053230.1	8176000	8177000
NC_053230.1	8177000	8178000
NC_053230.1	8178000	8179000
NC_053230.1	8180000	8181000
NC_053230.1	8183000	8184000
NC_053230.1	8184000	8185000
NC_053230.1	8185000	8186000
NC_053230.1	8186000	8187000
NC_053230.1	8187000	8188000
NC_053230.1	8188000	8189000
NC_053230.1	8189000	8190000
NC_053230.1	8190000	8191000
NC_053230.1	8191000	8192000
NC_053230.1	8192000	8193000
NC_053230.1	8193000	8194000
NC_053230.1	8194000	8195000
NC_053230.1	8195000	8196000
NC_053230.1	8196000	8197000
NC_053230.1	8197000	8198000
NC_053230.1	8198000	8199000
NC_053230.1	8199000	8200000
NC_053230.1	8201000	8202000
NC_053230.1	8202000	8203000
NC_053230.1	8205000	8206000
NC_053230.1	8206000	8207000
NC_053230.1	8207000	8208000
NC_053230.1	8211000	8212000
NC_053230.1	8212000	8213000
NC_053230.1	8213000	8214000
NC_053230.1	8214000	8215000
NC_053230.1	8215000	8216000
NC_053230.1	8216000	8217000
NC_053230.1	8217000	8218000
NC_053230.1	8218000	8219000
NC_053230.1	8219000	8220000
NC_053230.1	8223000	8224000
NC_053230.1	8224000	8225000
NC_053230.1	8225000	8226000
NC_053230.1	8226000	8227000
NC_053230.1	8227000	8228000
NC_053230.1	8228000	8229000
NC_053230.1	8229000	8230000
NC_053230.1	8230000	8231000
NC_053230.1	8231000	8232000
NC_053230.1	8232000	8233000
NC_053230.1	8235000	8236000
NC_053230.1	8236000	8237000
NC_053230.1	8237000	8238000
NC_053230.1	8238000	8239000
NC_053230.1	8239000	8240000
NC_053230.1	8240000	8241000
NC_053230.1	8241000	8242000
NC_053230.1	8242000	8243000
NC_053230.1	8243000	8244000
NC_053230.1	8244000	8245000
NC_053230.1	8245000	8246000
NC_053230.1	8246000	8247000
NC_053230.1	8247000	8248000
NC_053230.1	8248000	8249000
NC_053230.1	8249000	8250000
NC_053230.1	8250000	8251000
NC_053230.1	8251000	8252000
NC_053230.1	8252000	8253000
NC_053230.1	8253000	8254000
NC_053230.1	8254000	8255000
NC_053230.1	8255000	8256000
NC_053230.1	8256000	8257000
NC_053230.1	8257000	8258000
NC_053230.1	8258000	8259000
NC_053230.1	8260000	8261000
NC_053230.1	8261000	8262000
NC_053230.1	8262000	8263000
NC_053230.1	8263000	8264000
NC_053230.1	8264000	8265000
NC_053230.1	8267000	8268000
NC_053230.1	8269000	8270000
NC_053230.1	8272000	8273000
NC_053230.1	8273000	8274000
NC_053230.1	8274000	8275000
NC_053230.1	8276000	8277000
NC_053230.1	8277000	8278000
NC_053230.1	8278000	8279000
NC_053230.1	8279000	8280000
NC_053230.1	8280000	8281000
NC_053230.1	8281000	8282000
NC_053230.1	8282000	8283000
NC_053230.1	8283000	8284000
NC_053230.1	8285000	8286000
NC_053230.1	8286000	8287000
NC_053230.1	8287000	8288000
NC_053230.1	8288000	8289000
NC_053230.1	8289000	8290000
NC_053230.1	8291000	8292000
NC_053230.1	8292000	8293000
NC_053230.1	8293000	8294000
NC_053230.1	8294000	8295000
NC_053230.1	8295000	8296000
NC_053230.1	8296000	8297000
NC_053230.1	8297000	8298000
NC_053230.1	8298000	8299000
NC_053230.1	8299000	8300000
NC_053230.1	8300000	8301000
NC_053230.1	8302000	8303000
NC_053230.1	8304000	8305000
NC_053230.1	8305000	8306000
NC_053230.1	8306000	8307000
NC_053230.1	8307000	8308000
NC_053230.1	8308000	8309000
NC_053230.1	8309000	8310000
NC_053230.1	8310000	8311000
NC_053230.1	8311000	8312000
NC_053230.1	8317000	8318000
NC_053230.1	8318000	8319000
NC_053230.1	8319000	8320000
NC_053230.1	8320000	8321000
NC_053230.1	8321000	8322000
NC_053230.1	8322000	8323000
NC_053230.1	8323000	8324000
NC_053230.1	8324000	8325000
NC_053230.1	8325000	8326000
NC_053230.1	8326000	8327000
NC_053230.1	8327000	8328000
NC_053230.1	8328000	8329000
NC_053230.1	8329000	8330000
NC_053230.1	8330000	8331000
NC_053230.1	8331000	8332000
NC_053230.1	8332000	8333000
NC_053230.1	8334000	8335000
NC_053230.1	8336000	8337000
NC_053230.1	8337000	8338000
NC_053230.1	8338000	8339000
NC_053230.1	8339000	8340000
NC_053230.1	8340000	8341000
NC_053230.1	8341000	8342000
NC_053230.1	8342000	8343000
NC_053230.1	8343000	8344000
NC_053230.1	8344000	8345000
NC_053230.1	8345000	8346000
NC_053230.1	8346000	8347000
NC_053230.1	8347000	8348000
NC_053230.1	8348000	8349000
NC_053230.1	8349000	8350000
NC_053230.1	8350000	8351000
NC_053230.1	8351000	8352000
NC_053230.1	8352000	8353000
NC_053230.1	8353000	8354000
NC_053230.1	8354000	8355000
NC_053230.1	8355000	8356000
NC_053230.1	8356000	8357000
NC_053230.1	8358000	8359000
NC_053230.1	8359000	8360000
NC_053230.1	8360000	8361000
NC_053230.1	8361000	8362000
NC_053230.1	8363000	8364000
NC_053230.1	8364000	8365000
NC_053230.1	8365000	8366000
NC_053230.1	8366000	8367000
NC_053230.1	8367000	8368000
NC_053230.1	8368000	8369000
NC_053230.1	8369000	8370000
NC_053230.1	8370000	8371000
NC_053230.1	8371000	8372000
NC_053230.1	8372000	8373000
NC_053230.1	8373000	8374000
NC_053230.1	8374000	8375000
NC_053230.1	8375000	8376000
NC_053230.1	8376000	8377000
NC_053230.1	8380000	8381000
NC_053230.1	8381000	8382000
NC_053230.1	8382000	8383000
NC_053230.1	8383000	8384000
NC_053230.1	8384000	8385000
NC_053230.1	8385000	8386000
NC_053230.1	8386000	8387000
NC_053230.1	8387000	8388000
NC_053230.1	8388000	8389000
NC_053230.1	8389000	8390000
NC_053230.1	8390000	8391000
NC_053230.1	8392000	8393000
NC_053230.1	8393000	8394000
NC_053230.1	8394000	8395000
NC_053230.1	8396000	8397000
NC_053230.1	8397000	8398000
NC_053230.1	8398000	8399000
NC_053230.1	8399000	8400000
NC_053230.1	8400000	8401000
NC_053230.1	8401000	8402000
NC_053230.1	8402000	8403000
NC_053230.1	8403000	8404000
NC_053230.1	8406000	8407000
NC_053230.1	8407000	8408000
NC_053230.1	8408000	8409000
NC_053230.1	8410000	8411000
NC_053230.1	8411000	8412000
NC_053230.1	8412000	8413000
NC_053230.1	8413000	8414000
NC_053230.1	8414000	8415000
NC_053230.1	8415000	8416000
NC_053230.1	8416000	8417000
NC_053230.1	8417000	8418000
NC_053230.1	8418000	8419000
NC_053230.1	8419000	8420000
NC_053230.1	8420000	8421000
NC_053230.1	8421000	8422000
NC_053230.1	8422000	8423000
NC_053230.1	8423000	8424000
NC_053230.1	8424000	8425000
NC_053230.1	8425000	8426000
NC_053230.1	8426000	8427000
NC_053230.1	8427000	8428000
NC_053230.1	8428000	8429000
NC_053230.1	8429000	8430000
NC_053230.1	8430000	8431000
NC_053230.1	8431000	8432000
NC_053230.1	8432000	8433000
NC_053230.1	8433000	8434000
NC_053230.1	8434000	8435000
NC_053230.1	8435000	8436000
NC_053230.1	8436000	8437000
NC_053230.1	8437000	8438000
NC_053230.1	8438000	8439000
NC_053230.1	8439000	8440000
NC_053230.1	8440000	8441000
NC_053230.1	8441000	8442000
NC_053230.1	8442000	8443000
NC_053230.1	8443000	8444000
NC_053230.1	8444000	8445000
NC_053230.1	8445000	8446000
NC_053230.1	8447000	8448000
NC_053230.1	8448000	8449000
NC_053230.1	8449000	8450000
NC_053230.1	8450000	8451000
NC_053230.1	8453000	8454000
NC_053230.1	8454000	8455000
NC_053230.1	8456000	8457000
NC_053230.1	8457000	8458000
NC_053230.1	8458000	8459000
NC_053230.1	8459000	8460000
NC_053230.1	8460000	8461000
NC_053230.1	8461000	8462000
NC_053230.1	8462000	8463000
NC_053230.1	8463000	8464000
NC_053230.1	8464000	8465000
NC_053230.1	8465000	8466000
NC_053230.1	8466000	8467000
NC_053230.1	8467000	8468000
NC_053230.1	8468000	8469000
NC_053230.1	8469000	8470000
NC_053230.1	8470000	8471000
NC_053230.1	8471000	8472000
NC_053230.1	8472000	8473000
NC_053230.1	8473000	8474000
NC_053230.1	8474000	8475000
NC_053230.1	8475000	8476000
NC_053230.1	8476000	8477000
NC_053230.1	8477000	8478000
NC_053230.1	8478000	8479000
NC_053230.1	8479000	8480000
NC_053230.1	8480000	8481000
NC_053230.1	8481000	8482000
NC_053230.1	8483000	8484000
NC_053230.1	8484000	8485000
NC_053230.1	8485000	8486000
NC_053230.1	8486000	8487000
NC_053230.1	8487000	8488000
NC_053230.1	8488000	8489000
NC_053230.1	8489000	8490000
NC_053230.1	8490000	8491000
NC_053230.1	8491000	8492000
NC_053230.1	8492000	8493000
NC_053230.1	8493000	8494000
NC_053230.1	8495000	8496000
NC_053230.1	8496000	8497000
NC_053230.1	8497000	8498000
NC_053230.1	8498000	8499000
NC_053230.1	8499000	8500000
NC_053230.1	8500000	8501000
NC_053230.1	8501000	8502000
NC_053230.1	8502000	8503000
NC_053230.1	8504000	8505000
NC_053230.1	8505000	8506000
NC_053230.1	8506000	8507000
NC_053230.1	8507000	8508000
NC_053230.1	8508000	8509000
NC_053230.1	8509000	8510000
NC_053230.1	8510000	8511000
NC_053230.1	8511000	8512000
NC_053230.1	8512000	8513000
NC_053230.1	8513000	8514000
NC_053230.1	8514000	8515000
NC_053230.1	8515000	8516000
NC_053230.1	8516000	8517000
NC_053230.1	8517000	8518000
NC_053230.1	8518000	8519000
NC_053230.1	8519000	8520000
NC_053230.1	8520000	8521000
NC_053230.1	8521000	8522000
NC_053230.1	8522000	8523000
NC_053230.1	8523000	8524000
NC_053230.1	8524000	8525000
NC_053230.1	8525000	8526000
NC_053230.1	8528000	8529000
NC_053230.1	8529000	8530000
NC_053230.1	8531000	8532000
NC_053230.1	8532000	8533000
NC_053230.1	8533000	8534000
NC_053230.1	8534000	8535000
NC_053230.1	8535000	8536000
NC_053230.1	8539000	8540000
NC_053230.1	8540000	8541000
NC_053230.1	8541000	8542000
NC_053230.1	8542000	8543000
NC_053230.1	8543000	8544000
NC_053230.1	8544000	8545000
NC_053230.1	8545000	8546000
NC_053230.1	8546000	8547000
NC_053230.1	8547000	8548000
NC_053230.1	8548000	8549000
NC_053230.1	8549000	8550000
NC_053230.1	8550000	8551000
NC_053230.1	8551000	8552000
NC_053230.1	8552000	8553000
NC_053230.1	8553000	8554000
NC_053230.1	8554000	8555000
NC_053230.1	8555000	8556000
NC_053230.1	8556000	8557000
NC_053230.1	8561000	8562000
NC_053230.1	8562000	8563000
NC_053230.1	8563000	8564000
NC_053230.1	8564000	8565000
NC_053230.1	8565000	8566000
NC_053230.1	8566000	8567000
NC_053230.1	8567000	8568000
NC_053230.1	8568000	8569000
NC_053230.1	8569000	8570000
NC_053230.1	8570000	8571000
NC_053230.1	8571000	8572000
NC_053230.1	8572000	8573000
NC_053230.1	8573000	8574000
NC_053230.1	8574000	8575000
NC_053230.1	8575000	8576000
NC_053230.1	8576000	8577000
NC_053230.1	8577000	8578000
NC_053230.1	8580000	8581000
NC_053230.1	8581000	8582000
NC_053230.1	8582000	8583000
NC_053230.1	8583000	8584000
NC_053230.1	8585000	8586000
NC_053230.1	8586000	8587000
NC_053230.1	8587000	8588000
NC_053230.1	8588000	8589000
NC_053230.1	8589000	8590000
NC_053230.1	8590000	8591000
NC_053230.1	8591000	8592000
NC_053230.1	8592000	8593000
NC_053230.1	8593000	8594000
NC_053230.1	8594000	8595000
NC_053230.1	8595000	8596000
NC_053230.1	8596000	8597000
NC_053230.1	8597000	8598000
NC_053230.1	8598000	8599000
NC_053230.1	8599000	8600000
NC_053230.1	8600000	8601000
NC_053230.1	8601000	8602000
NC_053230.1	8603000	8604000
NC_053230.1	8604000	8605000
NC_053230.1	8605000	8606000
NC_053230.1	8607000	8608000
NC_053230.1	8608000	8609000
NC_053230.1	8609000	8610000
NC_053230.1	8610000	8611000
NC_053230.1	8611000	8612000
NC_053230.1	8612000	8613000
NC_053230.1	8614000	8615000
NC_053230.1	8615000	8616000
NC_053230.1	8616000	8617000
NC_053230.1	8617000	8618000
NC_053230.1	8618000	8619000
NC_053230.1	8619000	8620000
NC_053230.1	8620000	8621000
NC_053230.1	8623000	8624000
NC_053230.1	8624000	8625000
NC_053230.1	8625000	8626000
NC_053230.1	8626000	8627000
NC_053230.1	8627000	8628000
NC_053230.1	8628000	8629000
NC_053230.1	8636000	8637000
NC_053230.1	8637000	8638000
NC_053230.1	8638000	8639000
NC_053230.1	8639000	8640000
NC_053230.1	8640000	8641000
NC_053230.1	8641000	8642000
NC_053230.1	8642000	8643000
NC_053230.1	8643000	8644000
NC_053230.1	8644000	8645000
NC_053230.1	8645000	8646000
NC_053230.1	8646000	8647000
NC_053230.1	8647000	8648000
NC_053230.1	8648000	8649000
NC_053230.1	8649000	8650000
NC_053230.1	8650000	8651000
NC_053230.1	8651000	8652000
NC_053230.1	8652000	8653000
NC_053230.1	8653000	8654000
NC_053230.1	8654000	8655000
NC_053230.1	8655000	8656000
NC_053230.1	8656000	8657000
NC_053230.1	8657000	8658000
NC_053230.1	8658000	8659000
NC_053230.1	8659000	8660000
NC_053230.1	8660000	8661000
NC_053230.1	8661000	8662000
NC_053230.1	8662000	8663000
NC_053230.1	8663000	8664000
NC_053230.1	8678000	8679000
NC_053230.1	8680000	8681000
NC_053230.1	8681000	8682000
NC_053230.1	8685000	8686000
NC_053230.1	8686000	8687000
NC_053230.1	8687000	8688000
NC_053230.1	8708000	8709000
NC_053230.1	8709000	8710000
NC_053230.1	8710000	8711000
NC_053230.1	8711000	8712000
NC_053230.1	8712000	8713000
NC_053230.1	8713000	8714000
NC_053230.1	8714000	8715000
NC_053230.1	8715000	8716000
NC_053230.1	8716000	8717000
NC_053230.1	8717000	8718000
NC_053230.1	8718000	8719000
NC_053230.1	8719000	8720000
NC_053230.1	8720000	8721000
NC_053230.1	8721000	8722000
NC_053230.1	8722000	8723000
NC_053230.1	8723000	8724000
NC_053230.1	8724000	8725000
NC_053230.1	8725000	8726000
NC_053230.1	8726000	8727000
NC_053230.1	8727000	8728000
NC_053230.1	8728000	8729000
NC_053230.1	8729000	8730000
NC_053230.1	8730000	8731000
NC_053230.1	8731000	8732000
NC_053230.1	8732000	8733000
NC_053230.1	8733000	8734000
NC_053230.1	8734000	8735000
NC_053230.1	8735000	8736000
NC_053230.1	8736000	8737000
NC_053230.1	8737000	8738000
NC_053230.1	8738000	8739000
NC_053230.1	8739000	8740000
NC_053230.1	8740000	8741000
NC_053230.1	8741000	8742000
NC_053230.1	8742000	8743000
NC_053230.1	8743000	8744000
NC_053230.1	8744000	8745000
NC_053230.1	8747000	8748000
NC_053230.1	8748000	8749000
NC_053230.1	8749000	8750000
NC_053230.1	8750000	8751000
NC_053230.1	8751000	8752000
NC_053230.1	8752000	8753000
NC_053230.1	8753000	8754000
NC_053230.1	8754000	8755000
NC_053230.1	8755000	8756000
NC_053230.1	8756000	8757000
NC_053230.1	8758000	8759000
NC_053230.1	8759000	8760000
NC_053230.1	8760000	8761000
NC_053230.1	8761000	8762000
NC_053230.1	8762000	8763000
NC_053230.1	8763000	8764000
NC_053230.1	8764000	8765000
NC_053230.1	8765000	8766000
NC_053230.1	8766000	8767000
NC_053230.1	8767000	8768000
NC_053230.1	8768000	8769000
NC_053230.1	8769000	8770000
NC_053230.1	8770000	8771000
NC_053230.1	8771000	8772000
NC_053230.1	8772000	8773000
NC_053230.1	8773000	8774000
NC_053230.1	8774000	8775000
NC_053230.1	8775000	8776000
NC_053230.1	8776000	8777000
NC_053230.1	8777000	8778000
NC_053230.1	8778000	8779000
NC_053230.1	8779000	8780000
NC_053230.1	8780000	8781000
NC_053230.1	8781000	8782000
NC_053230.1	8782000	8783000
NC_053230.1	8783000	8784000
NC_053230.1	8784000	8785000
NC_053230.1	8785000	8786000
NC_053230.1	8787000	8788000
NC_053230.1	8788000	8789000
NC_053230.1	8790000	8791000
NC_053230.1	8791000	8792000
NC_053230.1	8792000	8793000
NC_053230.1	8793000	8794000
NC_053230.1	8794000	8795000
NC_053230.1	8796000	8797000
NC_053230.1	8798000	8799000
NC_053230.1	8799000	8800000
NC_053230.1	8800000	8801000
NC_053230.1	8801000	8802000
NC_053230.1	8802000	8803000
NC_053230.1	8803000	8804000
NC_053230.1	8804000	8805000
NC_053230.1	8805000	8806000
NC_053230.1	8806000	8807000
NC_053230.1	8807000	8808000
NC_053230.1	8808000	8809000
NC_053230.1	8809000	8810000
NC_053230.1	8810000	8811000
NC_053230.1	8812000	8813000
NC_053230.1	8813000	8814000
NC_053230.1	8814000	8815000
NC_053230.1	8816000	8817000
NC_053230.1	8817000	8818000
NC_053230.1	8818000	8819000
NC_053230.1	8819000	8820000
NC_053230.1	8820000	8821000
NC_053230.1	8822000	8823000
NC_053230.1	8823000	8824000
NC_053230.1	8824000	8825000
NC_053230.1	8825000	8826000
NC_053230.1	8826000	8827000
NC_053230.1	8827000	8828000
NC_053230.1	8828000	8829000
NC_053230.1	8829000	8830000
NC_053230.1	8830000	8831000
NC_053230.1	8831000	8832000
NC_053230.1	8832000	8833000
NC_053230.1	8833000	8834000
NC_053230.1	8834000	8835000
NC_053230.1	8835000	8836000
NC_053230.1	8836000	8837000
NC_053230.1	8837000	8838000
NC_053230.1	8838000	8839000
NC_053230.1	8839000	8840000
NC_053230.1	8840000	8841000
NC_053230.1	8841000	8842000
NC_053230.1	8842000	8843000
NC_053230.1	8844000	8845000
NC_053230.1	8845000	8846000
NC_053230.1	8846000	8847000
NC_053230.1	8847000	8848000
NC_053230.1	8848000	8849000
NC_053230.1	8849000	8850000
NC_053230.1	8850000	8851000
NC_053230.1	8851000	8852000
NC_053230.1	8852000	8853000
NC_053230.1	8853000	8854000
NC_053230.1	8854000	8855000
NC_053230.1	8855000	8856000
NC_053230.1	8856000	8857000
NC_053230.1	8857000	8858000
NC_053230.1	8858000	8859000
NC_053230.1	8859000	8860000
NC_053230.1	8860000	8861000
NC_053230.1	8861000	8862000
NC_053230.1	8862000	8863000
NC_053230.1	8863000	8864000
NC_053230.1	8864000	8865000
NC_053230.1	8867000	8868000
NC_053230.1	8869000	8870000
NC_053230.1	8870000	8871000
NC_053230.1	8871000	8872000
NC_053230.1	8873000	8874000
NC_053230.1	8874000	8875000
NC_053230.1	8875000	8876000
NC_053230.1	8877000	8878000
NC_053230.1	8878000	8879000
NC_053230.1	8879000	8880000
NC_053230.1	8880000	8881000
NC_053230.1	8881000	8882000
NC_053230.1	8882000	8883000
NC_053230.1	8883000	8884000
NC_053230.1	8884000	8885000
NC_053230.1	8885000	8886000
NC_053230.1	8886000	8887000
NC_053230.1	8887000	8888000
NC_053230.1	8888000	8889000
NC_053230.1	8889000	8890000
NC_053230.1	8890000	8891000
NC_053230.1	8891000	8892000
NC_053230.1	8892000	8893000
NC_053230.1	8894000	8895000
NC_053230.1	8895000	8896000
NC_053230.1	8896000	8897000
NC_053230.1	8897000	8898000
NC_053230.1	8898000	8899000
NC_053230.1	8899000	8900000
NC_053230.1	8900000	8901000
NC_053230.1	8901000	8902000
NC_053230.1	8903000	8904000
NC_053230.1	8904000	8905000
NC_053230.1	8905000	8906000
NC_053230.1	8906000	8907000
NC_053230.1	8907000	8908000
NC_053230.1	8908000	8909000
NC_053230.1	8909000	8910000
NC_053230.1	8910000	8911000
NC_053230.1	8911000	8912000
NC_053230.1	8912000	8913000
NC_053230.1	8913000	8914000
NC_053230.1	8914000	8915000
NC_053230.1	8915000	8916000
NC_053230.1	8917000	8918000
NC_053230.1	8918000	8919000
NC_053230.1	8920000	8921000
NC_053230.1	8921000	8922000
NC_053230.1	8922000	8923000
NC_053230.1	8923000	8924000
NC_053230.1	8924000	8925000
NC_053230.1	8925000	8926000
NC_053230.1	8926000	8927000
NC_053230.1	8927000	8928000
NC_053230.1	8928000	8929000
NC_053230.1	8929000	8930000
NC_053230.1	8930000	8931000
NC_053230.1	8931000	8932000
NC_053230.1	8932000	8933000
NC_053230.1	8933000	8934000
NC_053230.1	8934000	8935000
NC_053230.1	8935000	8936000
NC_053230.1	8936000	8937000
NC_053230.1	8937000	8938000
NC_053230.1	8938000	8939000
NC_053230.1	8939000	8940000
NC_053230.1	8940000	8941000
NC_053230.1	8941000	8942000
NC_053230.1	8943000	8944000
NC_053230.1	8945000	8946000
NC_053230.1	8947000	8948000
NC_053230.1	8948000	8949000
NC_053230.1	8949000	8950000
NC_053230.1	8950000	8951000
NC_053230.1	8951000	8952000
NC_053230.1	8952000	8953000
NC_053230.1	8953000	8954000
NC_053230.1	8954000	8955000
NC_053230.1	8955000	8956000
NC_053230.1	8956000	8957000
NC_053230.1	8957000	8958000
NC_053230.1	8958000	8959000
NC_053230.1	8959000	8960000
NC_053230.1	8960000	8961000
NC_053230.1	8961000	8962000
NC_053230.1	8962000	8963000
NC_053230.1	8963000	8964000
NC_053230.1	8964000	8965000
NC_053230.1	8965000	8966000
NC_053230.1	8966000	8967000
NC_053230.1	8967000	8968000
NC_053230.1	8968000	8969000
NC_053230.1	8969000	8970000
NC_053230.1	8971000	8972000
NC_053230.1	8972000	8973000
NC_053230.1	8973000	8974000
NC_053230.1	8974000	8975000
NC_053230.1	8975000	8976000
NC_053230.1	8976000	8977000
NC_053230.1	8977000	8978000
NC_053230.1	8979000	8980000
NC_053230.1	8984000	8985000
NC_053230.1	8985000	8986000
NC_053230.1	8986000	8987000
NC_053230.1	8987000	8988000
NC_053230.1	8988000	8989000
NC_053230.1	8989000	8990000
NC_053230.1	8990000	8991000
NC_053230.1	8992000	8993000
NC_053230.1	8993000	8994000
NC_053230.1	8994000	8995000
NC_053230.1	8995000	8996000
NC_053230.1	8996000	8997000
NC_053230.1	8997000	8998000
NC_053230.1	8999000	9000000
NC_053230.1	9000000	9001000
NC_053230.1	9001000	9002000
NC_053230.1	9002000	9003000
NC_053230.1	9003000	9004000
NC_053230.1	9004000	9005000
NC_053230.1	9005000	9006000
NC_053230.1	9006000	9007000
NC_053230.1	9007000	9008000
NC_053230.1	9008000	9009000
NC_053230.1	9009000	9010000
NC_053230.1	9010000	9011000
NC_053230.1	9011000	9012000
NC_053230.1	9012000	9013000
NC_053230.1	9013000	9014000
NC_053230.1	9014000	9015000
NC_053230.1	9015000	9016000
NC_053230.1	9016000	9017000
NC_053230.1	9018000	9019000
NC_053230.1	9019000	9020000
NC_053230.1	9020000	9021000
NC_053230.1	9021000	9022000
NC_053230.1	9022000	9023000
NC_053230.1	9023000	9024000
NC_053230.1	9024000	9025000
NC_053230.1	9025000	9026000
NC_053230.1	9026000	9027000
NC_053230.1	9027000	9028000
NC_053230.1	9028000	9029000
NC_053230.1	9029000	9030000
NC_053230.1	9030000	9031000
NC_053230.1	9031000	9032000
NC_053230.1	9032000	9033000
NC_053230.1	9033000	9034000
NC_053230.1	9034000	9035000
NC_053230.1	9035000	9036000
NC_053230.1	9036000	9037000
NC_053230.1	9037000	9038000
NC_053230.1	9038000	9039000
NC_053230.1	9039000	9040000
NC_053230.1	9040000	9041000
NC_053230.1	9041000	9042000
NC_053230.1	9042000	9043000
NC_053230.1	9043000	9044000
NC_053230.1	9044000	9045000
NC_053230.1	9045000	9046000
NC_053230.1	9046000	9047000
NC_053230.1	9047000	9048000
NC_053230.1	9048000	9049000
NC_053230.1	9049000	9050000
NC_053230.1	9050000	9051000
NC_053230.1	9051000	9052000
NC_053230.1	9052000	9053000
NC_053230.1	9053000	9054000
NC_053230.1	9054000	9055000
NC_053230.1	9055000	9056000
NC_053230.1	9056000	9057000
NC_053230.1	9058000	9059000
NC_053230.1	9059000	9060000
NC_053230.1	9060000	9061000
NC_053230.1	9061000	9062000
NC_053230.1	9062000	9063000
NC_053230.1	9063000	9064000
NC_053230.1	9064000	9065000
NC_053230.1	9065000	9066000
NC_053230.1	9066000	9067000
NC_053230.1	9076000	9077000
NC_053230.1	9077000	9078000
NC_053230.1	9078000	9079000
NC_053230.1	9081000	9082000
NC_053230.1	9082000	9083000
NC_053230.1	9084000	9085000
NC_053230.1	9085000	9086000
NC_053230.1	9090000	9091000
NC_053230.1	9093000	9094000
NC_053230.1	9094000	9095000
NC_053230.1	9095000	9096000
NC_053230.1	9096000	9097000
NC_053230.1	9097000	9098000
NC_053230.1	9098000	9099000
NC_053230.1	9099000	9100000
NC_053230.1	9100000	9101000
NC_053230.1	9101000	9102000
NC_053230.1	9102000	9103000
NC_053230.1	9103000	9104000
NC_053230.1	9104000	9105000
NC_053230.1	9105000	9106000
NC_053230.1	9106000	9107000
NC_053230.1	9107000	9108000
NC_053230.1	9108000	9109000
NC_053230.1	9109000	9110000
NC_053230.1	9110000	9111000
NC_053230.1	9111000	9112000
NC_053230.1	9112000	9113000
NC_053230.1	9113000	9114000
NC_053230.1	9114000	9115000
NC_053230.1	9115000	9116000
NC_053230.1	9116000	9117000
NC_053230.1	9117000	9118000
NC_053230.1	9119000	9120000
NC_053230.1	9120000	9121000
NC_053230.1	9121000	9122000
NC_053230.1	9122000	9123000
NC_053230.1	9123000	9124000
NC_053230.1	9124000	9125000
NC_053230.1	9125000	9126000
NC_053230.1	9126000	9127000
NC_053230.1	9127000	9128000
NC_053230.1	9128000	9129000
NC_053230.1	9129000	9130000
NC_053230.1	9130000	9131000
NC_053230.1	9131000	9132000
NC_053230.1	9132000	9133000
NC_053230.1	9133000	9134000
NC_053230.1	9134000	9135000
NC_053230.1	9135000	9136000
NC_053230.1	9136000	9137000
NC_053230.1	9137000	9138000
NC_053230.1	9139000	9140000
NC_053230.1	9140000	9141000
NC_053230.1	9141000	9142000
NC_053230.1	9142000	9143000
NC_053230.1	9143000	9144000
NC_053230.1	9144000	9145000
NC_053230.1	9147000	9148000
NC_053230.1	9148000	9149000
NC_053230.1	9149000	9150000
NC_053230.1	9150000	9151000
NC_053230.1	9151000	9152000
NC_053230.1	9152000	9153000
NC_053230.1	9153000	9154000
NC_053230.1	9154000	9155000
NC_053230.1	9155000	9156000
NC_053230.1	9157000	9158000
NC_053230.1	9158000	9159000
NC_053230.1	9159000	9160000
NC_053230.1	9160000	9161000
NC_053230.1	9161000	9162000
NC_053230.1	9162000	9163000
NC_053230.1	9163000	9164000
NC_053230.1	9164000	9165000
NC_053230.1	9165000	9166000
NC_053230.1	9166000	9167000
NC_053230.1	9168000	9169000
NC_053230.1	9169000	9170000
NC_053230.1	9170000	9171000
NC_053230.1	9171000	9172000
NC_053230.1	9172000	9173000
NC_053230.1	9173000	9174000
NC_053230.1	9174000	9175000
NC_053230.1	9175000	9176000
NC_053230.1	9176000	9177000
NC_053230.1	9177000	9178000
NC_053230.1	9179000	9180000
NC_053230.1	9180000	9181000
NC_053230.1	9183000	9184000
NC_053230.1	9184000	9185000
NC_053230.1	9185000	9186000
NC_053230.1	9186000	9187000
NC_053230.1	9187000	9188000
NC_053230.1	9188000	9189000
NC_053230.1	9192000	9193000
NC_053230.1	9193000	9194000
NC_053230.1	9194000	9195000
NC_053230.1	9195000	9196000
NC_053230.1	9196000	9197000
NC_053230.1	9197000	9198000
NC_053230.1	9198000	9199000
NC_053230.1	9199000	9200000
NC_053230.1	9200000	9201000
NC_053230.1	9202000	9203000
NC_053230.1	9203000	9204000
NC_053230.1	9204000	9205000
NC_053230.1	9205000	9206000
NC_053230.1	9206000	9207000
NC_053230.1	9207000	9208000
NC_053230.1	9208000	9209000
NC_053230.1	9209000	9210000
NC_053230.1	9210000	9211000
NC_053230.1	9211000	9212000
NC_053230.1	9212000	9213000
NC_053230.1	9213000	9214000
NC_053230.1	9214000	9215000
NC_053230.1	9218000	9219000
NC_053230.1	9231000	9232000
NC_053230.1	9233000	9234000
NC_053230.1	9238000	9239000
NC_053230.1	9239000	9240000
NC_053230.1	9240000	9241000
NC_053230.1	9241000	9242000
NC_053230.1	9242000	9243000
NC_053230.1	9243000	9244000
NC_053230.1	9244000	9245000
NC_053230.1	9245000	9246000
NC_053230.1	9246000	9247000
NC_053230.1	9247000	9248000
NC_053230.1	9248000	9249000
NC_053230.1	9249000	9250000
NC_053230.1	9250000	9251000
NC_053230.1	9255000	9256000
NC_053230.1	9256000	9257000
NC_053230.1	9257000	9258000
NC_053230.1	9258000	9259000
NC_053230.1	9259000	9260000
NC_053230.1	9260000	9261000
NC_053230.1	9261000	9262000
NC_053230.1	9262000	9263000
NC_053230.1	9263000	9264000
NC_053230.1	9264000	9265000
NC_053230.1	9265000	9266000
NC_053230.1	9270000	9271000
NC_053230.1	9271000	9272000
NC_053230.1	9272000	9273000
NC_053230.1	9275000	9276000
NC_053230.1	9276000	9277000
NC_053230.1	9292000	9293000
NC_053230.1	9293000	9294000
NC_053230.1	9294000	9295000
NC_053230.1	9295000	9296000
NC_053230.1	9296000	9297000
NC_053230.1	9297000	9298000
NC_053230.1	9298000	9299000
NC_053230.1	9299000	9300000
NC_053230.1	9300000	9301000
NC_053230.1	9301000	9302000
NC_053230.1	9302000	9303000
NC_053230.1	9303000	9304000
NC_053230.1	9304000	9305000
NC_053230.1	9305000	9306000
NC_053230.1	9306000	9307000
NC_053230.1	9307000	9308000
NC_053230.1	9308000	9309000
NC_053230.1	9309000	9310000
NC_053230.1	9310000	9311000
NC_053230.1	9311000	9312000
NC_053230.1	9312000	9313000
NC_053230.1	9313000	9314000
NC_053230.1	9314000	9315000
NC_053230.1	9315000	9316000
NC_053230.1	9316000	9317000
NC_053230.1	9317000	9318000
NC_053230.1	9318000	9319000
NC_053230.1	9319000	9320000
NC_053230.1	9320000	9321000
NC_053230.1	9321000	9322000
NC_053230.1	9322000	9323000
NC_053230.1	9323000	9324000
NC_053230.1	9324000	9325000
NC_053230.1	9325000	9326000
NC_053230.1	9326000	9327000
NC_053230.1	9327000	9328000
NC_053230.1	9328000	9329000
NC_053230.1	9329000	9330000
NC_053230.1	9330000	9331000
NC_053230.1	9331000	9332000
NC_053230.1	9332000	9333000
NC_053230.1	9333000	9334000
NC_053230.1	9334000	9335000
NC_053230.1	9335000	9336000
NC_053230.1	9336000	9337000
NC_053230.1	9339000	9340000
NC_053230.1	9340000	9341000
NC_053230.1	9341000	9342000
NC_053230.1	9342000	9343000
NC_053230.1	9343000	9344000
NC_053230.1	9344000	9345000
NC_053230.1	9345000	9346000
NC_053230.1	9346000	9347000
NC_053230.1	9347000	9348000
NC_053230.1	9348000	9349000
NC_053230.1	9349000	9350000
NC_053230.1	9350000	9351000
NC_053230.1	9351000	9352000
NC_053230.1	9352000	9353000
NC_053230.1	9353000	9354000
NC_053230.1	9354000	9355000
NC_053230.1	9355000	9356000
NC_053230.1	9356000	9357000
NC_053230.1	9357000	9358000
NC_053230.1	9358000	9359000
NC_053230.1	9359000	9360000
NC_053230.1	9360000	9361000
NC_053230.1	9361000	9362000
NC_053230.1	9362000	9363000
NC_053230.1	9363000	9364000
NC_053230.1	9364000	9365000
NC_053230.1	9365000	9366000
NC_053230.1	9366000	9367000
NC_053230.1	9367000	9368000
NC_053230.1	9368000	9369000
NC_053230.1	9369000	9370000
NC_053230.1	9370000	9371000
NC_053230.1	9371000	9372000
NC_053230.1	9372000	9373000
NC_053230.1	9373000	9374000
NC_053230.1	9374000	9375000
NC_053230.1	9375000	9376000
NC_053230.1	9376000	9377000
NC_053230.1	9379000	9380000
NC_053230.1	9380000	9381000
NC_053230.1	9381000	9382000
NC_053230.1	9382000	9383000
NC_053230.1	9383000	9384000
NC_053230.1	9384000	9385000
NC_053230.1	9385000	9386000
NC_053230.1	9386000	9387000
NC_053230.1	9387000	9388000
NC_053230.1	9388000	9389000
NC_053230.1	9389000	9390000
NC_053230.1	9390000	9391000
NC_053230.1	9391000	9392000
NC_053230.1	9392000	9393000
NC_053230.1	9393000	9394000
NC_053230.1	9394000	9395000
NC_053230.1	9395000	9396000
NC_053230.1	9396000	9397000
NC_053230.1	9397000	9398000
NC_053230.1	9398000	9399000
NC_053230.1	9399000	9400000
NC_053230.1	9400000	9401000
NC_053230.1	9401000	9402000
NC_053230.1	9402000	9403000
NC_053230.1	9403000	9404000
NC_053230.1	9404000	9405000
NC_053230.1	9405000	9406000
NC_053230.1	9406000	9407000
NC_053230.1	9408000	9409000
NC_053230.1	9412000	9413000
NC_053230.1	9413000	9414000
NC_053230.1	9415000	9416000
NC_053230.1	9416000	9417000
NC_053230.1	9417000	9418000
NC_053230.1	9418000	9419000
NC_053230.1	9419000	9420000
NC_053230.1	9420000	9421000
NC_053230.1	9421000	9422000
NC_053230.1	9422000	9423000
NC_053230.1	9423000	9424000
NC_053230.1	9424000	9425000
NC_053230.1	9425000	9426000
NC_053230.1	9426000	9427000
NC_053230.1	9427000	9428000
NC_053230.1	9428000	9429000
NC_053230.1	9429000	9430000
NC_053230.1	9430000	9431000
NC_053230.1	9431000	9432000
NC_053230.1	9432000	9433000
NC_053230.1	9433000	9434000
NC_053230.1	9434000	9435000
NC_053230.1	9435000	9436000
NC_053230.1	9436000	9437000
NC_053230.1	9437000	9438000
NC_053230.1	9439000	9440000
NC_053230.1	9440000	9441000
NC_053230.1	9441000	9442000
NC_053230.1	9448000	9449000
NC_053230.1	9449000	9450000
NC_053230.1	9451000	9452000
NC_053230.1	9452000	9453000
NC_053230.1	9453000	9454000
NC_053230.1	9454000	9455000
NC_053230.1	9455000	9456000
NC_053230.1	9456000	9457000
NC_053230.1	9457000	9458000
NC_053230.1	9458000	9459000
NC_053230.1	9459000	9460000
NC_053230.1	9460000	9461000
NC_053230.1	9461000	9462000
NC_053230.1	9462000	9463000
NC_053230.1	9463000	9464000
NC_053230.1	9464000	9465000
NC_053230.1	9465000	9466000
NC_053230.1	9466000	9467000
NC_053230.1	9467000	9468000
NC_053230.1	9468000	9469000
NC_053230.1	9470000	9471000
NC_053230.1	9471000	9472000
NC_053230.1	9473000	9474000
NC_053230.1	9474000	9475000
NC_053230.1	9475000	9476000
NC_053230.1	9476000	9477000
NC_053230.1	9477000	9478000
NC_053230.1	9478000	9479000
NC_053230.1	9479000	9480000
NC_053230.1	9480000	9481000
NC_053230.1	9481000	9482000
NC_053230.1	9482000	9483000
NC_053230.1	9483000	9484000
NC_053230.1	9484000	9485000
NC_053230.1	9485000	9486000
NC_053230.1	9486000	9487000
NC_053230.1	9487000	9488000
NC_053230.1	9488000	9489000
NC_053230.1	9489000	9490000
NC_053230.1	9490000	9491000
NC_053230.1	9491000	9492000
NC_053230.1	9492000	9493000
NC_053230.1	9493000	9494000
NC_053230.1	9494000	9495000
NC_053230.1	9495000	9496000
NC_053230.1	9496000	9497000
NC_053230.1	9497000	9498000
NC_053230.1	9498000	9499000
NC_053230.1	9499000	9500000
NC_053230.1	9500000	9501000
NC_053230.1	9501000	9502000
NC_053230.1	9502000	9503000
NC_053230.1	9503000	9504000
NC_053230.1	9505000	9506000
NC_053230.1	9506000	9507000
NC_053230.1	9507000	9508000
NC_053230.1	9508000	9509000
NC_053230.1	9509000	9510000
NC_053230.1	9510000	9511000
NC_053230.1	9511000	9512000
NC_053230.1	9512000	9513000
NC_053230.1	9514000	9515000
NC_053230.1	9515000	9516000
NC_053230.1	9516000	9517000
NC_053230.1	9517000	9518000
NC_053230.1	9518000	9519000
NC_053230.1	9520000	9521000
NC_053230.1	9521000	9522000
NC_053230.1	9522000	9523000
NC_053230.1	9523000	9524000
NC_053230.1	9524000	9525000
NC_053230.1	9525000	9526000
NC_053230.1	9526000	9527000
NC_053230.1	9527000	9528000
NC_053230.1	9531000	9532000
NC_053230.1	9532000	9533000
NC_053230.1	9533000	9534000
NC_053230.1	9534000	9535000
NC_053230.1	9537000	9538000
NC_053230.1	9539000	9540000
NC_053230.1	9540000	9541000
NC_053230.1	9542000	9543000
NC_053230.1	9543000	9544000
NC_053230.1	9546000	9547000
NC_053230.1	9547000	9548000
NC_053230.1	9548000	9549000
NC_053230.1	9549000	9550000
NC_053230.1	9550000	9551000
NC_053230.1	9551000	9552000
NC_053230.1	9552000	9553000
NC_053230.1	9553000	9554000
NC_053230.1	9554000	9555000
NC_053230.1	9555000	9556000
NC_053230.1	9556000	9557000
NC_053230.1	9557000	9558000
NC_053230.1	9558000	9559000
NC_053230.1	9559000	9560000
NC_053230.1	9560000	9561000
NC_053230.1	9561000	9562000
NC_053230.1	9562000	9563000
NC_053230.1	9563000	9564000
NC_053230.1	9564000	9565000
NC_053230.1	9565000	9566000
NC_053230.1	9566000	9567000
NC_053230.1	9567000	9568000
NC_053230.1	9568000	9569000
NC_053230.1	9569000	9570000
NC_053230.1	9570000	9571000
NC_053230.1	9571000	9572000
NC_053230.1	9573000	9574000
NC_053230.1	9575000	9576000
NC_053230.1	9576000	9577000
NC_053230.1	9577000	9578000
NC_053230.1	9578000	9579000
NC_053230.1	9579000	9580000
NC_053230.1	9580000	9581000
NC_053230.1	9581000	9582000
NC_053230.1	9582000	9583000
NC_053230.1	9583000	9584000
NC_053230.1	9584000	9585000
NC_053230.1	9587000	9588000
NC_053230.1	9588000	9589000
NC_053230.1	9589000	9590000
NC_053230.1	9590000	9591000
NC_053230.1	9591000	9592000
NC_053230.1	9592000	9593000
NC_053230.1	9593000	9594000
NC_053230.1	9594000	9595000
NC_053230.1	9595000	9596000
NC_053230.1	9596000	9597000
NC_053230.1	9597000	9598000
NC_053230.1	9598000	9599000
NC_053230.1	9599000	9600000
NC_053230.1	9600000	9601000
NC_053230.1	9601000	9602000
NC_053230.1	9602000	9603000
NC_053230.1	9603000	9604000
NC_053230.1	9604000	9605000
NC_053230.1	9605000	9606000
NC_053230.1	9606000	9607000
NC_053230.1	9607000	9608000
NC_053230.1	9608000	9609000
NC_053230.1	9609000	9610000
NC_053230.1	9610000	9611000
NC_053230.1	9612000	9613000
NC_053230.1	9613000	9614000
NC_053230.1	9614000	9615000
NC_053230.1	9615000	9616000
NC_053230.1	9616000	9617000
NC_053230.1	9617000	9618000
NC_053230.1	9618000	9619000
NC_053230.1	9619000	9620000
NC_053230.1	9620000	9621000
NC_053230.1	9621000	9622000
NC_053230.1	9625000	9626000
NC_053230.1	9626000	9627000
NC_053230.1	9627000	9628000
NC_053230.1	9632000	9633000
NC_053230.1	9633000	9634000
NC_053230.1	9634000	9635000
NC_053230.1	9635000	9636000
NC_053230.1	9636000	9637000
NC_053230.1	9637000	9638000
NC_053230.1	9638000	9639000
NC_053230.1	9639000	9640000
NC_053230.1	9640000	9641000
NC_053230.1	9641000	9642000
NC_053230.1	9642000	9643000
NC_053230.1	9645000	9646000
NC_053230.1	9646000	9647000
NC_053230.1	9647000	9648000
NC_053230.1	9648000	9649000
NC_053230.1	9649000	9650000
NC_053230.1	9650000	9651000
NC_053230.1	9651000	9652000
NC_053230.1	9652000	9653000
NC_053230.1	9653000	9654000
NC_053230.1	9654000	9655000
NC_053230.1	9655000	9656000
NC_053230.1	9656000	9657000
NC_053230.1	9657000	9658000
NC_053230.1	9658000	9659000
NC_053230.1	9659000	9660000
NC_053230.1	9660000	9661000
NC_053230.1	9661000	9662000
NC_053230.1	9662000	9663000
NC_053230.1	9663000	9664000
NC_053230.1	9664000	9665000
NC_053230.1	9665000	9666000
NC_053230.1	9666000	9667000
NC_053230.1	9667000	9668000
NC_053230.1	9668000	9669000
NC_053230.1	9669000	9670000
NC_053230.1	9670000	9671000
NC_053230.1	9672000	9673000
NC_053230.1	9673000	9674000
NC_053230.1	9674000	9675000
NC_053230.1	9675000	9676000
NC_053230.1	9676000	9677000
NC_053230.1	9677000	9678000
NC_053230.1	9678000	9679000
NC_053230.1	9679000	9680000
NC_053230.1	9680000	9681000
NC_053230.1	9681000	9682000
NC_053230.1	9682000	9683000
NC_053230.1	9683000	9684000
NC_053230.1	9684000	9685000
NC_053230.1	9685000	9686000
NC_053230.1	9686000	9687000
NC_053230.1	9687000	9688000
NC_053230.1	9688000	9689000
NC_053230.1	9689000	9690000
NC_053230.1	9690000	9691000
NC_053230.1	9691000	9692000
NC_053230.1	9692000	9693000
NC_053230.1	9693000	9694000
NC_053230.1	9694000	9695000
NC_053230.1	9695000	9696000
NC_053230.1	9696000	9697000
NC_053230.1	9697000	9698000
NC_053230.1	9698000	9699000
NC_053230.1	9699000	9700000
NC_053230.1	9700000	9701000
NC_053230.1	9701000	9702000
NC_053230.1	9702000	9703000
NC_053230.1	9703000	9704000
NC_053230.1	9704000	9705000
NC_053230.1	9705000	9706000
NC_053230.1	9706000	9707000
NC_053230.1	9707000	9708000
NC_053230.1	9708000	9709000
NC_053230.1	9709000	9710000
NC_053230.1	9710000	9711000
NC_053230.1	9711000	9712000
NC_053230.1	9712000	9713000
NC_053230.1	9713000	9714000
NC_053230.1	9714000	9715000
NC_053230.1	9715000	9716000
NC_053230.1	9716000	9717000
NC_053230.1	9717000	9718000
NC_053230.1	9718000	9719000
NC_053230.1	9719000	9720000
NC_053230.1	9720000	9721000
NC_053230.1	9721000	9722000
NC_053230.1	9722000	9723000
NC_053230.1	9723000	9724000
NC_053230.1	9724000	9725000
NC_053230.1	9725000	9726000
NC_053230.1	9726000	9727000
NC_053230.1	9727000	9728000
NC_053230.1	9728000	9729000
NC_053230.1	9730000	9731000
NC_053230.1	9731000	9732000
NC_053230.1	9732000	9733000
NC_053230.1	9733000	9734000
NC_053230.1	9734000	9735000
NC_053230.1	9735000	9736000
NC_053230.1	9736000	9737000
NC_053230.1	9737000	9738000
NC_053230.1	9738000	9739000
NC_053230.1	9739000	9740000
NC_053230.1	9740000	9741000
NC_053230.1	9741000	9742000
NC_053230.1	9742000	9743000
NC_053230.1	9743000	9744000
NC_053230.1	9745000	9746000
NC_053230.1	9746000	9747000
NC_053230.1	9747000	9748000
NC_053230.1	9748000	9749000
NC_053230.1	9749000	9750000
NC_053230.1	9750000	9751000
NC_053230.1	9752000	9753000
NC_053230.1	9753000	9754000
NC_053230.1	9754000	9755000
NC_053230.1	9755000	9756000
NC_053230.1	9758000	9759000
NC_053230.1	9759000	9760000
NC_053230.1	9760000	9761000
NC_053230.1	9761000	9762000
NC_053230.1	9762000	9763000
NC_053230.1	9764000	9765000
NC_053230.1	9765000	9766000
NC_053230.1	9766000	9767000
NC_053230.1	9767000	9768000
NC_053230.1	9768000	9769000
NC_053230.1	9769000	9770000
NC_053230.1	9770000	9771000
NC_053230.1	9771000	9772000
NC_053230.1	9772000	9773000
NC_053230.1	9773000	9774000
NC_053230.1	9774000	9775000
NC_053230.1	9776000	9777000
NC_053230.1	9777000	9778000
NC_053230.1	9778000	9779000
NC_053230.1	9779000	9780000
NC_053230.1	9780000	9781000
NC_053230.1	9782000	9783000
NC_053230.1	9784000	9785000
NC_053230.1	9785000	9786000
NC_053230.1	9786000	9787000
NC_053230.1	9787000	9788000
NC_053230.1	9788000	9789000
NC_053230.1	9789000	9790000
NC_053230.1	9790000	9791000
NC_053230.1	9793000	9794000
NC_053230.1	9794000	9795000
NC_053230.1	9795000	9796000
NC_053230.1	9796000	9797000
NC_053230.1	9797000	9798000
NC_053230.1	9799000	9800000
NC_053230.1	9800000	9801000
NC_053230.1	9801000	9802000
NC_053230.1	9802000	9803000
NC_053230.1	9803000	9804000
NC_053230.1	9804000	9805000
NC_053230.1	9805000	9806000
NC_053230.1	9806000	9807000
NC_053230.1	9807000	9808000
NC_053230.1	9808000	9809000
NC_053230.1	9809000	9810000
NC_053230.1	9810000	9811000
NC_053230.1	9811000	9812000
NC_053230.1	9812000	9813000
NC_053230.1	9813000	9814000
NC_053230.1	9815000	9816000
NC_053230.1	9816000	9817000
NC_053230.1	9817000	9818000
NC_053230.1	9818000	9819000
NC_053230.1	9819000	9820000
NC_053230.1	9820000	9821000
NC_053230.1	9821000	9822000
NC_053230.1	9822000	9823000
NC_053230.1	9823000	9824000
NC_053230.1	9824000	9825000
NC_053230.1	9825000	9826000
NC_053230.1	9826000	9827000
NC_053230.1	9828000	9829000
NC_053230.1	9829000	9830000
NC_053230.1	9830000	9831000
NC_053230.1	9832000	9833000
NC_053230.1	9833000	9834000
NC_053230.1	9839000	9840000
NC_053230.1	9840000	9841000
NC_053230.1	9844000	9845000
NC_053230.1	9845000	9846000
NC_053230.1	9847000	9848000
NC_053230.1	9850000	9851000
NC_053230.1	9851000	9852000
NC_053230.1	9852000	9853000
NC_053230.1	9853000	9854000
NC_053230.1	9854000	9855000
NC_053230.1	9855000	9856000
NC_053230.1	9856000	9857000
NC_053230.1	9857000	9858000
NC_053230.1	9858000	9859000
NC_053230.1	9859000	9860000
NC_053230.1	9861000	9862000
NC_053230.1	9862000	9863000
NC_053230.1	9863000	9864000
NC_053230.1	9872000	9873000
NC_053230.1	9873000	9874000
NC_053230.1	9874000	9875000
NC_053230.1	9878000	9879000
NC_053230.1	9879000	9880000
NC_053230.1	9881000	9882000
NC_053230.1	9883000	9884000
NC_053230.1	9885000	9886000
NC_053230.1	9886000	9887000
NC_053230.1	9887000	9888000
NC_053230.1	9888000	9889000
NC_053230.1	9889000	9890000
NC_053230.1	9890000	9891000
NC_053230.1	9891000	9892000
NC_053230.1	9892000	9893000
NC_053230.1	9893000	9894000
NC_053230.1	9894000	9895000
NC_053230.1	9895000	9896000
NC_053230.1	9896000	9897000
NC_053230.1	9897000	9898000
NC_053230.1	9898000	9899000
NC_053230.1	9899000	9900000
NC_053230.1	9900000	9901000
NC_053230.1	9901000	9902000
NC_053230.1	9902000	9903000
NC_053230.1	9903000	9904000
NC_053230.1	9904000	9905000
NC_053230.1	9905000	9906000
NC_053230.1	9906000	9907000
NC_053230.1	9907000	9908000
NC_053230.1	9908000	9909000
NC_053230.1	9909000	9910000
NC_053230.1	9910000	9911000
NC_053230.1	9911000	9912000
NC_053230.1	9912000	9913000
NC_053230.1	9913000	9914000
NC_053230.1	9914000	9915000
NC_053230.1	9915000	9916000
NC_053230.1	9920000	9921000
NC_053230.1	9921000	9922000
NC_053230.1	9922000	9923000
NC_053230.1	9923000	9924000
NC_053230.1	9924000	9925000
NC_053230.1	9925000	9926000
NC_053230.1	9926000	9927000
NC_053230.1	9928000	9929000
NC_053230.1	9929000	9930000
NC_053230.1	9930000	9931000
NC_053230.1	9931000	9932000
NC_053230.1	9934000	9935000
NC_053230.1	9935000	9936000
NC_053230.1	9936000	9937000
NC_053230.1	9937000	9938000
NC_053230.1	9938000	9939000
NC_053230.1	9939000	9940000
NC_053230.1	9940000	9941000
NC_053230.1	9941000	9942000
NC_053230.1	9942000	9943000
NC_053230.1	9945000	9946000
NC_053230.1	9950000	9951000
NC_053230.1	9951000	9952000
NC_053230.1	9952000	9953000
NC_053230.1	9953000	9954000
NC_053230.1	9954000	9955000
NC_053230.1	9955000	9956000
NC_053230.1	9956000	9957000
NC_053230.1	9959000	9960000
NC_053230.1	9960000	9961000
NC_053230.1	9967000	9968000
NC_053230.1	9968000	9969000
NC_053230.1	9969000	9970000
NC_053230.1	9970000	9971000
NC_053230.1	9971000	9972000
NC_053230.1	9973000	9974000
NC_053230.1	9974000	9975000
NC_053230.1	9975000	9976000
NC_053230.1	9976000	9977000
NC_053230.1	9977000	9978000
NC_053230.1	9979000	9980000
NC_053230.1	9980000	9981000
NC_053230.1	9985000	9986000
NC_053230.1	9986000	9987000
NC_053230.1	9987000	9988000
NC_053230.1	9988000	9989000
NC_053230.1	9989000	9990000
NC_053230.1	9990000	9991000
NC_053230.1	9991000	9992000
NC_053230.1	9993000	9994000
NC_053230.1	9994000	9995000
NC_053230.1	9995000	9996000
NC_053230.1	9996000	9997000
NC_053230.1	9997000	9998000
NC_053230.1	9998000	9999000
NC_053230.1	9999000	10000000
NC_053230.1	10000000	10001000
NC_053230.1	10001000	10002000
NC_053230.1	10002000	10003000
NC_053230.1	10003000	10004000
NC_053230.1	10004000	10005000
NC_053230.1	10005000	10006000
NC_053230.1	10006000	10007000
NC_053230.1	10007000	10008000
NC_053230.1	10008000	10009000
NC_053230.1	10009000	10010000
NC_053230.1	10010000	10011000
NC_053230.1	10011000	10012000
NC_053230.1	10012000	10013000
NC_053230.1	10013000	10014000
NC_053230.1	10020000	10021000
NC_053230.1	10021000	10022000
NC_053230.1	10022000	10023000
NC_053230.1	10023000	10024000
NC_053230.1	10024000	10025000
NC_053230.1	10025000	10026000
NC_053230.1	10026000	10027000
NC_053230.1	10027000	10028000
NC_053230.1	10028000	10029000
NC_053230.1	10029000	10030000
NC_053230.1	10030000	10031000
NC_053230.1	10031000	10032000
NC_053230.1	10032000	10033000
NC_053230.1	10033000	10034000
NC_053230.1	10034000	10035000
NC_053230.1	10035000	10036000
NC_053230.1	10036000	10037000
NC_053230.1	10037000	10038000
NC_053230.1	10038000	10039000
NC_053230.1	10039000	10040000
NC_053230.1	10040000	10041000
NC_053230.1	10042000	10043000
NC_053230.1	10043000	10044000
NC_053230.1	10044000	10045000
NC_053230.1	10045000	10046000
NC_053230.1	10046000	10047000
NC_053230.1	10047000	10048000
NC_053230.1	10048000	10049000
NC_053230.1	10051000	10052000
NC_053230.1	10052000	10053000
NC_053230.1	10053000	10054000
NC_053230.1	10054000	10055000
NC_053230.1	10055000	10056000
NC_053230.1	10056000	10057000
NC_053230.1	10057000	10058000
NC_053230.1	10058000	10059000
NC_053230.1	10059000	10060000
NC_053230.1	10060000	10061000
NC_053230.1	10061000	10062000
NC_053230.1	10062000	10063000
NC_053230.1	10063000	10064000
NC_053230.1	10064000	10065000
NC_053230.1	10065000	10066000
NC_053230.1	10066000	10067000
NC_053230.1	10068000	10069000
NC_053230.1	10069000	10070000
NC_053230.1	10070000	10071000
NC_053230.1	10071000	10072000
NC_053230.1	10072000	10073000
NC_053230.1	10073000	10074000
NC_053230.1	10074000	10075000
NC_053230.1	10075000	10076000
NC_053230.1	10076000	10077000
NC_053230.1	10082000	10083000
NC_053230.1	10083000	10084000
NC_053230.1	10084000	10085000
NC_053230.1	10085000	10086000
NC_053230.1	10086000	10087000
NC_053230.1	10087000	10088000
NC_053230.1	10088000	10089000
NC_053230.1	10090000	10091000
NC_053230.1	10091000	10092000
NC_053230.1	10092000	10093000
NC_053230.1	10093000	10094000
NC_053230.1	10094000	10095000
NC_053230.1	10095000	10096000
NC_053230.1	10096000	10097000
NC_053230.1	10097000	10098000
NC_053230.1	10098000	10099000
NC_053230.1	10099000	10100000
NC_053230.1	10100000	10101000
NC_053230.1	10101000	10102000
NC_053230.1	10102000	10103000
NC_053230.1	10103000	10104000
NC_053230.1	10104000	10105000
NC_053230.1	10106000	10107000
NC_053230.1	10107000	10108000
NC_053230.1	10108000	10109000
NC_053230.1	10109000	10110000
NC_053230.1	10110000	10111000
NC_053230.1	10111000	10112000
NC_053230.1	10112000	10113000
NC_053230.1	10113000	10114000
NC_053230.1	10114000	10115000
NC_053230.1	10115000	10116000
NC_053230.1	10116000	10117000
NC_053230.1	10117000	10118000
NC_053230.1	10118000	10119000
NC_053230.1	10119000	10120000
NC_053230.1	10120000	10121000
NC_053230.1	10121000	10122000
NC_053230.1	10122000	10123000
NC_053230.1	10123000	10124000
NC_053230.1	10124000	10125000
NC_053230.1	10125000	10126000
NC_053230.1	10126000	10127000
NC_053230.1	10127000	10128000
NC_053230.1	10128000	10129000
NC_053230.1	10129000	10130000
NC_053230.1	10130000	10131000
NC_053230.1	10131000	10132000
NC_053230.1	10134000	10135000
NC_053230.1	10135000	10136000
NC_053230.1	10136000	10137000
NC_053230.1	10137000	10138000
NC_053230.1	10138000	10139000
NC_053230.1	10139000	10140000
NC_053230.1	10140000	10141000
NC_053230.1	10141000	10142000
NC_053230.1	10142000	10143000
NC_053230.1	10143000	10144000
NC_053230.1	10144000	10145000
NC_053230.1	10145000	10146000
NC_053230.1	10148000	10149000
NC_053230.1	10149000	10150000
NC_053230.1	10150000	10151000
NC_053230.1	10151000	10152000
NC_053230.1	10153000	10154000
NC_053230.1	10154000	10155000
NC_053230.1	10155000	10156000
NC_053230.1	10156000	10157000
NC_053230.1	10157000	10158000
NC_053230.1	10158000	10159000
NC_053230.1	10161000	10162000
NC_053230.1	10164000	10165000
NC_053230.1	10165000	10166000
NC_053230.1	10168000	10169000
NC_053230.1	10172000	10173000
NC_053230.1	10173000	10174000
NC_053230.1	10174000	10175000
NC_053230.1	10175000	10176000
NC_053230.1	10176000	10177000
NC_053230.1	10177000	10178000
NC_053230.1	10178000	10179000
NC_053230.1	10179000	10180000
NC_053230.1	10180000	10181000
NC_053230.1	10181000	10182000
NC_053230.1	10182000	10183000
NC_053230.1	10183000	10184000
NC_053230.1	10184000	10185000
NC_053230.1	10185000	10186000
NC_053230.1	10186000	10187000
NC_053230.1	10187000	10188000
NC_053230.1	10188000	10189000
NC_053230.1	10189000	10190000
NC_053230.1	10190000	10191000
NC_053230.1	10191000	10192000
NC_053230.1	10192000	10193000
NC_053230.1	10193000	10194000
NC_053230.1	10198000	10199000
NC_053230.1	10200000	10201000
NC_053230.1	10201000	10202000
NC_053230.1	10202000	10203000
NC_053230.1	10203000	10204000
NC_053230.1	10204000	10205000
NC_053230.1	10205000	10206000
NC_053230.1	10206000	10207000
NC_053230.1	10208000	10209000
NC_053230.1	10211000	10212000
NC_053230.1	10212000	10213000
NC_053230.1	10213000	10214000
NC_053230.1	10214000	10215000
NC_053230.1	10215000	10216000
NC_053230.1	10216000	10217000
NC_053230.1	10217000	10218000
NC_053230.1	10218000	10219000
NC_053230.1	10219000	10220000
NC_053230.1	10220000	10221000
NC_053230.1	10223000	10224000
NC_053230.1	10224000	10225000
NC_053230.1	10225000	10226000
NC_053230.1	10226000	10227000
NC_053230.1	10228000	10229000
NC_053230.1	10229000	10230000
NC_053230.1	10231000	10232000
NC_053230.1	10232000	10233000
NC_053230.1	10233000	10234000
NC_053230.1	10234000	10235000
NC_053230.1	10235000	10236000
NC_053230.1	10236000	10237000
NC_053230.1	10237000	10238000
NC_053230.1	10240000	10241000
NC_053230.1	10241000	10242000
NC_053230.1	10242000	10243000
NC_053230.1	10243000	10244000
NC_053230.1	10244000	10245000
NC_053230.1	10245000	10246000
NC_053230.1	10246000	10247000
NC_053230.1	10247000	10248000
NC_053230.1	10248000	10249000
NC_053230.1	10249000	10250000
NC_053230.1	10251000	10252000
NC_053230.1	10252000	10253000
NC_053230.1	10253000	10254000
NC_053230.1	10254000	10255000
NC_053230.1	10255000	10256000
NC_053230.1	10259000	10260000
NC_053230.1	10260000	10261000
NC_053230.1	10261000	10262000
NC_053230.1	10262000	10263000
NC_053230.1	10263000	10264000
NC_053230.1	10264000	10265000
NC_053230.1	10265000	10266000
NC_053230.1	10266000	10267000
NC_053230.1	10267000	10268000
NC_053230.1	10268000	10269000
NC_053230.1	10269000	10270000
NC_053230.1	10270000	10271000
NC_053230.1	10271000	10272000
NC_053230.1	10272000	10273000
NC_053230.1	10273000	10274000
NC_053230.1	10279000	10280000
NC_053230.1	10280000	10281000
NC_053230.1	10281000	10282000
NC_053230.1	10282000	10283000
NC_053230.1	10283000	10284000
NC_053230.1	10284000	10285000
NC_053230.1	10285000	10286000
NC_053230.1	10286000	10287000
NC_053230.1	10293000	10294000
NC_053230.1	10294000	10295000
NC_053230.1	10295000	10296000
NC_053230.1	10296000	10297000
NC_053230.1	10297000	10298000
NC_053230.1	10300000	10301000
NC_053230.1	10301000	10302000
NC_053230.1	10303000	10304000
NC_053230.1	10304000	10305000
NC_053230.1	10305000	10306000
NC_053230.1	10306000	10307000
NC_053230.1	10307000	10308000
NC_053230.1	10308000	10309000
NC_053230.1	10309000	10310000
NC_053230.1	10310000	10311000
NC_053230.1	10311000	10312000
NC_053230.1	10312000	10313000
NC_053230.1	10313000	10314000
NC_053230.1	10314000	10315000
NC_053230.1	10315000	10316000
NC_053230.1	10316000	10317000
NC_053230.1	10317000	10318000
NC_053230.1	10318000	10319000
NC_053230.1	10319000	10320000
NC_053230.1	10320000	10321000
NC_053230.1	10321000	10322000
NC_053230.1	10322000	10323000
NC_053230.1	10323000	10324000
NC_053230.1	10324000	10325000
NC_053230.1	10325000	10326000
NC_053230.1	10326000	10327000
NC_053230.1	10327000	10328000
NC_053230.1	10328000	10329000
NC_053230.1	10329000	10330000
NC_053230.1	10330000	10331000
NC_053230.1	10331000	10332000
NC_053230.1	10332000	10333000
NC_053230.1	10333000	10334000
NC_053230.1	10334000	10335000
NC_053230.1	10335000	10336000
NC_053230.1	10336000	10337000
NC_053230.1	10337000	10338000
NC_053230.1	10338000	10339000
NC_053230.1	10339000	10340000
NC_053230.1	10340000	10341000
NC_053230.1	10341000	10342000
NC_053230.1	10342000	10343000
NC_053230.1	10343000	10344000
NC_053230.1	10344000	10345000
NC_053230.1	10345000	10346000
NC_053230.1	10346000	10347000
NC_053230.1	10347000	10348000
NC_053230.1	10348000	10349000
NC_053230.1	10349000	10350000
NC_053230.1	10350000	10351000
NC_053230.1	10351000	10352000
NC_053230.1	10352000	10353000
NC_053230.1	10354000	10355000
NC_053230.1	10355000	10356000
NC_053230.1	10358000	10359000
NC_053230.1	10359000	10360000
NC_053230.1	10360000	10361000
NC_053230.1	10361000	10362000
NC_053230.1	10362000	10363000
NC_053230.1	10363000	10364000
NC_053230.1	10364000	10365000
NC_053230.1	10365000	10366000
NC_053230.1	10366000	10367000
NC_053230.1	10368000	10369000
NC_053230.1	10369000	10370000
NC_053230.1	10370000	10371000
NC_053230.1	10371000	10372000
NC_053230.1	10372000	10373000
NC_053230.1	10373000	10374000
NC_053230.1	10374000	10375000
NC_053230.1	10375000	10376000
NC_053230.1	10376000	10377000
NC_053230.1	10377000	10378000
NC_053230.1	10378000	10379000
NC_053230.1	10379000	10380000
NC_053230.1	10381000	10382000
NC_053230.1	10382000	10383000
NC_053230.1	10384000	10385000
NC_053230.1	10385000	10386000
NC_053230.1	10386000	10387000
NC_053230.1	10387000	10388000
NC_053230.1	10388000	10389000
NC_053230.1	10389000	10390000
NC_053230.1	10390000	10391000
NC_053230.1	10391000	10392000
NC_053230.1	10392000	10393000
NC_053230.1	10393000	10394000
NC_053230.1	10394000	10395000
NC_053230.1	10398000	10399000
NC_053230.1	10399000	10400000
NC_053230.1	10402000	10403000
NC_053230.1	10403000	10404000
NC_053230.1	10404000	10405000
NC_053230.1	10405000	10406000
NC_053230.1	10406000	10407000
NC_053230.1	10408000	10409000
NC_053230.1	10409000	10410000
NC_053230.1	10410000	10411000
NC_053230.1	10411000	10412000
NC_053230.1	10412000	10413000
NC_053230.1	10413000	10414000
NC_053230.1	10414000	10415000
NC_053230.1	10415000	10416000
NC_053230.1	10416000	10417000
NC_053230.1	10417000	10418000
NC_053230.1	10418000	10419000
NC_053230.1	10419000	10420000
NC_053230.1	10420000	10421000
NC_053230.1	10421000	10422000
NC_053230.1	10422000	10423000
NC_053230.1	10423000	10424000
NC_053230.1	10424000	10425000
NC_053230.1	10425000	10426000
NC_053230.1	10426000	10427000
NC_053230.1	10427000	10428000
NC_053230.1	10428000	10429000
NC_053230.1	10429000	10430000
NC_053230.1	10431000	10432000
NC_053230.1	10433000	10434000
NC_053230.1	10436000	10437000
NC_053230.1	10437000	10438000
NC_053230.1	10438000	10439000
NC_053230.1	10439000	10440000
NC_053230.1	10440000	10441000
NC_053230.1	10441000	10442000
NC_053230.1	10442000	10443000
NC_053230.1	10443000	10444000
NC_053230.1	10444000	10445000
NC_053230.1	10445000	10446000
NC_053230.1	10446000	10447000
NC_053230.1	10447000	10448000
NC_053230.1	10449000	10450000
NC_053230.1	10450000	10451000
NC_053230.1	10451000	10452000
NC_053230.1	10453000	10454000
NC_053230.1	10463000	10464000
NC_053230.1	10466000	10467000
NC_053230.1	10468000	10469000
NC_053230.1	10469000	10470000
NC_053230.1	10470000	10471000
NC_053230.1	10472000	10473000
NC_053230.1	10473000	10474000
NC_053230.1	10474000	10475000
NC_053230.1	10475000	10476000
NC_053230.1	10476000	10477000
NC_053230.1	10481000	10482000
NC_053230.1	10482000	10483000
NC_053230.1	10483000	10484000
NC_053230.1	10484000	10485000
NC_053230.1	10485000	10486000
NC_053230.1	10486000	10487000
NC_053230.1	10487000	10488000
NC_053230.1	10488000	10489000
NC_053230.1	10489000	10490000
NC_053230.1	10490000	10491000
NC_053230.1	10501000	10502000
NC_053230.1	10502000	10503000
NC_053230.1	10503000	10504000
NC_053230.1	10504000	10505000
NC_053230.1	10506000	10507000
NC_053230.1	10507000	10508000
NC_053230.1	10508000	10509000
NC_053230.1	10510000	10511000
NC_053230.1	10511000	10512000
NC_053230.1	10512000	10513000
NC_053230.1	10513000	10514000
NC_053230.1	10514000	10515000
NC_053230.1	10515000	10516000
NC_053230.1	10516000	10517000
NC_053230.1	10517000	10518000
NC_053230.1	10518000	10519000
NC_053230.1	10519000	10520000
NC_053230.1	10520000	10521000
NC_053230.1	10521000	10522000
NC_053230.1	10522000	10523000
NC_053230.1	10523000	10524000
NC_053230.1	10524000	10525000
NC_053230.1	10525000	10526000
NC_053230.1	10526000	10527000
NC_053230.1	10527000	10528000
NC_053230.1	10528000	10529000
NC_053230.1	10529000	10530000
NC_053230.1	10530000	10531000
NC_053230.1	10531000	10532000
NC_053230.1	10532000	10533000
NC_053230.1	10533000	10534000
NC_053230.1	10534000	10535000
NC_053230.1	10535000	10536000
NC_053230.1	10536000	10537000
NC_053230.1	10537000	10538000
NC_053230.1	10538000	10539000
NC_053230.1	10539000	10540000
NC_053230.1	10540000	10541000
NC_053230.1	10541000	10542000
NC_053230.1	10543000	10544000
NC_053230.1	10544000	10545000
NC_053230.1	10545000	10546000
NC_053230.1	10546000	10547000
NC_053230.1	10548000	10549000
NC_053230.1	10549000	10550000
NC_053230.1	10550000	10551000
NC_053230.1	10551000	10552000
NC_053230.1	10552000	10553000
NC_053230.1	10553000	10554000
NC_053230.1	10554000	10555000
NC_053230.1	10555000	10556000
NC_053230.1	10556000	10557000
NC_053230.1	10557000	10558000
NC_053230.1	10558000	10559000
NC_053230.1	10560000	10561000
NC_053230.1	10561000	10562000
NC_053230.1	10562000	10563000
NC_053230.1	10563000	10564000
NC_053230.1	10564000	10565000
NC_053230.1	10565000	10566000
NC_053230.1	10566000	10567000
NC_053230.1	10567000	10568000
NC_053230.1	10568000	10569000
NC_053230.1	10570000	10571000
NC_053230.1	10571000	10572000
NC_053230.1	10573000	10574000
NC_053230.1	10574000	10575000
NC_053230.1	10575000	10576000
NC_053230.1	10576000	10577000
NC_053230.1	10577000	10578000
NC_053230.1	10578000	10579000
NC_053230.1	10579000	10580000
NC_053230.1	10580000	10581000
NC_053230.1	10581000	10582000
NC_053230.1	10583000	10584000
NC_053230.1	10584000	10585000
NC_053230.1	10585000	10586000
NC_053230.1	10586000	10587000
NC_053230.1	10587000	10588000
NC_053230.1	10592000	10593000
NC_053230.1	10593000	10594000
NC_053230.1	10594000	10595000
NC_053230.1	10595000	10596000
NC_053230.1	10596000	10597000
NC_053230.1	10597000	10598000
NC_053230.1	10599000	10600000
NC_053230.1	10600000	10601000
NC_053230.1	10601000	10602000
NC_053230.1	10602000	10603000
NC_053230.1	10603000	10604000
NC_053230.1	10604000	10605000
NC_053230.1	10605000	10606000
NC_053230.1	10606000	10607000
NC_053230.1	10607000	10608000
NC_053230.1	10608000	10609000
NC_053230.1	10609000	10610000
NC_053230.1	10610000	10611000
NC_053230.1	10611000	10612000
NC_053230.1	10612000	10613000
NC_053230.1	10614000	10615000
NC_053230.1	10616000	10617000
NC_053230.1	10617000	10618000
NC_053230.1	10618000	10619000
NC_053230.1	10619000	10620000
NC_053230.1	10621000	10622000
NC_053230.1	10622000	10623000
NC_053230.1	10623000	10624000
NC_053230.1	10624000	10625000
NC_053230.1	10625000	10626000
NC_053230.1	10626000	10627000
NC_053230.1	10627000	10628000
NC_053230.1	10628000	10629000
NC_053230.1	10629000	10630000
NC_053230.1	10630000	10631000
NC_053230.1	10631000	10632000
NC_053230.1	10632000	10633000
NC_053230.1	10633000	10634000
NC_053230.1	10635000	10636000
NC_053230.1	10636000	10637000
NC_053230.1	10637000	10638000
NC_053230.1	10638000	10639000
NC_053230.1	10639000	10640000
NC_053230.1	10640000	10641000
NC_053230.1	10641000	10642000
NC_053230.1	10642000	10643000
NC_053230.1	10644000	10645000
NC_053230.1	10645000	10646000
NC_053230.1	10646000	10647000
NC_053230.1	10647000	10648000
NC_053230.1	10648000	10649000
NC_053230.1	10649000	10650000
NC_053230.1	10651000	10652000
NC_053230.1	10652000	10653000
NC_053230.1	10653000	10654000
NC_053230.1	10654000	10655000
NC_053230.1	10656000	10657000
NC_053230.1	10657000	10658000
NC_053230.1	10658000	10659000
NC_053230.1	10660000	10661000
NC_053230.1	10661000	10662000
NC_053230.1	10662000	10663000
NC_053230.1	10663000	10664000
NC_053230.1	10664000	10665000
NC_053230.1	10665000	10666000
NC_053230.1	10666000	10667000
NC_053230.1	10667000	10668000
NC_053230.1	10668000	10669000
NC_053230.1	10669000	10670000
NC_053230.1	10670000	10671000
NC_053230.1	10671000	10672000
NC_053230.1	10672000	10673000
NC_053230.1	10674000	10675000
NC_053230.1	10676000	10677000
NC_053230.1	10677000	10678000
NC_053230.1	10678000	10679000
NC_053230.1	10679000	10680000
NC_053230.1	10680000	10681000
NC_053230.1	10681000	10682000
NC_053230.1	10682000	10683000
NC_053230.1	10683000	10684000
NC_053230.1	10685000	10686000
NC_053230.1	10686000	10687000
NC_053230.1	10687000	10688000
NC_053230.1	10688000	10689000
NC_053230.1	10689000	10690000
NC_053230.1	10690000	10691000
NC_053230.1	10693000	10694000
NC_053230.1	10694000	10695000
NC_053230.1	10695000	10696000
NC_053230.1	10696000	10697000
NC_053230.1	10697000	10698000
NC_053230.1	10698000	10699000
NC_053230.1	10699000	10700000
NC_053230.1	10700000	10701000
NC_053230.1	10701000	10702000
NC_053230.1	10703000	10704000
NC_053230.1	10704000	10705000
NC_053230.1	10705000	10706000
NC_053230.1	10706000	10707000
NC_053230.1	10707000	10708000
NC_053230.1	10708000	10709000
NC_053230.1	10709000	10710000
NC_053230.1	10710000	10711000
NC_053230.1	10711000	10712000
NC_053230.1	10712000	10713000
NC_053230.1	10713000	10714000
NC_053230.1	10714000	10715000
NC_053230.1	10715000	10716000
NC_053230.1	10717000	10718000
NC_053230.1	10718000	10719000
NC_053230.1	10719000	10720000
NC_053230.1	10720000	10721000
NC_053230.1	10721000	10722000
NC_053230.1	10722000	10723000
NC_053230.1	10725000	10726000
NC_053230.1	10726000	10727000
NC_053230.1	10727000	10728000
NC_053230.1	10728000	10729000
NC_053230.1	10729000	10730000
NC_053230.1	10730000	10731000
NC_053230.1	10731000	10732000
NC_053230.1	10733000	10734000
NC_053230.1	10734000	10735000
NC_053230.1	10735000	10736000
NC_053230.1	10736000	10737000
NC_053230.1	10738000	10739000
NC_053230.1	10739000	10740000
NC_053230.1	10740000	10741000
NC_053230.1	10741000	10742000
NC_053230.1	10742000	10743000
NC_053230.1	10744000	10745000
NC_053230.1	10745000	10746000
NC_053230.1	10746000	10747000
NC_053230.1	10747000	10748000
NC_053230.1	10748000	10749000
NC_053230.1	10749000	10750000
NC_053230.1	10750000	10751000
NC_053230.1	10751000	10752000
NC_053230.1	10752000	10753000
NC_053230.1	10753000	10754000
NC_053230.1	10754000	10755000
NC_053230.1	10755000	10756000
NC_053230.1	10756000	10757000
NC_053230.1	10757000	10758000
NC_053230.1	10758000	10759000
NC_053230.1	10759000	10760000
NC_053230.1	10760000	10761000
NC_053230.1	10761000	10762000
NC_053230.1	10762000	10763000
NC_053230.1	10763000	10764000
NC_053230.1	10764000	10765000
NC_053230.1	10765000	10766000
NC_053230.1	10766000	10767000
NC_053230.1	10767000	10768000
NC_053230.1	10768000	10769000
NC_053230.1	10769000	10770000
NC_053230.1	10770000	10771000
NC_053230.1	10771000	10772000
NC_053230.1	10773000	10774000
NC_053230.1	10774000	10775000
NC_053230.1	10775000	10776000
NC_053230.1	10776000	10777000
NC_053230.1	10779000	10780000
NC_053230.1	10780000	10781000
NC_053230.1	10783000	10784000
NC_053230.1	10784000	10785000
NC_053230.1	10785000	10786000
NC_053230.1	10786000	10787000
NC_053230.1	10787000	10788000
NC_053230.1	10788000	10789000
NC_053230.1	10789000	10790000
NC_053230.1	10794000	10795000
NC_053230.1	10795000	10796000
NC_053230.1	10796000	10797000
NC_053230.1	10797000	10798000
NC_053230.1	10798000	10799000
NC_053230.1	10799000	10800000
NC_053230.1	10800000	10801000
NC_053230.1	10801000	10802000
NC_053230.1	10802000	10803000
NC_053230.1	10803000	10804000
NC_053230.1	10804000	10805000
NC_053230.1	10805000	10806000
NC_053230.1	10806000	10807000
NC_053230.1	10807000	10808000
NC_053230.1	10810000	10811000
NC_053230.1	10811000	10812000
NC_053230.1	10812000	10813000
NC_053230.1	10815000	10816000
NC_053230.1	10816000	10817000
NC_053230.1	10818000	10819000
NC_053230.1	10819000	10820000
NC_053230.1	10820000	10821000
NC_053230.1	10825000	10826000
NC_053230.1	10828000	10829000
NC_053230.1	10830000	10831000
NC_053230.1	10831000	10832000
NC_053230.1	10832000	10833000
NC_053230.1	10834000	10835000
NC_053230.1	10835000	10836000
NC_053230.1	10837000	10838000
NC_053230.1	10838000	10839000
NC_053230.1	10839000	10840000
NC_053230.1	10840000	10841000
NC_053230.1	10842000	10843000
NC_053230.1	10843000	10844000
NC_053230.1	10844000	10845000
NC_053230.1	10846000	10847000
NC_053230.1	10850000	10851000
NC_053230.1	10851000	10852000
NC_053230.1	10852000	10853000
NC_053230.1	10853000	10854000
NC_053230.1	10854000	10855000
NC_053230.1	10857000	10858000
NC_053230.1	10858000	10859000
NC_053230.1	10860000	10861000
NC_053230.1	10861000	10862000
NC_053230.1	10862000	10863000
NC_053230.1	10863000	10864000
NC_053230.1	10864000	10865000
NC_053230.1	10866000	10867000
NC_053230.1	10867000	10868000
NC_053230.1	10869000	10870000
NC_053230.1	10870000	10871000
NC_053230.1	10871000	10872000
NC_053230.1	10872000	10873000
NC_053230.1	10873000	10874000
NC_053230.1	10874000	10875000
NC_053230.1	10875000	10876000
NC_053230.1	10877000	10878000
NC_053230.1	10878000	10879000
NC_053230.1	10879000	10880000
NC_053230.1	10880000	10881000
NC_053230.1	10881000	10882000
NC_053230.1	10882000	10883000
NC_053230.1	10884000	10885000
NC_053230.1	10885000	10886000
NC_053230.1	10886000	10887000
NC_053230.1	10887000	10888000
NC_053230.1	10890000	10891000
NC_053230.1	10891000	10892000
NC_053230.1	10892000	10893000
NC_053230.1	10893000	10894000
NC_053230.1	10894000	10895000
NC_053230.1	10895000	10896000
NC_053230.1	10896000	10897000
NC_053230.1	10897000	10898000
NC_053230.1	10903000	10904000
NC_053230.1	10904000	10905000
NC_053230.1	10905000	10906000
NC_053230.1	10908000	10909000
NC_053230.1	10909000	10910000
NC_053230.1	10911000	10912000
NC_053230.1	10912000	10913000
NC_053230.1	10913000	10914000
NC_053230.1	10915000	10916000
NC_053230.1	10916000	10917000
NC_053230.1	10917000	10918000
NC_053230.1	10918000	10919000
NC_053230.1	10921000	10922000
NC_053230.1	10922000	10923000
NC_053230.1	10923000	10924000
NC_053230.1	10924000	10925000
NC_053230.1	10925000	10926000
NC_053230.1	10927000	10928000
NC_053230.1	10928000	10929000
NC_053230.1	10930000	10931000
NC_053230.1	10933000	10934000
NC_053230.1	10934000	10935000
NC_053230.1	10938000	10939000
NC_053230.1	10939000	10940000
NC_053230.1	10940000	10941000
NC_053230.1	10941000	10942000
NC_053230.1	10944000	10945000
NC_053230.1	10945000	10946000
NC_053230.1	10946000	10947000
NC_053230.1	10947000	10948000
NC_053230.1	10948000	10949000
NC_053230.1	10951000	10952000
NC_053230.1	10954000	10955000
NC_053230.1	10955000	10956000
NC_053230.1	10956000	10957000
NC_053230.1	10964000	10965000
NC_053230.1	10965000	10966000
NC_053230.1	10978000	10979000
NC_053230.1	10988000	10989000
NC_053230.1	10989000	10990000
NC_053230.1	10991000	10992000
NC_053230.1	10992000	10993000
NC_053230.1	10994000	10995000
NC_053230.1	10995000	10996000
NC_053230.1	10996000	10997000
NC_053230.1	10997000	10998000
NC_053230.1	10999000	11000000
NC_053230.1	11001000	11002000
NC_053230.1	11003000	11004000
NC_053230.1	11009000	11010000
NC_053230.1	11010000	11011000
NC_053230.1	11011000	11012000
NC_053230.1	11013000	11014000
NC_053230.1	11015000	11016000
NC_053230.1	11016000	11017000
NC_053230.1	11018000	11019000
NC_053230.1	11020000	11021000
NC_053230.1	11023000	11024000
NC_053230.1	11024000	11025000
NC_053230.1	11025000	11026000
NC_053230.1	11026000	11027000
NC_053230.1	11027000	11028000
NC_053230.1	11028000	11029000
NC_053230.1	11029000	11030000
NC_053230.1	11030000	11031000
NC_053230.1	11031000	11032000
NC_053230.1	11032000	11033000
NC_053230.1	11033000	11034000
NC_053230.1	11034000	11035000
NC_053230.1	11035000	11036000
NC_053230.1	11042000	11043000
NC_053230.1	11047000	11048000
NC_053230.1	11049000	11050000
NC_053230.1	11050000	11051000
NC_053230.1	11051000	11052000
NC_053230.1	11052000	11053000
NC_053230.1	11057000	11058000
NC_053230.1	11059000	11060000
NC_053230.1	11060000	11061000
NC_053230.1	11062000	11063000
NC_053230.1	11063000	11064000
NC_053230.1	11064000	11065000
NC_053230.1	11067000	11068000
NC_053230.1	11069000	11070000
NC_053230.1	11071000	11072000
NC_053230.1	11072000	11073000
NC_053230.1	11073000	11074000
NC_053230.1	11074000	11075000
NC_053230.1	11075000	11076000
NC_053230.1	11076000	11077000
NC_053230.1	11077000	11078000
NC_053230.1	11078000	11079000
NC_053230.1	11079000	11080000
NC_053230.1	11081000	11082000
NC_053230.1	11083000	11084000
NC_053230.1	11086000	11087000
NC_053230.1	11087000	11088000
NC_053230.1	11088000	11089000
NC_053230.1	11089000	11090000
NC_053230.1	11090000	11091000
NC_053230.1	11091000	11092000
NC_053230.1	11092000	11093000
NC_053230.1	11093000	11094000
NC_053230.1	11094000	11095000
NC_053230.1	11096000	11097000
NC_053230.1	11097000	11098000
NC_053230.1	11098000	11099000
NC_053230.1	11099000	11100000
NC_053230.1	11100000	11101000
NC_053230.1	11103000	11104000
NC_053230.1	11110000	11111000
NC_053230.1	11111000	11112000
NC_053230.1	11112000	11113000
NC_053230.1	11113000	11114000
NC_053230.1	11115000	11116000
NC_053230.1	11116000	11117000
NC_053230.1	11117000	11118000
NC_053230.1	11119000	11120000
NC_053230.1	11120000	11121000
NC_053230.1	11127000	11128000
NC_053230.1	11128000	11129000
NC_053230.1	11143000	11144000
NC_053230.1	11144000	11145000
NC_053230.1	11145000	11146000
NC_053230.1	11146000	11147000
NC_053230.1	11147000	11148000
NC_053230.1	11148000	11149000
NC_053230.1	11149000	11150000
NC_053230.1	11150000	11151000
NC_053230.1	11152000	11153000
NC_053230.1	11153000	11154000
NC_053230.1	11154000	11155000
NC_053230.1	11155000	11156000
NC_053230.1	11156000	11157000
NC_053230.1	11157000	11158000
NC_053230.1	11158000	11159000
NC_053230.1	11159000	11160000
NC_053230.1	11160000	11161000
NC_053230.1	11161000	11162000
NC_053230.1	11162000	11163000
NC_053230.1	11164000	11165000
NC_053230.1	11166000	11167000
NC_053230.1	11169000	11170000
NC_053230.1	11170000	11171000
NC_053230.1	11171000	11172000
NC_053230.1	11172000	11173000
NC_053230.1	11173000	11174000
NC_053230.1	11174000	11175000
NC_053230.1	11175000	11176000
NC_053230.1	11176000	11177000
NC_053230.1	11177000	11178000
NC_053230.1	11178000	11179000
NC_053230.1	11179000	11180000
NC_053230.1	11180000	11181000
NC_053230.1	11181000	11182000
NC_053230.1	11182000	11183000
NC_053230.1	11183000	11184000
NC_053230.1	11185000	11186000
NC_053230.1	11186000	11187000
NC_053230.1	11187000	11188000
NC_053230.1	11188000	11189000
NC_053230.1	11189000	11190000
NC_053230.1	11190000	11191000
NC_053230.1	11191000	11192000
NC_053230.1	11194000	11195000
NC_053230.1	11195000	11196000
NC_053230.1	11197000	11198000
NC_053230.1	11198000	11199000
NC_053230.1	11199000	11200000
NC_053230.1	11201000	11202000
NC_053230.1	11202000	11203000
NC_053230.1	11203000	11204000
NC_053230.1	11204000	11205000
NC_053230.1	11207000	11208000
NC_053230.1	11209000	11210000
NC_053230.1	11210000	11211000
NC_053230.1	11211000	11212000
NC_053230.1	11213000	11214000
NC_053230.1	11214000	11215000
NC_053230.1	11215000	11216000
NC_053230.1	11216000	11217000
NC_053230.1	11217000	11218000
NC_053230.1	11218000	11219000
NC_053230.1	11219000	11220000
NC_053230.1	11220000	11221000
NC_053230.1	11221000	11222000
NC_053230.1	11240000	11241000
NC_053230.1	11241000	11242000
NC_053230.1	11242000	11243000
NC_053230.1	11243000	11244000
NC_053230.1	11244000	11245000
NC_053230.1	11245000	11246000
NC_053230.1	11246000	11247000
NC_053230.1	11247000	11248000
NC_053230.1	11248000	11249000
NC_053230.1	11249000	11250000
NC_053230.1	11250000	11251000
NC_053230.1	11251000	11252000
NC_053230.1	11252000	11253000
NC_053230.1	11253000	11254000
NC_053230.1	11262000	11263000
NC_053230.1	11263000	11264000
NC_053230.1	11264000	11265000
NC_053230.1	11265000	11266000
NC_053230.1	11266000	11267000
NC_053230.1	11267000	11268000
NC_053230.1	11268000	11269000
NC_053230.1	11269000	11270000
NC_053230.1	11270000	11271000
NC_053230.1	11271000	11272000
NC_053230.1	11272000	11273000
NC_053230.1	11273000	11274000
NC_053230.1	11274000	11275000
NC_053230.1	11275000	11276000
NC_053230.1	11276000	11277000
NC_053230.1	11277000	11278000
NC_053230.1	11280000	11281000
NC_053230.1	11281000	11282000
NC_053230.1	11284000	11285000
NC_053230.1	11285000	11286000
NC_053230.1	11286000	11287000
NC_053230.1	11288000	11289000
NC_053230.1	11290000	11291000
NC_053230.1	11291000	11292000
NC_053230.1	11292000	11293000
NC_053230.1	11294000	11295000
NC_053230.1	11295000	11296000
NC_053230.1	11296000	11297000
NC_053230.1	11297000	11298000
NC_053230.1	11298000	11299000
NC_053230.1	11302000	11303000
NC_053230.1	11305000	11306000
NC_053230.1	11306000	11307000
NC_053230.1	11307000	11308000
NC_053230.1	11308000	11309000
NC_053230.1	11309000	11310000
NC_053230.1	11310000	11311000
NC_053230.1	11311000	11312000
NC_053230.1	11312000	11313000
NC_053230.1	11313000	11314000
NC_053230.1	11314000	11315000
NC_053230.1	11315000	11316000
NC_053230.1	11317000	11318000
NC_053230.1	11318000	11319000
NC_053230.1	11319000	11320000
NC_053230.1	11320000	11321000
NC_053230.1	11321000	11322000
NC_053230.1	11322000	11323000
NC_053230.1	11324000	11325000
NC_053230.1	11325000	11326000
NC_053230.1	11328000	11329000
NC_053230.1	11329000	11330000
NC_053230.1	11330000	11331000
NC_053230.1	11331000	11332000
NC_053230.1	11332000	11333000
NC_053230.1	11333000	11334000
NC_053230.1	11334000	11335000
NC_053230.1	11335000	11336000
NC_053230.1	11336000	11337000
NC_053230.1	11338000	11339000
NC_053230.1	11339000	11340000
NC_053230.1	11341000	11342000
NC_053230.1	11345000	11346000
NC_053230.1	11347000	11348000
NC_053230.1	11348000	11349000
NC_053230.1	11349000	11350000
NC_053230.1	11351000	11352000
NC_053230.1	11352000	11353000
NC_053230.1	11354000	11355000
NC_053230.1	11355000	11356000
NC_053230.1	11356000	11357000
NC_053230.1	11360000	11361000
NC_053230.1	11361000	11362000
NC_053230.1	11364000	11365000
NC_053230.1	11365000	11366000
NC_053230.1	11366000	11367000
NC_053230.1	11368000	11369000
NC_053230.1	11369000	11370000
NC_053230.1	11370000	11371000
NC_053230.1	11371000	11372000
NC_053230.1	11372000	11373000
NC_053230.1	11377000	11378000
NC_053230.1	11380000	11381000
NC_053230.1	11381000	11382000
NC_053230.1	11383000	11384000
NC_053230.1	11387000	11388000
NC_053230.1	11389000	11390000
NC_053230.1	11391000	11392000
NC_053230.1	11393000	11394000
NC_053230.1	11394000	11395000
NC_053230.1	11395000	11396000
NC_053230.1	11396000	11397000
NC_053230.1	11397000	11398000
NC_053230.1	11398000	11399000
NC_053230.1	11399000	11400000
NC_053230.1	11400000	11401000
NC_053230.1	11401000	11402000
NC_053230.1	11405000	11406000
NC_053230.1	11406000	11407000
NC_053230.1	11408000	11409000
NC_053230.1	11409000	11410000
NC_053230.1	11413000	11414000
NC_053230.1	11414000	11415000
NC_053230.1	11415000	11416000
NC_053230.1	11442000	11443000
NC_053230.1	11443000	11444000
NC_053230.1	11444000	11445000
NC_053230.1	11449000	11450000
NC_053230.1	11451000	11452000
NC_053230.1	11453000	11454000
NC_053230.1	11454000	11455000
NC_053230.1	11455000	11456000
NC_053230.1	11456000	11457000
NC_053230.1	11457000	11458000
NC_053230.1	11458000	11459000
NC_053230.1	11459000	11460000
NC_053230.1	11460000	11461000
NC_053230.1	11461000	11462000
NC_053230.1	11462000	11463000
NC_053230.1	11463000	11464000
NC_053230.1	11464000	11465000
NC_053230.1	11465000	11466000
NC_053230.1	11466000	11467000
NC_053230.1	11467000	11468000
NC_053230.1	11468000	11469000
NC_053230.1	11469000	11470000
NC_053230.1	11470000	11471000
NC_053230.1	11471000	11472000
NC_053230.1	11472000	11473000
NC_053230.1	11473000	11474000
NC_053230.1	11474000	11475000
NC_053230.1	11475000	11476000
NC_053230.1	11476000	11477000
NC_053230.1	11477000	11478000
NC_053230.1	11478000	11479000
NC_053230.1	11479000	11480000
NC_053230.1	11480000	11481000
NC_053230.1	11481000	11482000
NC_053230.1	11482000	11483000
NC_053230.1	11483000	11484000
NC_053230.1	11484000	11485000
NC_053230.1	11486000	11487000
NC_053230.1	11487000	11488000
NC_053230.1	11488000	11489000
NC_053230.1	11489000	11490000
NC_053230.1	11490000	11491000
NC_053230.1	11491000	11492000
NC_053230.1	11492000	11493000
NC_053230.1	11493000	11494000
NC_053230.1	11494000	11495000
NC_053230.1	11495000	11496000
NC_053230.1	11496000	11497000
NC_053230.1	11497000	11498000
NC_053230.1	11498000	11499000
NC_053230.1	11499000	11500000
NC_053230.1	11500000	11501000
NC_053230.1	11501000	11502000
NC_053230.1	11502000	11503000
NC_053230.1	11503000	11504000
NC_053230.1	11504000	11505000
NC_053230.1	11505000	11506000
NC_053230.1	11506000	11507000
NC_053230.1	11507000	11508000
NC_053230.1	11508000	11509000
NC_053230.1	11509000	11510000
NC_053230.1	11511000	11512000
NC_053230.1	11512000	11513000
NC_053230.1	11513000	11514000
NC_053230.1	11514000	11515000
NC_053230.1	11516000	11517000
NC_053230.1	11517000	11518000
NC_053230.1	11518000	11519000
NC_053230.1	11519000	11520000
NC_053230.1	11520000	11521000
NC_053230.1	11521000	11522000
NC_053230.1	11522000	11523000
NC_053230.1	11523000	11524000
NC_053230.1	11524000	11525000
NC_053230.1	11526000	11527000
NC_053230.1	11527000	11528000
NC_053230.1	11528000	11529000
NC_053230.1	11529000	11530000
NC_053230.1	11530000	11531000
NC_053230.1	11531000	11532000
NC_053230.1	11532000	11533000
NC_053230.1	11533000	11534000
NC_053230.1	11534000	11535000
NC_053230.1	11535000	11536000
NC_053230.1	11536000	11537000
NC_053230.1	11537000	11538000
NC_053230.1	11538000	11539000
NC_053230.1	11539000	11540000
NC_053230.1	11540000	11541000
NC_053230.1	11541000	11542000
NC_053230.1	11542000	11543000
NC_053230.1	11543000	11544000
NC_053230.1	11544000	11545000
NC_053230.1	11545000	11546000
NC_053230.1	11546000	11547000
NC_053230.1	11547000	11548000
NC_053230.1	11548000	11549000
NC_053230.1	11549000	11550000
NC_053230.1	11550000	11551000
NC_053230.1	11551000	11552000
NC_053230.1	11552000	11553000
NC_053230.1	11553000	11554000
NC_053230.1	11554000	11555000
NC_053230.1	11555000	11556000
NC_053230.1	11556000	11557000
NC_053230.1	11557000	11558000
NC_053230.1	11558000	11559000
NC_053230.1	11559000	11560000
NC_053230.1	11560000	11561000
NC_053230.1	11561000	11562000
NC_053230.1	11562000	11563000
NC_053230.1	11563000	11564000
NC_053230.1	11564000	11565000
NC_053230.1	11565000	11566000
NC_053230.1	11566000	11567000
NC_053230.1	11567000	11568000
NC_053230.1	11568000	11569000
NC_053230.1	11569000	11570000
NC_053230.1	11570000	11571000
NC_053230.1	11571000	11572000
NC_053230.1	11572000	11573000
NC_053230.1	11573000	11574000
NC_053230.1	11574000	11575000
NC_053230.1	11576000	11577000
NC_053230.1	11578000	11579000
NC_053230.1	11579000	11580000
NC_053230.1	11580000	11581000
NC_053230.1	11582000	11583000
NC_053230.1	11583000	11584000
NC_053230.1	11584000	11585000
NC_053230.1	11585000	11586000
NC_053230.1	11586000	11587000
NC_053230.1	11587000	11588000
NC_053230.1	11588000	11589000
NC_053230.1	11589000	11590000
NC_053230.1	11592000	11593000
NC_053230.1	11593000	11594000
NC_053230.1	11594000	11595000
NC_053230.1	11595000	11596000
NC_053230.1	11596000	11597000
NC_053230.1	11597000	11598000
NC_053230.1	11598000	11599000
NC_053230.1	11599000	11600000
NC_053230.1	11600000	11601000
NC_053230.1	11601000	11602000
NC_053230.1	11602000	11603000
NC_053230.1	11603000	11604000
NC_053230.1	11604000	11605000
NC_053230.1	11605000	11606000
NC_053230.1	11606000	11607000
NC_053230.1	11607000	11608000
NC_053230.1	11608000	11609000
NC_053230.1	11609000	11610000
NC_053230.1	11610000	11611000
NC_053230.1	11611000	11612000
NC_053230.1	11612000	11613000
NC_053230.1	11613000	11614000
NC_053230.1	11614000	11615000
NC_053230.1	11616000	11617000
NC_053230.1	11617000	11618000
NC_053230.1	11618000	11619000
NC_053230.1	11619000	11620000
NC_053230.1	11620000	11621000
NC_053230.1	11621000	11622000
NC_053230.1	11622000	11623000
NC_053230.1	11623000	11624000
NC_053230.1	11624000	11625000
NC_053230.1	11625000	11626000
NC_053230.1	11626000	11627000
NC_053230.1	11627000	11628000
NC_053230.1	11628000	11629000
NC_053230.1	11629000	11630000
NC_053230.1	11630000	11631000
NC_053230.1	11631000	11632000
NC_053230.1	11633000	11634000
NC_053230.1	11634000	11635000
NC_053230.1	11635000	11636000
NC_053230.1	11636000	11637000
NC_053230.1	11637000	11638000
NC_053230.1	11638000	11639000
NC_053230.1	11639000	11640000
NC_053230.1	11640000	11641000
NC_053230.1	11641000	11642000
NC_053230.1	11642000	11643000
NC_053230.1	11652000	11653000
NC_053230.1	11653000	11654000
NC_053230.1	11659000	11660000
NC_053230.1	11661000	11662000
NC_053230.1	11662000	11663000
NC_053230.1	11663000	11664000
NC_053230.1	11664000	11665000
NC_053230.1	11665000	11666000
NC_053230.1	11666000	11667000
NC_053230.1	11667000	11668000
NC_053230.1	11668000	11669000
NC_053230.1	11669000	11670000
NC_053230.1	11671000	11672000
NC_053230.1	11672000	11673000
NC_053230.1	11673000	11674000
NC_053230.1	11675000	11676000
NC_053230.1	11676000	11677000
NC_053230.1	11677000	11678000
NC_053230.1	11678000	11679000
NC_053230.1	11679000	11680000
NC_053230.1	11680000	11681000
NC_053230.1	11681000	11682000
NC_053230.1	11682000	11683000
NC_053230.1	11683000	11684000
NC_053230.1	11684000	11685000
NC_053230.1	11685000	11686000
NC_053230.1	11686000	11687000
NC_053230.1	11687000	11688000
NC_053230.1	11688000	11689000
NC_053230.1	11689000	11690000
NC_053230.1	11690000	11691000
NC_053230.1	11691000	11692000
NC_053230.1	11692000	11693000
NC_053230.1	11693000	11694000
NC_053230.1	11694000	11695000
NC_053230.1	11695000	11696000
NC_053230.1	11696000	11697000
NC_053230.1	11697000	11698000
NC_053230.1	11698000	11699000
NC_053230.1	11699000	11700000
NC_053230.1	11700000	11701000
NC_053230.1	11701000	11702000
NC_053230.1	11702000	11703000
NC_053230.1	11703000	11704000
NC_053230.1	11704000	11705000
NC_053230.1	11705000	11706000
NC_053230.1	11706000	11707000
NC_053230.1	11707000	11708000
NC_053230.1	11708000	11709000
NC_053230.1	11709000	11710000
NC_053230.1	11710000	11711000
NC_053230.1	11711000	11712000
NC_053230.1	11712000	11713000
NC_053230.1	11713000	11714000
NC_053230.1	11714000	11715000
NC_053230.1	11715000	11716000
NC_053230.1	11716000	11717000
NC_053230.1	11717000	11718000
NC_053230.1	11718000	11719000
NC_053230.1	11719000	11720000
NC_053230.1	11720000	11721000
NC_053230.1	11721000	11722000
NC_053230.1	11722000	11723000
NC_053230.1	11723000	11724000
NC_053230.1	11724000	11725000
NC_053230.1	11725000	11726000
NC_053230.1	11726000	11727000
NC_053230.1	11727000	11728000
NC_053230.1	11728000	11729000
NC_053230.1	11729000	11730000
NC_053230.1	11730000	11731000
NC_053230.1	11737000	11738000
NC_053230.1	11792000	11793000
NC_053230.1	11801000	11802000
NC_053230.1	11802000	11803000
NC_053230.1	11803000	11804000
NC_053230.1	11804000	11805000
NC_053230.1	11805000	11806000
NC_053230.1	11806000	11807000
NC_053230.1	11812000	11813000
NC_053230.1	11813000	11814000
NC_053230.1	11814000	11815000
NC_053230.1	11815000	11816000
NC_053230.1	11821000	11822000
NC_053230.1	11822000	11823000
NC_053230.1	11826000	11827000
NC_053230.1	11827000	11828000
NC_053230.1	11830000	11831000
NC_053230.1	11837000	11838000
NC_053230.1	11838000	11839000
NC_053230.1	11839000	11840000
NC_053230.1	11840000	11841000
NC_053230.1	11841000	11842000
NC_053230.1	11842000	11843000
NC_053230.1	11843000	11844000
NC_053230.1	11844000	11845000
NC_053230.1	11846000	11847000
NC_053230.1	11847000	11848000
NC_053230.1	11848000	11849000
NC_053230.1	11849000	11850000
NC_053230.1	11850000	11851000
NC_053230.1	11851000	11852000
NC_053230.1	11852000	11853000
NC_053230.1	11853000	11854000
NC_053230.1	11859000	11860000
NC_053230.1	11860000	11861000
NC_053230.1	11861000	11862000
NC_053230.1	11862000	11863000
NC_053230.1	11863000	11864000
NC_053230.1	11864000	11865000
NC_053230.1	11865000	11866000
NC_053230.1	11866000	11867000
NC_053230.1	11870000	11871000
NC_053230.1	11871000	11872000
NC_053230.1	11872000	11873000
NC_053230.1	11873000	11874000
NC_053230.1	11874000	11875000
NC_053230.1	11875000	11876000
NC_053230.1	11876000	11877000
NC_053230.1	11877000	11878000
NC_053230.1	11878000	11879000
NC_053230.1	11879000	11880000
NC_053230.1	11880000	11881000
NC_053230.1	11881000	11882000
NC_053230.1	11882000	11883000
NC_053230.1	11883000	11884000
NC_053230.1	11884000	11885000
NC_053230.1	11885000	11886000
NC_053230.1	11886000	11887000
NC_053230.1	11887000	11888000
NC_053230.1	11888000	11889000
NC_053230.1	11889000	11890000
NC_053230.1	11890000	11891000
NC_053230.1	11891000	11892000
NC_053230.1	11892000	11893000
NC_053230.1	11893000	11894000
NC_053230.1	11894000	11895000
NC_053230.1	11895000	11896000
NC_053230.1	11896000	11897000
NC_053230.1	11898000	11899000
NC_053230.1	11899000	11900000
NC_053230.1	11900000	11901000
NC_053230.1	11901000	11902000
NC_053230.1	11903000	11904000
NC_053230.1	11904000	11905000
NC_053230.1	11905000	11906000
NC_053230.1	11906000	11907000
NC_053230.1	11907000	11908000
NC_053230.1	11908000	11909000
NC_053230.1	11910000	11911000
NC_053230.1	11911000	11912000
NC_053230.1	11912000	11913000
NC_053230.1	11913000	11914000
NC_053230.1	11914000	11915000
NC_053230.1	11915000	11916000
NC_053230.1	11921000	11922000
NC_053230.1	11923000	11924000
NC_053230.1	11924000	11925000
NC_053230.1	11925000	11926000
NC_053230.1	11926000	11927000
NC_053230.1	11927000	11928000
NC_053230.1	11928000	11929000
NC_053230.1	11929000	11930000
NC_053230.1	11930000	11931000
NC_053230.1	11931000	11932000
NC_053230.1	11932000	11933000
NC_053230.1	11933000	11934000
NC_053230.1	11935000	11936000
NC_053230.1	11936000	11937000
NC_053230.1	11937000	11938000
NC_053230.1	11938000	11939000
NC_053230.1	11939000	11940000
NC_053230.1	11940000	11941000
NC_053230.1	11941000	11942000
NC_053230.1	11942000	11943000
NC_053230.1	11943000	11944000
NC_053230.1	11944000	11945000
NC_053230.1	11946000	11947000
NC_053230.1	11947000	11948000
NC_053230.1	11948000	11949000
NC_053230.1	11949000	11950000
NC_053230.1	11950000	11951000
NC_053230.1	11951000	11952000
NC_053230.1	11952000	11953000
NC_053230.1	11953000	11954000
NC_053230.1	11954000	11955000
NC_053230.1	11955000	11956000
NC_053230.1	11956000	11957000
NC_053230.1	11957000	11958000
NC_053230.1	11958000	11959000
NC_053230.1	11959000	11960000
NC_053230.1	11961000	11962000
NC_053230.1	11962000	11963000
NC_053230.1	11963000	11964000
NC_053230.1	11964000	11965000
NC_053230.1	11965000	11966000
NC_053230.1	11966000	11967000
NC_053230.1	11967000	11968000
NC_053230.1	11968000	11969000
NC_053230.1	11969000	11970000
NC_053230.1	11970000	11971000
NC_053230.1	11971000	11972000
NC_053230.1	11972000	11973000
NC_053230.1	11973000	11974000
NC_053230.1	11974000	11975000
NC_053230.1	11975000	11976000
NC_053230.1	11976000	11977000
NC_053230.1	11977000	11978000
NC_053230.1	11978000	11979000
NC_053230.1	11979000	11980000
NC_053230.1	11980000	11981000
NC_053230.1	11981000	11982000
NC_053230.1	11982000	11983000
NC_053230.1	11983000	11984000
NC_053230.1	11984000	11985000
NC_053230.1	11985000	11986000
NC_053230.1	11986000	11987000
NC_053230.1	11987000	11988000
NC_053230.1	11988000	11989000
NC_053230.1	11989000	11990000
NC_053230.1	11990000	11991000
NC_053230.1	11991000	11992000
NC_053230.1	11992000	11993000
NC_053230.1	11993000	11994000
NC_053230.1	11994000	11995000
NC_053230.1	11997000	11998000
NC_053230.1	11998000	11999000
NC_053230.1	11999000	12000000
NC_053230.1	12004000	12005000
NC_053230.1	12005000	12006000
NC_053230.1	12006000	12007000
NC_053230.1	12007000	12008000
NC_053230.1	12008000	12009000
NC_053230.1	12009000	12010000
NC_053230.1	12010000	12011000
NC_053230.1	12011000	12012000
NC_053230.1	12012000	12013000
NC_053230.1	12013000	12014000
NC_053230.1	12014000	12015000
NC_053230.1	12015000	12016000
NC_053230.1	12016000	12017000
NC_053230.1	12017000	12018000
NC_053230.1	12018000	12019000
NC_053230.1	12019000	12020000
NC_053230.1	12020000	12021000
NC_053230.1	12022000	12023000
NC_053230.1	12023000	12024000
NC_053230.1	12024000	12025000
NC_053230.1	12025000	12026000
NC_053230.1	12026000	12027000
NC_053230.1	12027000	12028000
NC_053230.1	12028000	12029000
NC_053230.1	12029000	12030000
NC_053230.1	12030000	12031000
NC_053230.1	12031000	12032000
NC_053230.1	12032000	12033000
NC_053230.1	12033000	12034000
NC_053230.1	12034000	12035000
NC_053230.1	12035000	12036000
NC_053230.1	12036000	12037000
NC_053230.1	12037000	12038000
NC_053230.1	12038000	12039000
NC_053230.1	12039000	12040000
NC_053230.1	12040000	12041000
NC_053230.1	12041000	12042000
NC_053230.1	12042000	12043000
NC_053230.1	12044000	12045000
NC_053230.1	12045000	12046000
NC_053230.1	12046000	12047000
NC_053230.1	12047000	12048000
NC_053230.1	12048000	12049000
NC_053230.1	12049000	12050000
NC_053230.1	12050000	12051000
NC_053230.1	12051000	12052000
NC_053230.1	12053000	12054000
NC_053230.1	12054000	12055000
NC_053230.1	12055000	12056000
NC_053230.1	12056000	12057000
NC_053230.1	12057000	12058000
NC_053230.1	12058000	12059000
NC_053230.1	12060000	12061000
NC_053230.1	12061000	12062000
NC_053230.1	12062000	12063000
NC_053230.1	12063000	12064000
NC_053230.1	12064000	12065000
NC_053230.1	12065000	12066000
NC_053230.1	12066000	12067000
NC_053230.1	12067000	12068000
NC_053230.1	12068000	12069000
NC_053230.1	12069000	12070000
NC_053230.1	12070000	12071000
NC_053230.1	12071000	12072000
NC_053230.1	12072000	12073000
NC_053230.1	12073000	12074000
NC_053230.1	12074000	12075000
NC_053230.1	12075000	12076000
NC_053230.1	12076000	12077000
NC_053230.1	12077000	12078000
NC_053230.1	12078000	12079000
NC_053230.1	12079000	12080000
NC_053230.1	12080000	12081000
NC_053230.1	12081000	12082000
NC_053230.1	12082000	12083000
NC_053230.1	12083000	12084000
NC_053230.1	12084000	12085000
NC_053230.1	12085000	12086000
NC_053230.1	12086000	12087000
NC_053230.1	12087000	12088000
NC_053230.1	12088000	12089000
NC_053230.1	12089000	12090000
NC_053230.1	12090000	12091000
NC_053230.1	12091000	12092000
NC_053230.1	12092000	12093000
NC_053230.1	12094000	12095000
NC_053230.1	12095000	12096000
NC_053230.1	12096000	12097000
NC_053230.1	12097000	12098000
NC_053230.1	12098000	12099000
NC_053230.1	12099000	12100000
NC_053230.1	12100000	12101000
NC_053230.1	12101000	12102000
NC_053230.1	12102000	12103000
NC_053230.1	12103000	12104000
NC_053230.1	12104000	12105000
NC_053230.1	12105000	12106000
NC_053230.1	12106000	12107000
NC_053230.1	12108000	12109000
NC_053230.1	12109000	12110000
NC_053230.1	12110000	12111000
NC_053230.1	12111000	12112000
NC_053230.1	12112000	12113000
NC_053230.1	12113000	12114000
NC_053230.1	12114000	12115000
NC_053230.1	12115000	12116000
NC_053230.1	12117000	12118000
NC_053230.1	12118000	12119000
NC_053230.1	12119000	12120000
NC_053230.1	12120000	12121000
NC_053230.1	12122000	12123000
NC_053230.1	12123000	12124000
NC_053230.1	12124000	12125000
NC_053230.1	12125000	12126000
NC_053230.1	12126000	12127000
NC_053230.1	12127000	12128000
NC_053230.1	12128000	12129000
NC_053230.1	12129000	12130000
NC_053230.1	12130000	12131000
NC_053230.1	12131000	12132000
NC_053230.1	12132000	12133000
NC_053230.1	12133000	12134000
NC_053230.1	12134000	12135000
NC_053230.1	12135000	12136000
NC_053230.1	12136000	12137000
NC_053230.1	12137000	12138000
NC_053230.1	12138000	12139000
NC_053230.1	12139000	12140000
NC_053230.1	12140000	12141000
NC_053230.1	12141000	12142000
NC_053230.1	12142000	12143000
NC_053230.1	12143000	12144000
NC_053230.1	12144000	12145000
NC_053230.1	12145000	12146000
NC_053230.1	12146000	12147000
NC_053230.1	12147000	12148000
NC_053230.1	12148000	12149000
NC_053230.1	12150000	12151000
NC_053230.1	12151000	12152000
NC_053230.1	12152000	12153000
NC_053230.1	12154000	12155000
NC_053230.1	12155000	12156000
NC_053230.1	12156000	12157000
NC_053230.1	12157000	12158000
NC_053230.1	12159000	12160000
NC_053230.1	12160000	12161000
NC_053230.1	12161000	12162000
NC_053230.1	12162000	12163000
NC_053230.1	12163000	12164000
NC_053230.1	12164000	12165000
NC_053230.1	12165000	12166000
NC_053230.1	12166000	12167000
NC_053230.1	12167000	12168000
NC_053230.1	12168000	12169000
NC_053230.1	12169000	12170000
NC_053230.1	12170000	12171000
NC_053230.1	12171000	12172000
NC_053230.1	12172000	12173000
NC_053230.1	12173000	12174000
NC_053230.1	12174000	12175000
NC_053230.1	12175000	12176000
NC_053230.1	12176000	12177000
NC_053230.1	12177000	12178000
NC_053230.1	12178000	12179000
NC_053230.1	12179000	12180000
NC_053230.1	12180000	12181000
NC_053230.1	12181000	12182000
NC_053230.1	12182000	12183000
NC_053230.1	12183000	12184000
NC_053230.1	12184000	12185000
NC_053230.1	12185000	12186000
NC_053230.1	12186000	12187000
NC_053230.1	12187000	12188000
NC_053230.1	12188000	12189000
NC_053230.1	12189000	12190000
NC_053230.1	12193000	12194000
NC_053230.1	12194000	12195000
NC_053230.1	12195000	12196000
NC_053230.1	12196000	12197000
NC_053230.1	12197000	12198000
NC_053230.1	12198000	12199000
NC_053230.1	12199000	12200000
NC_053230.1	12201000	12202000
NC_053230.1	12202000	12203000
NC_053230.1	12203000	12204000
NC_053230.1	12204000	12205000
NC_053230.1	12205000	12206000
NC_053230.1	12211000	12212000
NC_053230.1	12212000	12213000
NC_053230.1	12213000	12214000
NC_053230.1	12214000	12215000
NC_053230.1	12215000	12216000
NC_053230.1	12216000	12217000
NC_053230.1	12217000	12218000
NC_053230.1	12218000	12219000
NC_053230.1	12219000	12220000
NC_053230.1	12220000	12221000
NC_053230.1	12221000	12222000
NC_053230.1	12224000	12225000
NC_053230.1	12225000	12226000
NC_053230.1	12226000	12227000
NC_053230.1	12227000	12228000
NC_053230.1	12228000	12229000
NC_053230.1	12229000	12230000
NC_053230.1	12230000	12231000
NC_053230.1	12231000	12232000
NC_053230.1	12232000	12233000
NC_053230.1	12233000	12234000
NC_053230.1	12234000	12235000
NC_053230.1	12235000	12236000
NC_053230.1	12236000	12237000
NC_053230.1	12237000	12238000
NC_053230.1	12238000	12239000
NC_053230.1	12239000	12240000
NC_053230.1	12240000	12241000
NC_053230.1	12241000	12242000
NC_053230.1	12242000	12243000
NC_053230.1	12243000	12244000
NC_053230.1	12244000	12245000
NC_053230.1	12245000	12246000
NC_053230.1	12246000	12247000
NC_053230.1	12247000	12248000
NC_053230.1	12248000	12249000
NC_053230.1	12249000	12250000
NC_053230.1	12250000	12251000
NC_053230.1	12251000	12252000
NC_053230.1	12252000	12253000
NC_053230.1	12253000	12254000
NC_053230.1	12254000	12255000
NC_053230.1	12255000	12256000
NC_053230.1	12256000	12257000
NC_053230.1	12257000	12258000
NC_053230.1	12258000	12259000
NC_053230.1	12259000	12260000
NC_053230.1	12260000	12261000
NC_053230.1	12261000	12262000
NC_053230.1	12262000	12263000
NC_053230.1	12263000	12264000
NC_053230.1	12264000	12265000
NC_053230.1	12265000	12266000
NC_053230.1	12266000	12267000
NC_053230.1	12267000	12268000
NC_053230.1	12268000	12269000
NC_053230.1	12269000	12270000
NC_053230.1	12270000	12271000
NC_053230.1	12271000	12272000
NC_053230.1	12272000	12273000
NC_053230.1	12273000	12274000
NC_053230.1	12274000	12275000
NC_053230.1	12275000	12276000
NC_053230.1	12277000	12278000
NC_053230.1	12278000	12279000
NC_053230.1	12279000	12280000
NC_053230.1	12281000	12282000
NC_053230.1	12282000	12283000
NC_053230.1	12283000	12284000
NC_053230.1	12284000	12285000
NC_053230.1	12285000	12286000
NC_053230.1	12286000	12287000
NC_053230.1	12287000	12288000
NC_053230.1	12288000	12289000
NC_053230.1	12289000	12290000
NC_053230.1	12290000	12291000
NC_053230.1	12291000	12292000
NC_053230.1	12292000	12293000
NC_053230.1	12293000	12294000
NC_053230.1	12294000	12295000
NC_053230.1	12295000	12296000
NC_053230.1	12296000	12297000
NC_053230.1	12297000	12298000
NC_053230.1	12298000	12299000
NC_053230.1	12299000	12300000
NC_053230.1	12300000	12301000
NC_053230.1	12301000	12302000
NC_053230.1	12308000	12309000
NC_053230.1	12310000	12311000
NC_053230.1	12311000	12312000
NC_053230.1	12312000	12313000
NC_053230.1	12313000	12314000
NC_053230.1	12314000	12315000
NC_053230.1	12315000	12316000
NC_053230.1	12316000	12317000
NC_053230.1	12317000	12318000
NC_053230.1	12318000	12319000
NC_053230.1	12319000	12320000
NC_053230.1	12320000	12321000
NC_053230.1	12321000	12322000
NC_053230.1	12322000	12323000
NC_053230.1	12323000	12324000
NC_053230.1	12325000	12326000
NC_053230.1	12326000	12327000
NC_053230.1	12327000	12328000
NC_053230.1	12328000	12329000
NC_053230.1	12330000	12331000
NC_053230.1	12331000	12332000
NC_053230.1	12332000	12333000
NC_053230.1	12333000	12334000
NC_053230.1	12334000	12335000
NC_053230.1	12335000	12336000
NC_053230.1	12336000	12337000
NC_053230.1	12337000	12338000
NC_053230.1	12338000	12339000
NC_053230.1	12339000	12340000
NC_053230.1	12340000	12341000
NC_053230.1	12341000	12342000
NC_053230.1	12342000	12343000
NC_053230.1	12343000	12344000
NC_053230.1	12344000	12345000
NC_053230.1	12345000	12346000
NC_053230.1	12347000	12348000
NC_053230.1	12348000	12349000
NC_053230.1	12349000	12350000
NC_053230.1	12350000	12351000
NC_053230.1	12351000	12352000
NC_053230.1	12352000	12353000
NC_053230.1	12353000	12354000
NC_053230.1	12355000	12356000
NC_053230.1	12356000	12357000
NC_053230.1	12357000	12358000
NC_053230.1	12358000	12359000
NC_053230.1	12359000	12360000
NC_053230.1	12360000	12361000
NC_053230.1	12361000	12362000
NC_053230.1	12362000	12363000
NC_053230.1	12363000	12364000
NC_053230.1	12364000	12365000
NC_053230.1	12365000	12366000
NC_053230.1	12367000	12368000
NC_053230.1	12368000	12369000
NC_053230.1	12369000	12370000
NC_053230.1	12370000	12371000
NC_053230.1	12375000	12376000
NC_053230.1	12376000	12377000
NC_053230.1	12377000	12378000
NC_053230.1	12378000	12379000
NC_053230.1	12379000	12380000
NC_053230.1	12380000	12381000
NC_053230.1	12381000	12382000
NC_053230.1	12382000	12383000
NC_053230.1	12383000	12384000
NC_053230.1	12384000	12385000
NC_053230.1	12387000	12388000
NC_053230.1	12388000	12389000
NC_053230.1	12393000	12394000
NC_053230.1	12395000	12396000
NC_053230.1	12397000	12398000
NC_053230.1	12398000	12399000
NC_053230.1	12400000	12401000
NC_053230.1	12401000	12402000
NC_053230.1	12404000	12405000
NC_053230.1	12405000	12406000
NC_053230.1	12406000	12407000
NC_053230.1	12407000	12408000
NC_053230.1	12408000	12409000
NC_053230.1	12409000	12410000
NC_053230.1	12410000	12411000
NC_053230.1	12411000	12412000
NC_053230.1	12412000	12413000
NC_053230.1	12413000	12414000
NC_053230.1	12414000	12415000
NC_053230.1	12415000	12416000
NC_053230.1	12416000	12417000
NC_053230.1	12417000	12418000
NC_053230.1	12418000	12419000
NC_053230.1	12419000	12420000
NC_053230.1	12420000	12421000
NC_053230.1	12421000	12422000
NC_053230.1	12422000	12423000
NC_053230.1	12423000	12424000
NC_053230.1	12424000	12425000
NC_053230.1	12425000	12426000
NC_053230.1	12426000	12427000
NC_053230.1	12427000	12428000
NC_053230.1	12428000	12429000
NC_053230.1	12431000	12432000
NC_053230.1	12439000	12440000
NC_053230.1	12440000	12441000
NC_053230.1	12441000	12442000
NC_053230.1	12442000	12443000
NC_053230.1	12450000	12451000
NC_053230.1	12451000	12452000
NC_053230.1	12453000	12454000
NC_053230.1	12454000	12455000
NC_053230.1	12458000	12459000
NC_053230.1	12459000	12460000
NC_053230.1	12460000	12461000
NC_053230.1	12461000	12462000
NC_053230.1	12462000	12463000
NC_053230.1	12463000	12464000
NC_053230.1	12464000	12465000
NC_053230.1	12465000	12466000
NC_053230.1	12466000	12467000
NC_053230.1	12483000	12484000
NC_053230.1	12484000	12485000
NC_053230.1	12485000	12486000
NC_053230.1	12486000	12487000
NC_053230.1	12487000	12488000
NC_053230.1	12488000	12489000
NC_053230.1	12489000	12490000
NC_053230.1	12490000	12491000
NC_053230.1	12491000	12492000
NC_053230.1	12527000	12528000
NC_053230.1	12528000	12529000
NC_053230.1	12529000	12530000
NC_053230.1	12530000	12531000
NC_053230.1	12531000	12532000
NC_053230.1	12532000	12533000
NC_053230.1	12533000	12534000
NC_053230.1	12534000	12535000
NC_053230.1	12634000	12635000
NC_053230.1	12635000	12636000
NC_053230.1	12637000	12638000
NC_053230.1	12654000	12655000
NC_053230.1	12655000	12656000
NC_053230.1	12656000	12657000
NC_053230.1	12657000	12658000
NC_053230.1	12658000	12659000
NC_053230.1	12659000	12660000
NC_053230.1	12663000	12664000
NC_053230.1	12664000	12665000
NC_053230.1	12665000	12666000
NC_053230.1	12666000	12667000
NC_053230.1	12668000	12669000
NC_053230.1	12669000	12670000
NC_053230.1	12670000	12671000
NC_053230.1	12672000	12673000
NC_053230.1	12673000	12674000
NC_053230.1	12674000	12675000
NC_053230.1	13038000	13039000
NC_053230.1	13051000	13052000
NC_053230.1	13053000	13054000
NC_053230.1	13054000	13055000
NC_053230.1	13219000	13220000
NC_053230.1	13220000	13221000
NC_053230.1	13221000	13222000
NC_053230.1	13222000	13223000
NC_053230.1	13223000	13224000
NC_053230.1	13224000	13225000
NC_053230.1	13226000	13227000
NC_053230.1	13227000	13228000
NC_053230.1	13228000	13229000
NC_053230.1	13229000	13230000
NC_053230.1	13230000	13231000
NC_053230.1	13283000	13284000
NC_053230.1	13287000	13288000
NC_053230.1	13288000	13289000
NC_053230.1	13289000	13290000
NC_053230.1	13290000	13291000
NC_053230.1	13291000	13292000
NC_053230.1	13295000	13296000
NC_053230.1	13296000	13297000
NC_053230.1	13297000	13298000
NC_053230.1	13854000	13855000
NC_053230.1	13857000	13858000
NC_053230.1	13860000	13861000
NC_053230.1	13863000	13864000
NC_053230.1	13868000	13869000
NC_053230.1	13869000	13870000
NC_053230.1	13870000	13871000
NC_053230.1	13873000	13874000
NC_053230.1	13875000	13876000
NC_053230.1	13876000	13877000
NC_053230.1	13878000	13879000
NC_053230.1	13879000	13880000
NC_053230.1	13909000	13910000
NC_053230.1	14146000	14147000
NC_053230.1	14147000	14148000
NC_053230.1	14148000	14149000
NC_053230.1	14152000	14153000
NC_053230.1	14153000	14154000
NC_053230.1	14225000	14226000
NC_053230.1	14226000	14227000
NC_053230.1	14239000	14240000
NC_053230.1	14240000	14241000
NC_053230.1	14243000	14244000
NC_053230.1	14245000	14246000
NC_053230.1	14246000	14247000
NC_053230.1	14247000	14248000
NC_053230.1	14248000	14249000
NC_053230.1	14259000	14260000
NC_053230.1	14261000	14262000
NC_053230.1	14442000	14443000
NC_053230.1	14443000	14444000
NC_053230.1	14444000	14445000
NC_053230.1	14446000	14447000
NC_053230.1	14447000	14448000
NC_053230.1	14448000	14449000
NC_053230.1	14450000	14451000
NC_053230.1	14457000	14458000
NC_053230.1	14906000	14907000
NC_053230.1	14910000	14911000
NC_053230.1	14911000	14912000
NC_053230.1	14912000	14913000
NC_053230.1	14913000	14914000
NC_053230.1	14916000	14917000
NC_053230.1	14918000	14919000
NC_053230.1	14920000	14921000
NC_053230.1	14921000	14922000
NC_053230.1	14922000	14923000
NC_053230.1	15037000	15038000
NC_053230.1	15039000	15040000
NC_053230.1	15040000	15041000
NC_053230.1	15041000	15042000
NC_053230.1	15043000	15044000
NC_053230.1	15044000	15045000
NC_053230.1	15046000	15047000
NC_053230.1	15047000	15048000
NC_053230.1	15049000	15050000
NC_053230.1	15051000	15052000
NC_053230.1	15054000	15055000
NC_053230.1	15055000	15056000
NC_053230.1	15056000	15057000
NC_053230.1	15078000	15079000
NC_053230.1	15079000	15080000
NC_053230.1	15263000	15264000
NC_053230.1	15268000	15269000
NC_053230.1	15270000	15271000
NC_053230.1	15273000	15274000
NC_053230.1	15274000	15275000
NC_053230.1	15275000	15276000
NC_053230.1	15277000	15278000
NC_053230.1	15283000	15284000
NC_053230.1	15284000	15285000
NC_053230.1	15285000	15286000
NC_053230.1	15287000	15288000
NC_053230.1	15288000	15289000
NC_053230.1	15289000	15290000
NC_053230.1	15310000	15311000
NC_053230.1	15311000	15312000
NC_053230.1	15312000	15313000
NC_053230.1	15313000	15314000
NC_053230.1	15314000	15315000
NC_053230.1	15315000	15316000
NC_053230.1	15344000	15345000
NC_053230.1	15401000	15402000
NC_053230.1	15404000	15405000
NC_053230.1	15408000	15409000
NC_053230.1	15409000	15410000
NC_053230.1	15410000	15411000
NC_053230.1	15411000	15412000
NC_053230.1	15412000	15413000
NC_053230.1	15413000	15414000
NC_053230.1	15414000	15415000
NC_053230.1	15415000	15416000
NC_053230.1	15418000	15419000
NC_053230.1	15451000	15452000
NC_053230.1	15452000	15453000
NC_053230.1	15462000	15463000
NC_053230.1	15468000	15469000
NC_053230.1	15469000	15470000
NC_053230.1	15497000	15498000
NC_053230.1	15498000	15499000
NC_053230.1	15544000	15545000
NC_053230.1	15549000	15550000
NC_053230.1	15551000	15552000
NC_053230.1	15552000	15553000
NC_053230.1	15555000	15556000
NC_053230.1	15557000	15558000
NC_053230.1	15558000	15559000
NC_053230.1	15559000	15560000
NC_053230.1	15560000	15561000
NC_053230.1	15561000	15562000
NC_053230.1	15563000	15564000
NC_053230.1	15564000	15565000
NC_053230.1	15565000	15566000
NC_053230.1	15566000	15567000
NC_053230.1	15567000	15568000
NC_053230.1	15590000	15591000
NC_053230.1	15636000	15637000
NC_053230.1	15638000	15639000
NC_053230.1	15640000	15641000
NC_053230.1	15641000	15642000
NC_053230.1	15787000	15788000
NC_053230.1	15788000	15789000
NC_053230.1	15789000	15790000
NC_053230.1	15790000	15791000
NC_053230.1	15791000	15792000
NC_053230.1	15792000	15793000
NC_053230.1	15793000	15794000
NC_053230.1	15794000	15795000
NC_053230.1	15795000	15796000
NC_053230.1	15796000	15797000
NC_053230.1	15797000	15798000
NC_053230.1	15798000	15799000
NC_053230.1	15799000	15800000
NC_053230.1	15802000	15803000
NC_053230.1	15803000	15804000
NC_053230.1	15826000	15827000
NC_053230.1	15827000	15828000
NC_053230.1	15830000	15831000
NC_053230.1	15831000	15832000
NC_053230.1	15832000	15833000
NC_053230.1	15833000	15834000
NC_053230.1	15834000	15835000
NC_053230.1	15835000	15836000
NC_053230.1	15836000	15837000
NC_053230.1	15837000	15838000
NC_053230.1	15840000	15841000
NC_053230.1	15842000	15843000
NC_053230.1	15882000	15883000
NC_053230.1	15883000	15884000
NC_053230.1	15884000	15885000
NC_053230.1	15885000	15886000
NC_053230.1	15886000	15887000
NC_053230.1	15887000	15888000
NC_053230.1	15888000	15889000
NC_053230.1	15889000	15890000
NC_053230.1	15891000	15892000
NC_053230.1	15894000	15895000
NC_053230.1	15926000	15927000
NC_053230.1	15928000	15929000
NC_053230.1	16203000	16204000
NC_053230.1	16204000	16205000
NC_053230.1	16205000	16206000
NC_053230.1	16206000	16207000
NC_053230.1	16207000	16208000
NC_053230.1	16208000	16209000
NC_053230.1	16212000	16213000
NC_053230.1	16213000	16214000
NC_053230.1	16214000	16215000
NC_053230.1	16215000	16216000
NC_053230.1	16216000	16217000
NC_053230.1	16217000	16218000
NC_053230.1	16218000	16219000
NC_053230.1	16219000	16220000
NC_053230.1	16220000	16221000
NC_053230.1	16221000	16222000
NC_053230.1	16265000	16266000
NC_053230.1	16266000	16267000
NC_053230.1	16267000	16268000
NC_053230.1	16268000	16269000
NC_053230.1	16269000	16270000
NC_053230.1	16270000	16271000
NC_053230.1	16271000	16272000
NC_053230.1	16272000	16273000
NC_053230.1	16273000	16274000
NC_053230.1	16274000	16275000
NC_053230.1	16277000	16278000
NC_053230.1	16278000	16279000
NC_053230.1	16291000	16292000
NC_053230.1	16292000	16293000
NC_053230.1	16297000	16298000
NC_053230.1	16298000	16299000
NC_053230.1	16309000	16310000
NC_053230.1	16312000	16313000
NC_053230.1	16313000	16314000
NC_053230.1	16314000	16315000
NC_053230.1	16315000	16316000
NC_053230.1	16316000	16317000
NC_053230.1	16317000	16318000
NC_053230.1	16327000	16328000
NC_053230.1	16328000	16329000
NC_053230.1	16329000	16330000
NC_053230.1	16330000	16331000
NC_053230.1	16331000	16332000
NC_053230.1	16332000	16333000
NC_053230.1	16333000	16334000
NC_053230.1	16334000	16335000
NC_053230.1	16335000	16336000
NC_053230.1	16336000	16337000
NC_053230.1	16337000	16338000
NC_053230.1	16338000	16339000
NC_053230.1	16339000	16340000
NC_053230.1	16340000	16341000
NC_053230.1	16346000	16347000
NC_053230.1	16347000	16348000
NC_053230.1	16348000	16349000
NC_053230.1	16349000	16350000
NC_053230.1	16386000	16387000
NC_053230.1	16387000	16388000
NC_053230.1	16388000	16389000
NC_053230.1	16389000	16390000
NC_053230.1	16390000	16391000
NC_053230.1	16644000	16645000
NC_053230.1	16645000	16646000
NC_053230.1	16646000	16647000
NC_053230.1	16647000	16648000
NC_053230.1	16678000	16679000
NC_053230.1	16679000	16680000
NC_053230.1	16680000	16681000
NC_053230.1	16704000	16705000
NC_053230.1	16705000	16706000
NC_053230.1	16706000	16707000
NC_053230.1	16708000	16709000
NC_053230.1	16709000	16710000
NC_053230.1	16710000	16711000
NC_053230.1	16711000	16712000
NC_053230.1	16712000	16713000
NC_053230.1	16713000	16714000
NC_053230.1	16714000	16715000
NC_053230.1	16715000	16716000
NC_053230.1	16716000	16717000
NC_053230.1	16717000	16718000
NC_053230.1	16718000	16719000
NC_053230.1	16738000	16739000
NC_053230.1	16739000	16740000
NC_053230.1	16740000	16741000
NC_053230.1	16741000	16742000
NC_053230.1	16742000	16743000
NC_053230.1	16743000	16744000
NC_053230.1	16744000	16745000
NC_053230.1	16745000	16746000
NC_053230.1	16746000	16747000
NC_053230.1	16748000	16749000
NC_053230.1	16749000	16750000
NC_053230.1	16750000	16751000
NC_053230.1	16751000	16752000
NC_053230.1	16752000	16753000
NC_053230.1	16763000	16764000
NC_053230.1	16764000	16765000
NC_053230.1	16765000	16766000
NC_053230.1	16766000	16767000
NC_053230.1	16767000	16768000
NC_053230.1	16769000	16770000
NC_053230.1	16804000	16805000
NC_053230.1	16805000	16806000
NC_053230.1	16807000	16808000
NC_053230.1	16808000	16809000
NC_053230.1	16809000	16810000
NC_053230.1	16810000	16811000
NC_053230.1	16811000	16812000
NC_053230.1	16812000	16813000
NC_053230.1	16813000	16814000
NC_053230.1	16814000	16815000
NC_053230.1	16816000	16817000
NC_053230.1	16819000	16820000
NC_053230.1	16820000	16821000
NC_053230.1	16821000	16822000
NC_053230.1	16822000	16823000
NC_053230.1	16823000	16824000
NC_053230.1	16825000	16826000
NC_053230.1	16826000	16827000
NC_053230.1	16832000	16833000
NC_053230.1	16833000	16834000
NC_053230.1	16834000	16835000
NC_053230.1	16835000	16836000
NC_053230.1	16836000	16837000
NC_053230.1	16837000	16838000
NC_053230.1	16840000	16841000
NC_053230.1	16841000	16842000
NC_053230.1	16842000	16843000
NC_053230.1	16843000	16844000
NC_053230.1	16886000	16887000
NC_053230.1	16889000	16890000
NC_053230.1	16892000	16893000
NC_053230.1	16894000	16895000
NC_053230.1	16895000	16896000
NC_053230.1	16896000	16897000
NC_053230.1	16897000	16898000
NC_053230.1	16898000	16899000
NC_053230.1	16899000	16900000
NC_053230.1	16900000	16901000
NC_053230.1	16928000	16929000
NC_053230.1	16937000	16938000
NC_053230.1	16938000	16939000
NC_053230.1	16939000	16940000
NC_053230.1	16940000	16941000
NC_053230.1	16941000	16942000
NC_053230.1	16942000	16943000
NC_053230.1	16943000	16944000
NC_053230.1	16944000	16945000
NC_053230.1	16945000	16946000
NC_053230.1	16946000	16947000
NC_053230.1	16947000	16948000
NC_053230.1	17020000	17021000
NC_053230.1	17021000	17022000
NC_053230.1	17022000	17023000
NC_053230.1	17024000	17025000
NC_053230.1	17025000	17026000
NC_053230.1	17026000	17027000
NC_053230.1	17027000	17028000
NC_053230.1	17028000	17029000
NC_053230.1	17029000	17030000
NC_053230.1	17391000	17392000
NC_053230.1	17393000	17394000
NC_053230.1	17409000	17410000
NC_053230.1	17410000	17411000
NC_053230.1	17415000	17416000
NC_053230.1	17418000	17419000
NC_053230.1	17424000	17425000
NC_053230.1	17425000	17426000
NC_053230.1	17426000	17427000
NC_053230.1	17428000	17429000
NC_053230.1	17429000	17430000
NC_053230.1	17430000	17431000
NC_053230.1	17431000	17432000
NC_053230.1	17432000	17433000
NC_053230.1	17439000	17440000
NC_053230.1	17440000	17441000
NC_053230.1	17441000	17442000
NC_053230.1	17442000	17443000
NC_053230.1	17443000	17444000
NC_053230.1	17444000	17445000
NC_053230.1	17445000	17446000
NC_053230.1	17446000	17447000
NC_053230.1	17447000	17448000
NC_053230.1	17448000	17449000
NC_053230.1	17449000	17450000
NC_053230.1	17450000	17451000
NC_053230.1	17451000	17452000
NC_053230.1	17452000	17453000
NC_053230.1	17453000	17454000
NC_053230.1	17454000	17455000
NC_053230.1	17455000	17456000
NC_053230.1	17456000	17457000
NC_053230.1	17459000	17460000
NC_053230.1	17460000	17461000
NC_053230.1	17493000	17494000
NC_053230.1	17506000	17507000
NC_053230.1	17542000	17543000
NC_053230.1	17543000	17544000
NC_053230.1	17544000	17545000
NC_053230.1	17545000	17546000
NC_053230.1	17546000	17547000
NC_053230.1	17547000	17548000
NC_053230.1	17548000	17549000
NC_053230.1	17549000	17550000
NC_053230.1	17550000	17551000
NC_053230.1	17678000	17679000
NC_053230.1	17679000	17680000
NC_053230.1	17681000	17682000
NC_053230.1	17682000	17683000
NC_053230.1	17683000	17684000
NC_053230.1	17684000	17685000
NC_053230.1	17770000	17771000
NC_053230.1	17772000	17773000
NC_053230.1	17785000	17786000
NC_053230.1	17786000	17787000
NC_053230.1	17787000	17788000
NC_053230.1	17788000	17789000
NC_053230.1	17789000	17790000
NC_053230.1	17790000	17791000
NC_053230.1	17791000	17792000
NC_053230.1	17835000	17836000
NC_053230.1	17837000	17838000
NC_053230.1	17839000	17840000
NC_053230.1	17840000	17841000
NC_053230.1	17841000	17842000
NC_053230.1	17842000	17843000
NC_053230.1	17843000	17844000
NC_053230.1	17844000	17845000
NC_053230.1	17851000	17852000
NC_053230.1	17852000	17853000
NC_053230.1	17972000	17973000
NC_053230.1	17973000	17974000
NC_053230.1	17974000	17975000
NC_053230.1	17976000	17977000
NC_053230.1	17977000	17978000
NC_053230.1	17978000	17979000
NC_053230.1	17979000	17980000
NC_053230.1	17980000	17981000
NC_053230.1	17981000	17982000
NC_053230.1	17982000	17983000
NC_053230.1	17986000	17987000
NC_053230.1	17987000	17988000
NC_053230.1	17988000	17989000
NC_053230.1	17989000	17990000
NC_053230.1	17991000	17992000
NC_053230.1	17998000	17999000
NC_053230.1	17999000	18000000
NC_053230.1	18000000	18001000
NC_053230.1	18001000	18002000
NC_053230.1	18002000	18003000
NC_053230.1	18008000	18009000
NC_053230.1	18117000	18118000
NC_053230.1	18118000	18119000
NC_053230.1	18119000	18120000
NC_053230.1	18120000	18121000
NC_053230.1	18121000	18122000
NC_053230.1	18218000	18219000
NC_053230.1	18219000	18220000
NC_053230.1	18220000	18221000
NC_053230.1	18221000	18222000
NC_053230.1	18222000	18223000
NC_053230.1	18223000	18224000
NC_053230.1	18224000	18225000
NC_053230.1	18226000	18227000
NC_053230.1	18227000	18228000
NC_053230.1	18228000	18229000
NC_053230.1	18229000	18230000
NC_053230.1	18230000	18231000
NC_053230.1	18231000	18232000
NC_053230.1	18234000	18235000
NC_053230.1	18235000	18236000
NC_053230.1	18240000	18241000
NC_053230.1	18241000	18242000
NC_053230.1	18242000	18243000
NC_053230.1	18247000	18248000
NC_053230.1	18248000	18249000
NC_053230.1	18249000	18250000
NC_053230.1	18250000	18251000
NC_053230.1	18251000	18252000
NC_053230.1	18252000	18253000
NC_053230.1	18253000	18254000
NC_053230.1	18266000	18267000
NC_053230.1	18267000	18268000
NC_053230.1	18268000	18269000
NC_053230.1	18301000	18302000
NC_053230.1	18302000	18303000
NC_053230.1	18304000	18305000
NC_053230.1	18305000	18306000
NC_053230.1	18306000	18307000
NC_053230.1	18307000	18308000
NC_053230.1	18308000	18309000
NC_053230.1	18309000	18310000
NC_053230.1	18310000	18311000
NC_053230.1	18311000	18312000
NC_053230.1	18312000	18313000
NC_053230.1	18313000	18314000
NC_053230.1	18314000	18315000
NC_053230.1	18315000	18316000
NC_053230.1	18316000	18317000
NC_053230.1	18319000	18320000
NC_053230.1	18320000	18321000
NC_053230.1	18328000	18329000
NC_053230.1	18330000	18331000
NC_053230.1	18333000	18334000
NC_053230.1	18335000	18336000
NC_053230.1	18336000	18337000
NC_053230.1	18337000	18338000
NC_053230.1	18338000	18339000
NC_053230.1	18339000	18340000
NC_053230.1	18340000	18341000
NC_053230.1	18341000	18342000
NC_053230.1	18343000	18344000
NC_053230.1	18345000	18346000
NC_053230.1	18346000	18347000
NC_053230.1	18347000	18348000
NC_053230.1	18348000	18349000
NC_053230.1	18349000	18350000
NC_053230.1	18356000	18357000
NC_053230.1	18357000	18358000
NC_053230.1	18366000	18367000
NC_053230.1	18367000	18368000
NC_053230.1	18368000	18369000
NC_053230.1	18369000	18370000
NC_053230.1	18370000	18371000
NC_053230.1	18371000	18372000
NC_053230.1	18372000	18373000
NC_053230.1	18373000	18374000
NC_053230.1	18374000	18375000
NC_053230.1	18375000	18376000
NC_053230.1	18376000	18377000
NC_053230.1	18378000	18379000
NC_053230.1	18379000	18380000
NC_053230.1	18380000	18381000
NC_053230.1	18381000	18382000
NC_053230.1	18383000	18384000
NC_053230.1	18384000	18385000
NC_053230.1	18385000	18386000
NC_053230.1	18386000	18387000
NC_053230.1	18387000	18388000
NC_053230.1	18388000	18389000
NC_053230.1	18389000	18390000
NC_053230.1	18895000	18896000
NC_053230.1	18896000	18897000
NC_053230.1	18897000	18898000
NC_053230.1	18900000	18901000
NC_053230.1	19357000	19358000
NC_053230.1	19358000	19359000
NC_053230.1	19359000	19360000
NC_053230.1	19369000	19370000
NC_053230.1	19377000	19378000
NC_053230.1	19378000	19379000
NC_053230.1	19379000	19380000
NC_053230.1	19380000	19381000
NC_053230.1	19383000	19384000
NC_053230.1	19384000	19385000
NC_053230.1	19385000	19386000
NC_053230.1	19386000	19387000
NC_053230.1	19387000	19388000
NC_053230.1	19388000	19389000
NC_053230.1	19389000	19390000
NC_053230.1	19390000	19391000
NC_053230.1	19576000	19577000
NC_053230.1	19578000	19579000
NC_053230.1	20031000	20032000
NC_053230.1	20134000	20135000
NC_053230.1	20355000	20356000
NC_053230.1	20443000	20444000
NC_053230.1	20445000	20446000
NC_053230.1	20507000	20508000
